quarter,pricing,volume,organic_sales
2021-03-31,2.0,2.0,7.0
2021-06-30,4.0,1.0,6.0
2021-09-30,2.0,0.0,2.0
2021-12-31,2.0,1.0,2.0
2022-03-31,4.0,-1.0,3.0
2022-06-30,6.0,-2.0,0.0
2022-09-30,7.0,-1.0,4.0
2022-12-31,9.0,-4.0,3.0
2023-03-31,8.0,0.0,7.0
2023-06-30,8.0,-1.0,11.0
2023-09-30,7.0,0.0,5.0
2023-12-31,4.0,-1.0,1.0
2024-03-31,4.0,1.0,3.0
2024-06-30,3.0,1.0,3.0
2024-09-30,1.0,0.0,-2.0
2024-12-31,2.0,0.0,2.0
2025-03-31,3.0,1.0,2.0
2025-06-30,1.0,1.0,1.0
2025-09-30,2.0,4.0,6.0
2025-12-31,2.0,3.0,4.0
2026-03-31,1.0,5.0,7.0
