observation_date,CUUR0000SEGB_20260113
2021-01-01,159.785
2021-02-01,160.214
2021-03-01,159.962
2021-04-01,160.308
2021-05-01,159.678
2021-06-01,159.296
2021-07-01,159.111
2021-08-01,159.966
2021-09-01,159.755
2021-10-01,160.038
2021-11-01,159.359
2021-12-01,159.060
2022-01-01,160.224
2022-02-01,161.496
2022-03-01,163.175
2022-04-01,163.713
2022-05-01,164.174
2022-06-01,165.353
2022-07-01,167.052
2022-08-01,169.576
2022-09-01,170.217
2022-10-01,170.890
2022-11-01,171.226
2022-12-01,171.058
2023-01-01,171.539
2023-02-01,172.394
2023-03-01,173.801
2023-04-01,174.724
2023-05-01,176.484
2023-06-01,176.846
2023-07-01,177.651
2023-08-01,178.140
2023-09-01,178.898
2023-10-01,179.617
2023-11-01,178.553
2023-12-01,176.620
2024-01-01,177.546
2024-02-01,179.311
2024-03-01,179.706
2024-04-01,179.280
2024-05-01,178.830
2024-06-01,178.682
2024-07-01,179.079
2024-08-01,178.452
2024-09-01,179.154
2024-10-01,179.634
2024-11-01,179.444
2024-12-01,177.536
2025-01-01,178.259
2025-02-01,179.824
2025-03-01,179.746
2025-04-01,180.004
2025-05-01,179.673
2025-06-01,179.830
2025-07-01,179.777
2025-08-01,180.503
2025-09-01,181.816
2025-10-01,
2025-11-01,180.752
2025-12-01,180.246
