observation_date,PCENDC96_20240927
2021-01-01,3213.4
2021-02-01,3145.0
2021-03-01,3327.9
2021-04-01,3337.1
2021-05-01,3309.9
2021-06-01,3366.3
2021-07-01,3315.9
2021-08-01,3354.7
2021-09-01,3351.8
2021-10-01,3366.0
2021-11-01,3369.9
2021-12-01,3347.9
2022-01-01,3350.6
2022-02-01,3331.2
2022-03-01,3334.3
2022-04-01,3334.7
2022-05-01,3332.2
2022-06-01,3319.5
2022-07-01,3292.7
2022-08-01,3307.0
2022-09-01,3324.6
2022-10-01,3320.2
2022-11-01,3307.6
2022-12-01,3298.6
2023-01-01,3337.1
2023-02-01,3345.5
2023-03-01,3305.1
2023-04-01,3329.4
2023-05-01,3324.1
2023-06-01,3325.2
2023-07-01,3345.0
2023-08-01,3347.7
2023-09-01,3362.1
2023-10-01,3369.6
2023-11-01,3375.8
2023-12-01,3399.7
2024-01-01,3375.4
2024-02-01,3356.0
2024-03-01,3392.2
2024-04-01,3377.1
2024-05-01,3390.9
2024-06-01,3397.7
2024-07-01,3419.5
2024-08-01,3420.8
