observation_date,RSHPCS_20240117
2021-01-01,30346
2021-02-01,30033
2021-03-01,32551
2021-04-01,32505
2021-05-01,31859
2021-06-01,32857
2021-07-01,32704
2021-08-01,32956
2021-09-01,32676
2021-10-01,32566
2021-11-01,32890
2021-12-01,32801
2022-01-01,32747
2022-02-01,32335
2022-03-01,32738
2022-04-01,32964
2022-05-01,32898
2022-06-01,33427
2022-07-01,33587
2022-08-01,33627
2022-09-01,33965
2022-10-01,33889
2022-11-01,34094
2022-12-01,33253
2023-01-01,34576
2023-02-01,35131
2023-03-01,35251
2023-04-01,35542
2023-05-01,35928
2023-06-01,36020
2023-07-01,36042
2023-08-01,36567
2023-09-01,36891
2023-10-01,37389
2023-11-01,37310
2023-12-01,36802
