metric,quarter,cutoff,latest_company_quarter,latest_company_publication,series,vintage,vintage_age_days,latest_market_month,target_months_observed,file,forecast_market_growth,market_intercept,market_beta,recent_beta,last_matched_market_growth,market_bias_adjustment
Baby / Feminine / Family volume,2023-06-30,2023-04-21,2023-03-31,2023-04-21,PCENDC96,2023-04-21,0,2023-02-01,0,data/driver_tests/raw/PCENDC96_2023-04-21.csv,-0.2875938616046847,-1.743574112685269,0.05800196171679564,0.05800196171679564,-1.5946298639671008,0
Baby / Feminine / Family volume,2023-09-30,2023-07-28,2023-06-30,2023-07-28,PCENDC96,2023-07-28,0,2023-06-01,0,data/driver_tests/raw/PCENDC96_2023-07-28.csv,0.4788112989289939,-1.8399548488292192,0.07119849461384947,0.5165816665954873,0.4788539696591654,0
Baby / Feminine / Family volume,2023-12-31,2023-10-18,2023-09-30,2023-10-18,PCENDC96,2023-10-18,0,2023-08-01,0,data/driver_tests/raw/PCENDC96_2023-10-18.csv,1.0924781953477458,-1.9505768857216195,0.09587170939261237,0.6115738106984675,0.06199938000619465,0
Baby / Feminine / Family volume,2024-03-31,2024-01-23,2023-12-31,2024-01-23,PCENDC96,2024-01-23,0,2023-11-01,0,data/driver_tests/raw/PCENDC96_2024-01-23.csv,1.39166817713261,-2.096840862775915,0.10697699205623092,0.6926093931359639,1.4338645058288524,0
Baby / Feminine / Family volume,2024-06-30,2024-04-19,2024-03-31,2024-04-19,PCENDC96,2024-04-19,0,2024-02-01,0,data/driver_tests/raw/PCENDC96_2024-04-19.csv,1.669924885570362,-2.1092728074600973,0.10769831277078572,1.0990265503592365,2.0298663136464334,-0.08000964413965156
Baby / Feminine / Family volume,2024-09-30,2024-07-30,2024-06-30,2024-07-30,PCENDC96,2024-07-30,0,2024-06-01,0,data/driver_tests/raw/PCENDC96_2024-07-30.csv,1.7457094853091215,-2.1240841491615354,0.10912986302462727,0.7809521172407037,1.745900082947749,-0.18386344489038
Baby / Feminine / Family volume,2024-12-31,2024-10-18,2024-09-30,2024-10-18,PCENDC96,2024-10-18,0,2024-08-01,0,data/driver_tests/raw/PCENDC96_2024-10-18.csv,2.1970378321914286,-2.080534591525106,0.0992450761549538,0.7163942071500852,1.8739916021125014,0.08210041848556818
Baby / Feminine / Family volume,2025-03-31,2025-01-22,2024-12-31,2025-01-22,PCENDC96,2025-01-22,0,2024-11-01,0,data/driver_tests/raw/PCENDC96_2025-01-22.csv,2.3134618459836664,-2.016433027926543,0.09687124776088432,0.8781509732492645,2.247682698810527,0.834181702347378
Baby / Feminine / Family volume,2025-06-30,2025-04-24,2025-03-31,2025-04-24,PCENDC96,2025-04-24,0,2025-02-01,0,data/driver_tests/raw/PCENDC96_2025-04-24.csv,2.4263020900480603,-1.6011825318370596,0.078763160307073,0.9105879764294362,2.1103784092813216,0.939726790474005
Baby / Feminine / Family volume,2025-09-30,2025-07-29,2025-06-30,2025-07-29,PCENDC96,2025-07-29,0,2025-05-01,0,data/driver_tests/raw/PCENDC96_2025-07-29.csv,2.8115539262481226,-1.6379521275411333,0.07876832669396253,0.009183770539736085,2.869532577344036,0.9998086150408795
Baby / Feminine / Family volume,2025-12-31,2025-10-24,2025-09-30,2025-10-24,PCENDC96,2025-10-24,0,2025-08-01,0,data/driver_tests/raw/PCENDC96_2025-10-24.csv,3.299678659475047,-1.6631811981046392,0.1096159424435891,1.1486714660007922,3.2332744751814912,1.0601730671923506
Baby / Feminine / Family volume,2026-03-31,2026-01-23,2025-12-31,2026-01-23,PCENDC96,2026-01-23,0,2025-11-01,0,data/driver_tests/raw/PCENDC96_2026-01-23.csv,2.7279121275772367,-1.5927425892447882,0.10955224516670203,0.9514460649865756,2.996723091540132,-0.13495263186623305
Baby / Feminine / Family volume,2026-06-30,2026-04-24,2026-03-31,2026-04-24,PCENDC96,2026-04-24,0,2026-02-01,0,data/april24_forecast/raw/PCENDC96_2026-04-24.csv,1.3039748661953787,-1.8106477340706817,0.12161704139556496,1.3695116085686678,2.1478108850594646,0.4277434429828071
Beauty organic sales,2023-06-30,2023-04-21,2023-03-31,2023-04-21,RSHPCS,2023-04-21,0,2023-03-01,0,data/driver_tests/raw/RSHPCS_2023-04-21.csv,6.836095891141936,2.8815038640430726,0.12843092168043008,0.20302990890159642,6.828245640946973,0
Beauty organic sales,2023-09-30,2023-07-28,2023-06-30,2023-07-28,RSHPCS,2023-07-28,0,2023-06-01,0,data/driver_tests/raw/RSHPCS_2023-07-28.csv,7.449799072987062,3.106492699515564,0.2162603324240262,0.6893457099010313,7.4433917622303,0
Beauty organic sales,2023-12-31,2023-10-18,2023-09-30,2023-10-18,RSHPCS,2023-10-18,0,2023-09-01,0,data/driver_tests/raw/RSHPCS_2023-10-18.csv,8.004941225849315,2.933870722240048,0.242441753925579,0.8316818328490623,8.006131935515782,0
Beauty organic sales,2024-03-31,2024-01-23,2023-12-31,2024-01-23,RSHPCS,2024-01-23,0,2023-12-01,0,data/driver_tests/raw/RSHPCS_2024-01-23.csv,10.144433671137332,3.0375399527906017,0.17420701754970822,0.460124918005913,10.13967363388517,0
Beauty organic sales,2024-06-30,2024-04-19,2024-03-31,2024-04-19,RSHPCS,2024-04-19,0,2024-03-01,0,data/driver_tests/raw/RSHPCS_2024-04-19.csv,2.703181170429314,2.8939016895557965,0.18862201364879344,0.4457134580752083,2.69474122906721,0.230445889494177
Beauty organic sales,2024-09-30,2024-07-30,2024-06-30,2024-07-30,RSHPCS,2024-07-30,0,2024-06-01,0,data/driver_tests/raw/RSHPCS_2024-07-30.csv,0.0898481386004013,3.0620061710183752,0.15599820975848766,0.34944538990729446,0.08916260685725153,-0.7250930111485034
Beauty organic sales,2024-12-31,2024-10-18,2024-09-30,2024-10-18,RSHPCS,2024-10-18,0,2024-09-01,0,data/driver_tests/raw/RSHPCS_2024-10-18.csv,4.277630284581657,2.3644475622263497,0.205160589481349,0.47839271515041576,4.273198477134077,-1.3948972106807813
Beauty organic sales,2025-03-31,2025-01-22,2024-12-31,2025-01-22,RSHPCS,2025-01-22,0,2024-12-01,0,data/driver_tests/raw/RSHPCS_2025-01-22.csv,2.3333601668064308,2.244826598732285,0.21610218300872552,0.49456301287308624,2.3264143847269825,-1.0658279606668142
Beauty organic sales,2025-06-30,2025-04-24,2025-03-31,2025-04-24,RSHPCS,2025-04-24,0,2025-03-01,0,data/driver_tests/raw/RSHPCS_2025-04-24.csv,6.0208310391030695,2.1205141880765197,0.22018143436944537,0.42215213883527997,6.01973835207712,-0.9338653778111248
Beauty organic sales,2025-09-30,2025-07-29,2025-06-30,2025-07-29,RSHPCS,2025-07-29,0,2025-06-01,0,data/driver_tests/raw/RSHPCS_2025-07-29.csv,8.248404459382597,2.3576845019807906,0.15220422407022347,-0.16123662499009472,8.247422680412363,-1.1891664074589543
Beauty organic sales,2025-12-31,2025-10-24,2025-09-30,2025-10-24,RSHPCS,2025-10-24,0,2025-08-01,0,data/driver_tests/raw/RSHPCS_2025-10-24.csv,6.847594769665077,2.3904470592847953,0.1463961123061077,-0.15318920923298654,8.972706279503285,-0.2563044303024941
Beauty organic sales,2026-03-31,2026-01-23,2025-12-31,2026-01-23,RSHPCS,2026-01-23,0,2025-11-01,0,data/driver_tests/raw/RSHPCS_2026-01-23.csv,6.27123843840478,2.500949651883116,0.15124134392360636,-0.16653122437380033,6.4839354424026885,-0.025161880204619957
Beauty organic sales,2026-06-30,2026-04-24,2026-03-31,2026-04-24,RSHPCS,2026-04-24,0,2026-03-01,0,data/april24_forecast/raw/RSHPCS_2026-04-24.csv,2.2257667190880515,3.1385457952360634,0.08466376322810701,-0.3096922058869423,2.2175244833685603,0.5122944501893707
Beauty volume,2023-06-30,2023-04-21,2023-03-31,2023-04-21,PCENDC96,2023-04-21,0,2023-02-01,0,data/driver_tests/raw/PCENDC96_2023-04-21.csv,-0.2875938616046847,-1.590147424543519,0.2595952767186685,0.2595952767186685,-1.5946298639671008,0
Beauty volume,2023-09-30,2023-07-28,2023-06-30,2023-07-28,PCENDC96,2023-07-28,0,2023-06-01,0,data/driver_tests/raw/PCENDC96_2023-07-28.csv,0.4788112989289939,-1.2747726130030204,0.2298875975334594,0.2856881020333685,0.4788539696591654,0
Beauty volume,2023-12-31,2023-10-18,2023-09-30,2023-10-18,PCENDC96,2023-10-18,0,2023-08-01,0,data/driver_tests/raw/PCENDC96_2023-10-18.csv,1.0924781953477458,-1.4012557107009238,0.24646498130330935,0.3006414660277979,0.06199938000619465,0
Beauty volume,2024-03-31,2024-01-23,2023-12-31,2024-01-23,PCENDC96,2024-01-23,0,2023-11-01,0,data/driver_tests/raw/PCENDC96_2024-01-23.csv,1.39166817713261,-1.2721250368403003,0.23666056696529764,0.34794977040177316,1.4338645058288524,0
Beauty volume,2024-06-30,2024-04-19,2024-03-31,2024-04-19,PCENDC96,2024-04-19,0,2024-02-01,0,data/driver_tests/raw/PCENDC96_2024-04-19.csv,1.669924885570362,-1.2936458597663414,0.23790923849378104,0.31709936140417616,2.0298663136464334,0.48803442702156746
Beauty volume,2024-09-30,2024-07-30,2024-06-30,2024-07-30,PCENDC96,2024-07-30,0,2024-06-01,0,data/driver_tests/raw/PCENDC96_2024-07-30.csv,1.7457094853091215,-0.9489139039053968,0.21389281762222886,0.9360634301002276,1.745900082947749,0.6419781606802055
Beauty volume,2024-12-31,2024-10-18,2024-09-30,2024-10-18,PCENDC96,2024-10-18,0,2024-08-01,0,data/driver_tests/raw/PCENDC96_2024-10-18.csv,2.1970378321914286,-0.9203128740214753,0.21362431278660504,0.7912349269492307,1.8739916021125014,0.5683305793705079
Beauty volume,2025-03-31,2025-01-22,2024-12-31,2025-01-22,PCENDC96,2025-01-22,0,2024-11-01,0,data/driver_tests/raw/PCENDC96_2025-01-22.csv,2.3134618459836664,-0.8874082431352992,0.21240577859322493,0.8215513170466394,2.247682698810527,0.6082023399009004
Beauty volume,2025-06-30,2025-04-24,2025-03-31,2025-04-24,PCENDC96,2025-04-24,0,2025-02-01,0,data/driver_tests/raw/PCENDC96_2025-04-24.csv,2.4263020900480603,-0.8560321226887075,0.2110375405336471,0.15629558475917196,2.1103784092813216,0.539857780086011
Beauty volume,2025-09-30,2025-07-29,2025-06-30,2025-07-29,PCENDC96,2025-07-29,0,2025-05-01,0,data/driver_tests/raw/PCENDC96_2025-07-29.csv,2.8115539262481226,-0.7824463724972401,0.2110272012180314,0.4051180431343738,2.869532577344036,0.4708122794753654
Beauty volume,2025-12-31,2025-10-24,2025-09-30,2025-10-24,PCENDC96,2025-10-24,0,2025-08-01,0,data/driver_tests/raw/PCENDC96_2025-10-24.csv,3.299678659475047,-0.7634621368284027,0.21679107287119095,0.20864278060868505,3.2332744751814912,0.9225138836034595
Beauty volume,2026-03-31,2026-01-23,2025-12-31,2026-01-23,PCENDC96,2026-01-23,0,2025-11-01,0,data/driver_tests/raw/PCENDC96_2026-01-23.csv,2.7279121275772367,-0.5463557353544389,0.21659474465300949,0.4850461871891909,2.996723091540132,1.2471575189981128
Beauty volume,2026-06-30,2026-04-24,2026-03-31,2026-04-24,PCENDC96,2026-04-24,0,2026-02-01,0,data/april24_forecast/raw/PCENDC96_2026-04-24.csv,1.3039748661953787,-0.3620349191083958,0.20638941842942254,-0.02925498550141167,2.1478108850594646,1.6920936097671853
Beauty pricing,2023-06-30,2023-04-21,2023-03-31,2023-04-21,CUUR0000SEGB02,2023-04-21,0,2023-03-01,0,data/driver_tests/raw/CUUR0000SEGB02_2023-04-21.csv,4.897363269647137,3.626762996727095,0.9750244449133881,0.927159620419612,4.891768434790711,0
Beauty pricing,2023-09-30,2023-07-28,2023-06-30,2023-07-28,CUUR0000SEGB02,2023-07-28,0,2023-06-01,0,data/driver_tests/raw/CUUR0000SEGB02_2023-07-28.csv,5.212788093916432,3.619538859126532,0.9372342099281937,0.9164100707517384,5.2129322350291885,0
Beauty pricing,2023-12-31,2023-10-18,2023-09-30,2023-10-18,CUUR0000SEGB02,2023-10-18,0,2023-09-01,0,data/driver_tests/raw/CUUR0000SEGB02_2023-10-18.csv,3.5043870239983343,3.6246133462369228,0.9397955536809612,0.8320289727368597,3.4916634214587683,0
Beauty pricing,2024-03-31,2024-01-23,2023-12-31,2024-01-23,CUUR0000SEGB02,2024-01-23,0,2023-12-01,0,data/driver_tests/raw/CUUR0000SEGB02_2024-01-23.csv,2.5258039772122487,3.491936442403931,0.9218837756353638,0.701820150810066,2.5297096725668045,0
Beauty pricing,2024-06-30,2024-04-19,2024-03-31,2024-04-19,CUUR0000SEGB02,2024-04-19,0,2024-03-01,0,data/driver_tests/raw/CUUR0000SEGB02_2024-04-19.csv,1.444435628887053,3.4190727616086347,0.9269150746894717,0.8583966300997778,1.4458208241569626,-0.8306761161630494
Beauty pricing,2024-09-30,2024-07-30,2024-06-30,2024-07-30,CUUR0000SEGB02,2024-07-30,0,2024-06-01,0,data/driver_tests/raw/CUUR0000SEGB02_2024-07-30.csv,0.45687497211508443,3.331605891535138,0.9423566400153798,1.2257670556022593,0.4560551842614391,-1.0001923686866245
Beauty pricing,2024-12-31,2024-10-18,2024-09-30,2024-10-18,CUUR0000SEGB02,2024-10-18,0,2024-09-01,0,data/driver_tests/raw/CUUR0000SEGB02_2024-10-18.csv,-0.37116945127098067,3.1145883988274963,0.9945238475452968,1.2875744400170197,-0.3714085127806688,-1.1573177268507788
Beauty pricing,2025-03-31,2025-01-22,2024-12-31,2025-01-22,CUUR0000SEGB02,2025-01-22,0,2024-12-01,0,data/driver_tests/raw/CUUR0000SEGB02_2025-01-22.csv,-0.5014448293709339,3.0537999405231164,1.0097294320897239,1.1745303743976034,-0.5082703089794416,-0.8857465816370778
Beauty pricing,2025-06-30,2025-04-24,2025-03-31,2025-04-24,CUUR0000SEGB02,2025-04-24,0,2025-03-01,0,data/driver_tests/raw/CUUR0000SEGB02_2025-04-24.csv,-0.4139950627418343,3.086630304343101,1.0017468530241134,1.073780334255446,-0.42034549280647315,-0.60162685517544
Beauty pricing,2025-09-30,2025-07-29,2025-06-30,2025-07-29,CUUR0000SEGB02,2025-07-29,0,2025-06-01,0,data/driver_tests/raw/CUUR0000SEGB02_2025-07-29.csv,0.06596289286695534,2.9259927026587045,1.0331023140653053,1.148131967692182,0.06623166364128075,-0.590873121754357
Beauty pricing,2025-12-31,2025-10-24,2025-09-30,2025-10-24,CUUR0000SEGB02,2025-10-24,0,2025-09-01,0,data/driver_tests/raw/CUUR0000SEGB02_2025-10-24.csv,0.44621139769855933,2.8363444037933174,1.0462754344959981,0.8279359027017926,0.44640749502971033,-0.3698723798490281
Beauty pricing,2026-03-31,2026-01-23,2025-12-31,2026-01-23,CUUR0000SEGB02,2026-01-23,0,2025-12-01,0,data/driver_tests/raw/CUUR0000SEGB02_2026-01-23.csv,0.5497564466731442,2.8363444037933174,1.0462754344959981,0.8279359027017926,0.44640749502971033,-0.43959149231643313
Beauty pricing,2026-06-30,2026-04-24,2026-03-31,2026-04-24,CUUR0000SEGB02,2026-04-24,0,2026-03-01,0,data/april24_forecast/raw/CUUR0000SEGB02_2026-04-24.csv,1.6101219873591477,2.6775558260124095,1.032786270131605,0.2703633643277272,1.6103546932900725,-0.7975995837120784
Fabric & Home volume,2023-06-30,2023-04-21,2023-03-31,2023-04-21,PCENDC96,2023-04-21,0,2023-02-01,0,data/driver_tests/raw/PCENDC96_2023-04-21.csv,-0.2875938616046847,-1.15631033735571,0.4539470060618012,0.4539470060618012,-1.5946298639671008,0
Fabric & Home volume,2023-09-30,2023-07-28,2023-06-30,2023-07-28,PCENDC96,2023-07-28,0,2023-06-01,0,data/driver_tests/raw/PCENDC96_2023-07-28.csv,0.4788112989289939,-1.8497847587403027,0.5191895113952665,1.0980273749275946,0.4788539696591654,0
Fabric & Home volume,2023-12-31,2023-10-18,2023-09-30,2023-10-18,PCENDC96,2023-10-18,0,2023-08-01,0,data/driver_tests/raw/PCENDC96_2023-10-18.csv,1.0924781953477458,-2.30165035813601,0.6020818596893022,1.2972942574007569,0.06199938000619465,0
Fabric & Home volume,2024-03-31,2024-01-23,2023-12-31,2024-01-23,PCENDC96,2024-01-23,0,2023-11-01,0,data/driver_tests/raw/PCENDC96_2024-01-23.csv,1.39166817713261,-2.1243986674035664,0.5886237945673799,1.6741113450674043,1.4338645058288524,0
Fabric & Home volume,2024-06-30,2024-04-19,2024-03-31,2024-04-19,PCENDC96,2024-04-19,0,2024-02-01,0,data/driver_tests/raw/PCENDC96_2024-04-19.csv,1.669924885570362,-1.9250079805237454,0.5770548376270613,2.306542260512081,2.0298663136464334,0.7296465478754827
Fabric & Home volume,2024-09-30,2024-07-30,2024-06-30,2024-07-30,PCENDC96,2024-07-30,0,2024-06-01,0,data/driver_tests/raw/PCENDC96_2024-07-30.csv,1.7457094853091215,-1.3889503923638213,0.5401069855009004,2.8118724671380706,1.745900082947749,1.313959927505313
Fabric & Home volume,2024-12-31,2024-10-18,2024-09-30,2024-10-18,PCENDC96,2024-10-18,0,2024-08-01,0,data/driver_tests/raw/PCENDC96_2024-10-18.csv,2.1970378321914286,-1.2663027355531806,0.5224539980238403,2.3474175191585807,1.8739916021125014,1.2945711212921078
Fabric & Home volume,2025-03-31,2025-01-22,2024-12-31,2025-01-22,PCENDC96,2025-01-22,0,2024-11-01,0,data/driver_tests/raw/PCENDC96_2025-01-22.csv,2.3134618459836664,-1.184668452325496,0.5194308926801241,2.3391202433654232,2.247682698810527,1.2288914315051216
Fabric & Home volume,2025-06-30,2025-04-24,2025-03-31,2025-04-24,PCENDC96,2025-04-24,0,2025-02-01,0,data/driver_tests/raw/PCENDC96_2025-04-24.csv,2.4263020900480603,-1.0354531009539538,0.5129239657588259,2.2392737124125786,2.1103784092813216,0.938610836040583
Fabric & Home volume,2025-09-30,2025-07-29,2025-06-30,2025-07-29,PCENDC96,2025-07-29,0,2025-05-01,0,data/driver_tests/raw/PCENDC96_2025-07-29.csv,2.8115539262481226,-1.0611339877138706,0.5129275741040941,0.9731167648315336,2.869532577344036,0.417307694036336
Fabric & Home volume,2025-12-31,2025-10-24,2025-09-30,2025-10-24,PCENDC96,2025-10-24,0,2025-08-01,0,data/driver_tests/raw/PCENDC96_2025-10-24.csv,3.299678659475047,-1.22810334252785,0.5373632704689469,-0.15592454233556874,3.2332744751814912,-0.061076062442739415
Fabric & Home volume,2026-03-31,2026-01-23,2025-12-31,2026-01-23,PCENDC96,2026-01-23,0,2025-11-01,0,data/driver_tests/raw/PCENDC96_2026-01-23.csv,2.7279121275772367,-1.3538256693365904,0.5374769605317016,-0.9077940338446284,2.996723091540132,-0.39401035116016314
Fabric & Home volume,2026-06-30,2026-04-24,2026-03-31,2026-04-24,PCENDC96,2026-04-24,0,2026-02-01,0,data/april24_forecast/raw/PCENDC96_2026-04-24.csv,1.3039748661953787,-1.3418955468244118,0.5368164231349833,-0.7591310455544314,2.1478108850594646,-0.15592899491966092
Health Care pricing,2023-06-30,2023-04-21,2023-03-31,2023-04-21,CUUR0000SEGB,2023-04-21,0,2023-03-01,0,data/driver_tests/raw/CUUR0000SEGB_2023-04-21.csv,6.774056644823578,1.3599860195185296,0.686991373691571,0.638140336511609,6.77239402344838,0
Health Care pricing,2023-09-30,2023-07-28,2023-06-30,2023-07-28,CUUR0000SEGB,2023-07-28,0,2023-06-01,0,data/driver_tests/raw/CUUR0000SEGB_2023-07-28.csv,7.058173750908159,1.3639353536320065,0.6787104167230381,0.605002745005385,7.05822723217906,0
Health Care pricing,2023-12-31,2023-10-18,2023-09-30,2023-10-18,CUUR0000SEGB,2023-10-18,0,2023-09-01,0,data/driver_tests/raw/CUUR0000SEGB_2023-10-18.csv,5.498311526452704,1.3849969626309875,0.6977517980014006,0.5666322422227971,5.4935927157217845,0
Health Care pricing,2024-03-31,2024-01-23,2023-12-31,2024-01-23,CUUR0000SEGB,2024-01-23,0,2023-12-01,0,data/driver_tests/raw/CUUR0000SEGB_2024-01-23.csv,4.212487471834003,1.4227751299143905,0.7033577505239428,0.3799032836362196,4.212216519153356,0
Health Care pricing,2024-06-30,2024-04-19,2024-03-31,2024-04-19,CUUR0000SEGB,2024-04-19,0,2024-03-01,0,data/driver_tests/raw/CUUR0000SEGB_2024-04-19.csv,3.637237355891698,1.4240774162255865,0.7034112072834454,0.28112158027224005,3.636809635836169,-0.09690130740298986
Health Care pricing,2024-09-30,2024-07-30,2024-06-30,2024-07-30,CUUR0000SEGB,2024-07-30,0,2024-06-01,0,data/driver_tests/raw/CUUR0000SEGB_2024-07-30.csv,1.6583438100702175,1.3556789650290924,0.7116235919433743,0.6222225394219788,1.6547550061168037,-0.3430071119654171
Health Care pricing,2024-12-31,2024-10-18,2024-09-30,2024-10-18,CUUR0000SEGB,2024-10-18,0,2024-09-01,0,data/driver_tests/raw/CUUR0000SEGB_2024-10-18.csv,0.374021558034765,1.2724504947284347,0.7254455545433214,0.6927108001174899,0.373301115227731,-0.5156826297671459
Health Care pricing,2025-03-31,2025-01-22,2024-12-31,2025-01-22,CUUR0000SEGB,2025-01-22,0,2024-12-01,0,data/driver_tests/raw/CUUR0000SEGB_2025-01-22.csv,0.34236788098596094,1.2102868897109689,0.7358313054642796,0.8101463687277795,0.341068456777438,-0.5559737616575127
Health Care pricing,2025-06-30,2025-04-24,2025-03-31,2025-04-24,CUUR0000SEGB,2025-04-24,0,2025-03-01,0,data/driver_tests/raw/CUUR0000SEGB_2025-04-24.csv,0.23664658474467082,1.1683726059882393,0.7429839252380669,0.8443726194219747,0.23594619830289432,-0.5655426431965205
Health Care pricing,2025-09-30,2025-07-29,2025-06-30,2025-07-29,CUUR0000SEGB,2025-07-29,0,2025-06-01,0,data/driver_tests/raw/CUUR0000SEGB_2025-07-29.csv,0.5059057213634421,1.116866358983772,0.7512278657849448,0.9846680241910636,0.5057825004843641,-0.36074842800979606
Health Care pricing,2025-12-31,2025-10-24,2025-09-30,2025-10-24,CUUR0000SEGB,2025-10-24,0,2025-09-01,0,data/release_backtest/raw/CUUR0000SEGB_2025-10-24.csv,1.0083244241182232,1.1412920590782236,0.7422720897848771,1.003412621021409,1.0082264270475205,-0.23088858932275885
Health Care pricing,2026-03-31,2026-01-23,2025-12-31,2026-01-23,CUUR0000SEGB,2026-01-23,0,2025-12-01,0,data/driver_tests/raw/CUUR0000SEGB_2026-01-23.csv,1.2470805589842149,1.0474973721280845,0.7605774211647279,1.003412621021409,1.0082264270475205,-0.27413363497794235
Health Care pricing,2026-06-30,2026-04-24,2026-03-31,2026-04-24,CUUR0000SEGB,2026-04-24,0,2026-03-01,0,data/april24_forecast/raw/CUUR0000SEGB_2026-04-24.csv,1.9489516102333182,1.0161090813410403,0.7625568291196105,0.8824630525883866,1.9491325309717533,-0.21585698412032467
