case,metric,p10,p90,near
Main,Baby / Feminine / Family volume,-4.362547387885158,3.337162518705729,0.28225
Main,Beauty organic sales,0.8807265308078134,6.797176409112972,0.3612
Main,Beauty volume,3.295355365448568,6.7135547432715486,0.57226
Main,Beauty pricing,0.04638729182621949,2.964271407297328,0.64413
Main,Fabric & Home volume,-1.6956610809031636,3.064342920314575,0.43836
Main,Health Care pricing,0.8583662415630727,3.144476250259789,0.74694
No floor,Baby / Feminine / Family volume,-4.362547387885158,3.337162518705729,0.28225
No floor,Beauty organic sales,0.8807265308078134,6.797176409112972,0.3612
No floor,Beauty volume,3.295355365448568,6.7135547432715486,0.57226
No floor,Beauty pricing,0.04638729182621949,2.964271407297328,0.64413
No floor,Fabric & Home volume,-1.6956610809031636,3.064342920314575,0.43836
No floor,Health Care pricing,0.9424888748399265,3.0601441646122076,0.77828
50% wider,Baby / Feminine / Family volume,-6.293821081827736,5.255743778058593,0.19125
50% wider,Beauty organic sales,-0.5985512197539333,8.276123597703807,0.24722
50% wider,Beauty volume,2.443033048172852,7.570332114907322,0.41172
50% wider,Beauty pricing,-0.6804190622606706,3.6964071109459926,0.47444
50% wider,Fabric & Home volume,-2.8830165155308727,4.256989486295735,0.30336
50% wider,Health Care pricing,0.2875493623446091,3.7167143753896825,0.57157
