month,sales_ex_tax,sales_tax,gross_profit,receipts_inc_tax,gross_margin,sales_yoy
2013-01,3770410.85,565562.12,1890687.8,4191576.08,0.5014540524144736,
2013-02,2776786.2,416518.4,1383023.3,3193469.63,0.49806618168874506,
2013-03,3870505.3,580576.32,1933679.05,4595313.48,0.4995934380970878,
2013-04,4059606.85,608941.55,2011957.2,4481206.46,0.4956039523876554,
2013-05,4417965.55,662695.5,2231604.45,5064888.71,0.5051203828422791,
2013-06,4069036.2,610355.94,2003843.25,4882506.42,0.4924613966324507,
2013-07,4381767.45,657265.73,2177622.75,4906004.9,0.4969736013717478,
2013-08,3495991.0,524399.18,1735165.7,4071196.49,0.49633013929383685,
2013-09,3779040.85,566856.71,1893782.75,4259577.95,0.5011278853998098,
2013-10,3752608.45,562891.8,1882507.65,4331899.46,0.5016530967945776,
2013-11,3697461.9,554619.84,1836923.3,4357250.69,0.4968065526246532,
2013-12,3636007.4,545401.55,1787555.05,3989133.63,0.4916258008715824,
2014-01,4067538.0,610131.28,2045397.6,4682468.03,0.5028588792532486,0.07880497956873844
2014-02,3470209.2,520531.87,1723582.2,4047534.33,0.496679623810576,0.24972142255676721
2014-03,3861928.75,579289.8,1902807.75,4444280.6,0.4927091806134435,-0.002215873467477203
2014-04,4095234.65,614285.78,2027121.1,4698895.45,0.49499510363832266,0.008776170037253728
2014-05,4590639.1,688596.59,2273988.65,5383620.79,0.49535339207998297,0.039084403906227694
2014-06,4266644.1,639997.26,2133969.75,4827611.88,0.5001518054904087,0.04856380977883634
2014-07,4786301.05,717945.8,2391625.15,5528902.23,0.4996813039998811,0.0923220149439925
2014-08,4085489.6,612824.0,2009714.1,4833522.26,0.4919151183251085,0.1686213151006395
2014-09,3882968.85,582445.76,1939203.4,4317127.92,0.4994125564514894,0.027501158131169712
2014-10,4438683.65,665803.06,2211354.4,4940820.76,0.49820049689731766,0.18282621518906406
2014-11,4018967.45,602845.59,1987334.15,4933765.68,0.4944887398876544,0.0869530393267881
2014-12,4364882.8,654732.9,2182364.2,4818656.7,0.49998231338536747,0.20046037310045084
2015-01,4401699.25,660255.38,2228239.6,5119181.56,0.5062225911958887,0.08215319684782285
2015-02,4195319.25,629298.42,2112629.5,4820495.72,0.5035682326201992,0.20895283488960836
2015-03,4528131.65,679220.28,2245233.95,5209836.28,0.4958411379227457,0.17250522811949875
2015-04,5073264.75,760990.34,2530376.7,5705990.33,0.4987669330680998,0.23882150440390526
2015-05,4480730.55,672110.17,2220597.65,5426475.15,0.4955883031172227,-0.02394188425746646
2015-06,4515840.45,677376.7,2225717.8,5042507.85,0.4928690073627379,0.058405703442665935
2015-07,5155672.0,773351.38,2582126.75,5878793.57,0.5008322387459869,0.07717252762443771
2015-08,3938163.4,590725.04,1962927.75,4600523.09,0.4984373553418327,-0.03606084323406433
2015-09,4662600.0,699390.68,2302806.3,5220125.44,0.4938888817398018,0.20078223135887363
2015-10,4492049.4,673807.94,2234956.5,5370194.9,0.49753604668728707,0.012022877548392152
2015-11,4089208.5,613381.78,2067029.6,4619229.59,0.5054840319342974,0.017477387133354227
2015-12,4458811.25,668822.25,2244958.55,5045786.1,0.5034881326272781,0.021519123033498122
2016-01,4447705.95,656242.3,2225355.1,5335988.48,0.5003377302854295,0.01045203167844777
2016-02,4005616.85,590917.93,1975672.45,4298913.97,0.4932255190608158,-0.045217631530663605
2016-03,4645254.0,684996.56,2303563.6,5385682.57,0.4958961555170073,0.025865491344537084
2016-04,4563666.1,672396.71,2226725.85,5392442.09,0.4879247958127349,-0.10044787234886576
2016-05,4970932.65,733300.06,2443448.55,5523030.79,0.4915473055141875,0.10940227146664738
