profit_rank,CustomerName,CustomerID,sales,gross_profit,invoices,gross_margin,revenue_share
1,"Tailspin Toys (Inguadona, MN)",149,138390.1,72803.2,44,0.5260723129761449,0.0025653677745445355
2,"Tailspin Toys (Hayes Center, NE)",182,139158.65,70905.9,40,0.5095328245854641,0.0025796145552255683
3,"Wingtip Toys (Bourneville, OH)",558,131286.05,70819.05,49,0.5394255520674132,0.0024336784344923704
4,Laszlo Gardenier,996,144140.35,67807.2,36,0.470424832463637,0.002671961425720268
5,"Wingtip Toys (North Beach Haven, NJ)",506,133616.3,67654.6,45,0.5063349306933361,0.002476874792155472
6,"Wingtip Toys (Plaquemine, LA)",534,128340.4,67167.65,38,0.5233554671794696,0.0023790742714410603
7,David Jaramillo,1037,139392.35,66821.35,46,0.47937602027657905,0.0025839467036155982
8,"Wingtip Toys (Stoneboro, PA)",478,125346.2,65402.65,39,0.5217760889440606,0.0023235701263429557
9,Irma Berzina,1007,121047.2,65254.2,43,0.5390806230957841,0.002243878616164359
10,Daniel Martensson,874,137100.55,65234.05,41,0.4758117308792708,0.0025414631020740054
11,"Wingtip Toys (Obetz, OH)",498,133138.15,64604.2,47,0.48524183338885213,0.002468011220256915
12,Amarasimha Vinjamuri,861,135086.25,64334.05,36,0.47624425135792875,0.002504123579172692
13,Dena Glissen,909,116183.45,64124.15,34,0.551921551649568,0.0021537182108070326
14,Bhagavateeprasaad Malladi,1009,127297.8,63900.65,41,0.5019776461180004,0.002359747365529871
15,Ingrida Zeltina,964,112450.5,63395.95,38,0.5637676133054099,0.0020845196941935897
16,"Wingtip Toys (Bell Acres, PA)",578,127064.9,63394.6,38,0.49891512132776245,0.002355430046916101
17,"Wingtip Toys (Lilbourn, MO)",429,106920.4,63166.25,37,0.5907782799166483,0.001982007012072479
18,"Wingtip Toys (Rich Creek, VA)",528,116547.65,62914.9,42,0.5398212662374574,0.002160469466449518
19,"Wingtip Toys (Homer City, PA)",442,118699.65,62706.15,39,0.5282757784037274,0.0022003615645896295
20,"Tailspin Toys (Kerby, OR)",37,121073.35,62440.7,40,0.5157262105987817,0.0022443633644758667
21,Jayanta Thakur,825,128409.45,62148.95,44,0.4839904695487754,0.0023803542665045245
22,Anindya Ghatak,884,114915.3,61935.25,40,0.5389643502649343,0.0021302102348514647
23,"Tailspin Toys (Minidoka, ID)",132,120267.3,61908.75,37,0.5147596229399014,0.002229421438032634
24,"Wingtip Toys (Bokeelia, FL)",474,127772.8,61739.9,40,0.48320064990357886,0.0023685525451844027
25,"Tailspin Toys (East Fultonham, OH)",17,114616.9,61473.0,46,0.5363345196040026,0.0021246787283063858
26,Matteo Cattaneo,1045,120538.3,61410.85,40,0.5094716782964418,0.0022344450247407987
27,Arijit Bhuiyan,928,115407.5,61110.45,38,0.5295188787557135,0.0021393342546955924
28,Kumar Naicker,995,116191.85,60936.5,41,0.5244472826622522,0.0021538739234577653
29,"Wingtip Toys (Indian Creek, IL)",548,126986.4,60737.5,42,0.47829925094340814,0.002353974875120563
30,"Tailspin Toys (Good Hart, MI)",71,129322.7,60613.35,46,0.46869845742472127,0.002397283382966633
31,"Wingtip Toys (Sarversville, PA)",580,120755.15,60481.7,44,0.5008622820641604,0.0022384648209683466
32,"Wingtip Toys (Ware Shoals, SC)",562,124051.95,60383.25,39,0.4867577655973969,0.0022995783289368964
33,Ida Celma,944,117546.55,60238.05,32,0.5124612334432614,0.002178986295832491
34,"Wingtip Toys (West Frostproof, FL)",569,114893.0,60217.4,40,0.5241172221110076,0.0021297968548382095
35,"Wingtip Toys (Cale, AR)",475,121821.75,59933.85,37,0.4919798804400692,0.002258236620167344
36,"Tailspin Toys (Severna Park, MD)",45,100586.25,59834.4,39,0.5948566528725348,0.001864589477948786
37,Jai Lamble,888,124023.8,59747.25,39,0.48174019825227093,0.0022990565061847385
38,"Tailspin Toys (Long Meadow, MD)",14,124808.0,59383.5,46,0.47579882699826936,0.002313593394363863
39,"Tailspin Toys (La Cueva, NM)",82,114787.05,59249.4,41,0.5161679823638642,0.002127832836344741
40,"Tailspin Toys (Arietta, NY)",42,120168.8,59047.5,38,0.49137130436519294,0.002227595521830589
41,Yves Belisle,982,119635.45,58774.3,42,0.4912782958562868,0.0022177086953700737
42,"Wingtip Toys (Omer, MI)",531,120067.3,58582.7,41,0.4879155273750638,0.002225713993967568
43,"Tailspin Toys (Larose, LA)",144,116693.45,58481.55,41,0.5011553776154531,0.0021631721931729513
44,Harsha Huq,816,106386.25,58471.6,41,0.5496161393037164,0.0019721053558357034
45,"Tailspin Toys (Hahira, GA)",77,108688.25,58276.65,41,0.5361816939733596,0.0020147780370246148
46,Camille Authier,841,119144.25,58112.6,38,0.4877499333790762,0.0022086032127462715
47,"Wingtip Toys (Sayner, WI)",489,112070.95,58029.85,40,0.5177956464186303,0.0020774838922191104
48,"Wingtip Toys (Floriston, CA)",473,117341.35,58022.45,40,0.49447573255293203,0.002175182458221733
49,"Tailspin Toys (Fieldbrook, CA)",102,125628.05,57996.55,45,0.4616528713133731,0.00232879484189165
50,"Wingtip Toys (Harkers Island, NC)",516,119367.9,57910.1,43,0.4851396397188859,0.0022127490620720315
51,Shantanu Huq,930,129348.55,57271.5,45,0.44276878248731816,0.0023977625701120425
52,"Tailspin Toys (Vidrine, LA)",185,114708.55,57270.3,46,0.49926792728179376,0.0021263776645492026
53,Maksims Krastins,988,116755.1,57240.9,28,0.4902646650981413,0.002164315012806008
54,"Wingtip Toys (Lynne, FL)",586,115608.5,56764.7,38,0.49100801411660905,0.002143060235980984
55,"Wingtip Toys (Cuyamungue, NM)",593,113259.05,56400.0,41,0.49797345112818797,0.002099507963687636
56,Ajitaab Pakalapati,906,107987.1,56371.1,38,0.5220169816579943,0.002001780664993509
57,"Tailspin Toys (Wimbledon, ND)",10,118664.0,56074.25,42,0.472546433627722,0.0021997007126850314
58,"Tailspin Toys (Orrtanna, PA)",177,115515.8,56071.55,35,0.4854015641150388,0.0021413418356568256
59,"Tailspin Toys (Victory Gardens, NJ)",89,115896.75,55953.9,41,0.482790932446337,0.00214840358973976
60,"Tailspin Toys (Vassalboro, ME)",118,102381.5,55857.4,37,0.5455809887528509,0.0018978684227378357
61,"Wingtip Toys (Connoquenessing, PA)",579,115803.35,55829.55,40,0.48210651937098536,0.0021466722133613747
62,"Wingtip Toys (Port Hueneme, CA)",496,124623.1,55713.9,43,0.4470591728178805,0.002310165862325709
63,Leonardo Folliero,896,117925.55,55528.65,39,0.47087887230545034,0.002186011902335791
64,"Tailspin Toys (Cheyenne Wells, CO)",94,104416.5,55452.45,40,0.5310698021864361,0.0019355916660998835
65,"Tailspin Toys (Bowlus, MN)",27,117371.4,55381.85,37,0.4718513198274878,0.002175739501692509
66,"Wingtip Toys (Cavendish, VT)",501,96938.25,55303.2,40,0.5704992611275734,0.00179696569820198
67,Meera Patel,967,101329.95,55293.55,42,0.5456782520863773,0.0018783756087047342
68,Philip Walker,875,113361.2,55202.7,36,0.4869629114723556,0.0021014015407438682
69,Tuulikki Linna,1025,94796.85,55187.1,32,0.5821617490454587,0.001757270094597317
70,Knut Svensson,820,97241.7,55093.9,39,0.5665666067129637,0.0018025908177097013
71,"Tailspin Toys (Airport Drive, MO)",38,114108.2,55076.05,37,0.48266513712423825,0.00211524884432689
72,Veronika Necesana,1029,111066.2,54973.05,46,0.4949575118262802,0.0020588586200972346
73,"Wingtip Toys (Taft Heights, CA)",455,101525.2,54953.3,38,0.5412774365379236,0.0018819950009732551
74,"Tailspin Toys (El Centro, CA)",98,99001.95,54814.1,42,0.5536668722181735,0.0018352209597873646
75,Gunnar Lohmus,807,115071.2,54796.3,27,0.47619473856186434,0.0021331001875001835
76,"Wingtip Toys (Jamison, IA)",545,107361.6,54761.6,44,0.5100669140549321,0.001990185633680015
77,Erik Malk,1036,99984.55,54727.45,27,0.5473590669758477,0.0018534356324790347
78,"Wingtip Toys (Leathersville, GA)",415,113207.05,54492.1,36,0.4813489972576796,0.0020985440282307185
79,Dinh Mai,1001,104786.0,54146.1,43,0.516730288397305,0.0019424411690100933
80,"Wingtip Toys (Cache, OK)",584,101071.8,54111.55,38,0.5353773258218415,0.0018735902252777503
81,"Wingtip Toys (Cadogan, PA)",437,107343.8,54107.5,40,0.5040579893761913,0.001989855671158224
82,"Tailspin Toys (Big Moose, NY)",81,114088.55,54076.25,28,0.47398490032522983,0.0021148845879474976
83,Sabine Alksne,983,113908.75,54023.35,33,0.47426865802671,0.002111551595733003
84,Bhaavan Rai,831,105329.6,53752.0,38,0.5103218848262976,0.001952518001978943
85,"Wingtip Toys (Tilleda, WI)",564,113283.6,53710.4,41,0.47412335059973376,0.002099963052446623
86,"Wingtip Toys (Queen Valley, AZ)",403,109553.3,53584.95,41,0.48912218983818834,0.002030813659467042
87,Satish Mittal,856,110545.15,53461.1,35,0.4836132566648107,0.002049199801446721
88,"Wingtip Toys (Delray, WV)",449,113608.05,53377.05,46,0.4698351041145412,0.0021059774535811763
89,"Tailspin Toys (Optimo, NM)",192,100076.65,53348.65,30,0.5330778957928748,0.0018551429104709974
90,"Wingtip Toys (Lake Davis, CA)",452,101287.5,53207.2,39,0.5253086511168703,0.0018775887037019241
91,"Wingtip Toys (Pikeview, CO)",494,106847.3,52825.9,39,0.49440556757166537,0.0019806519412666973
92,"Tailspin Toys (Lesslie, SC)",195,103823.2,52806.2,43,0.5086165712480447,0.0019245935332808648
93,Christian Couet,1046,97806.65,52777.35,36,0.5396090143154888,0.0018130634203324968
94,"Wingtip Toys (Mier, IN)",479,106610.9,52711.55,33,0.49442927505536494,0.001976269742381789
95,"Tailspin Toys (Imlaystown, NJ)",51,106030.9,52593.9,38,0.4960242721697166,0.0019655181545930973
96,"Tailspin Toys (Placer, OR)",186,104818.85,52454.0,42,0.5004252574799284,0.0019430501166977803
97,Tai Bach,923,99452.75,52383.05,38,0.5267129365452439,0.0018435775387100237
98,Nasrin Omidzadeh,954,113050.7,52374.5,39,0.46328328794072043,0.002095645733832853
99,"Tailspin Toys (Cortaro, AZ)",72,97193.3,52182.45,38,0.536893489571812,0.0018016936162459556
100,"Tailspin Toys (Antares, AZ)",151,102612.35,52010.35,34,0.5068624780545421,0.0019021477400499385
101,Om Yadav,980,102717.15,51996.5,48,0.506210501362236,0.0019040904407400328
102,"Tailspin Toys (Hodgdon, ME)",64,104767.0,51937.25,38,0.4957405480733437,0.001942088961823912
103,Som Mukherjee,1032,102241.9,51923.75,38,0.5078519667572688,0.0018952806267804195
104,"Tailspin Toys (South Laguna, CA)",109,103363.6,51914.8,34,0.5022541784535368,0.0019160738268193432
105,"Tailspin Toys (Hambleton, WV)",50,102514.7,51860.3,41,0.505881595517521,0.0019003375804851697
106,"Wingtip Toys (Cylon, WI)",439,103770.9,51822.35,49,0.499391929722109,0.00192362403665785
107,"Tailspin Toys (Diablock, KY)",39,88385.1,51817.5,29,0.5862696314197755,0.0016384140721763785
108,Adrian Andreasson,901,96635.9,51759.8,37,0.5356166807573584,0.001791360969636616
109,"Wingtip Toys (Coin, IA)",447,103225.95,51622.75,32,0.5000946951808145,0.0019135221784415612
110,Lilli Sokk,900,103764.05,51588.7,41,0.49717315390060424,0.0019234970566986216
111,"Wingtip Toys (Bonner Springs, KS)",485,106724.0,51522.0,41,0.48275926689404447,0.001978366302000584
112,Seo-yun Paik,949,101679.3,51452.05,40,0.5060228581432012,0.0018848515866253886
113,"Wingtip Toys (Grabill, IN)",510,95541.4,51361.3,32,0.5375816138344216,0.0017710719819905418
114,"Tailspin Toys (McCamey, TX)",166,104535.95,51086.35,42,0.4886964723619004,0.0019378059370677443
115,"Tailspin Toys (Sentinel Butte, ND)",67,100696.35,51034.15,32,0.5068123124621696,0.0018666304259066049
116,Baran Jonsson,887,99085.05,50984.2,26,0.5145498740728293,0.0018367614027963997
117,Damodar Shenoy,1040,114060.9,50816.4,41,0.4455198933201474,0.002114372033805502
118,Daakshaayaani Sankaramanchi,850,98650.35,50748.0,42,0.5144229087884634,0.0018287032731209786
119,Raj Verma,1043,104848.65,50738.15,34,0.4839180094355054,0.001943602525863475
120,"Wingtip Toys (Islip Terrace, NY)",527,105336.5,50733.4,38,0.48163172309693225,0.0019526459087991876
121,"Wingtip Toys (Kapa'a, HI)",598,100479.55,50727.95,40,0.5048584512968062,0.0018626115565400733
122,Drishti Bose,1004,90827.4,50509.25,41,0.5561014627744492,0.0016836875253769333
123,"Wingtip Toys (Dunkerton, IA)",592,97834.15,50431.65,29,0.5154810462399888,0.0018135731938914434
124,Joel Carrillo,933,98275.45,50366.2,33,0.5125003243434653,0.001821753669221012
125,"Tailspin Toys (Frankewing, TN)",7,110448.6,50286.1,37,0.4552896098275578,0.0020474100328243105
126,Mahmut ozbek,981,105658.35,50284.9,41,0.47591979242530286,0.0019586121131608954
127,Ivan Sepulveda,934,97688.2,50264.2,32,0.5145370679365573,0.0018108676865849615
128,"Wingtip Toys (Jeromesville, OH)",567,100485.05,50235.15,38,0.4999266059976086,0.0018627135112518627
129,"Tailspin Toys (New Lexington, OH)",86,112455.0,50197.0,38,0.4463741051976346,0.0020846031116850535
130,"Tailspin Toys (Page City, KS)",79,96474.85,50192.3,43,0.5202630530132983,0.0017883755503032219
131,"Tailspin Toys (Boyden Arbor, SC)",33,101504.7,49848.5,45,0.49109548621886473,0.0018816149879565859
132,Sumati Chatterjee,922,92498.05,49822.4,29,0.5386318954832021,0.001714656732513447
133,"Tailspin Toys (Rothsville, PA)",164,91365.15,49759.55,40,0.544622867690799,0.0016936559156068799
134,"Tailspin Toys (Sinclair, WY)",169,96979.3,49718.6,40,0.5126722919220905,0.0017977266510963348
135,Shyam Poddar,813,97864.3,49689.1,30,0.5077346897694052,0.0018141320910842523
136,"Wingtip Toys (Idaho City, ID)",591,88988.85,49520.65,29,0.5564815142571232,0.001649605918947797
137,"Wingtip Toys (Licking, MO)",517,92083.25,49486.05,30,0.5374055542131713,0.0017069674935224998
138,"Wingtip Toys (Ferney, SD)",536,98649.45,49414.95,42,0.5009146021594646,0.0018286865896226857
139,"Tailspin Toys (Furley, KS)",140,100655.9,49384.5,37,0.4906269776535703,0.001865880595344445
140,Aishwarya Dantuluri,1034,99660.35,48988.05,36,0.49155004974395533,0.0018474258656495624
141,"Tailspin Toys (Sauquoit, NY)",87,92428.65,48894.55,30,0.5289977728767001,0.001713370249422869
142,"Wingtip Toys (Cloquet, MN)",524,101649.55,48824.6,35,0.48032283468052733,0.00188430010432071
143,Cuneyt Arslan,1033,95401.25,48809.45,38,0.5116227512742233,0.0017684739905619467
144,David safranek,946,94098.9,48674.9,32,0.5172738469843963,0.0017443320416712523
145,Krishnam Allu,1000,94804.85,48606.25,37,0.5126979263191703,0.0017574183923599197
146,"Tailspin Toys (Brown City, MI)",187,97573.75,48591.95,41,0.49800228032641974,0.0018087461017187276
147,Taj Syme,1006,104005.8,48590.4,36,0.46718932982583666,0.0019279784297122702
148,"Tailspin Toys (Muir, MI)",49,96728.3,48546.1,39,0.5018810420528428,0.001793073808794677
149,"Wingtip Toys (Molalla, OR)",574,93561.55,48452.3,25,0.5178655120613115,0.001734371066329436
150,Olya Izmaylov,890,85507.6,48434.15,37,0.5664309371330736,0.0015850732206902397
151,Leyla Asef zade,893,103201.7,48426.05,42,0.46923694086434625,0.0019130726508486719
152,Caterina Pinto,853,100973.3,48418.4,40,0.47951686237847035,0.0018717643090757053
153,Jana Fialova,830,94561.35,48396.5,34,0.5118000113154053,0.0017529045792107018
154,"Wingtip Toys (Sunburg, MN)",468,94220.55,48320.35,41,0.5128430050556911,0.001746587094523829
155,"Tailspin Toys (Tolna, ND)",90,92878.95,48254.95,45,0.51954667876844,0.0017217175597353653
156,Risto Valbe,824,95366.55,48236.55,32,0.5058015624975424,0.001767830749016658
157,"Tailspin Toys (South Euclid, OH)",184,96328.55,48186.5,46,0.5002307207987663,0.0017856635549696259
158,"Wingtip Toys (Gargatha, VA)",436,95880.6,48158.75,31,0.5022783545367885,0.001777359807124894
159,Crina Grasu,827,101540.3,48096.9,40,0.4736730145567819,0.0018822749130001676
160,Prabodh Nair,975,103521.1,47986.2,51,0.4635402830920459,0.0019189934390205826
161,"Wingtip Toys (Silver Plume, CO)",505,98232.2,47969.1,34,0.4883235843236739,0.0018209519344419415
162,"Wingtip Toys (Glen Ullin, ND)",464,88249.2,47966.0,27,0.543529006495243,0.001635894863934166
163,"Wingtip Toys (Lime Lake, NY)",434,97666.25,47896.95,37,0.49041454955012603,0.0018104607945988206
164,"Tailspin Toys (Gasport, NY)",5,91699.1,47869.25,37,0.5220252979582133,0.0016998464203345242
165,In-Su Bae,870,73848.55,47802.3,30,0.6473018089048465,0.0013689468420561939
166,Emilie Hrdlickova,845,96595.7,47779.75,32,0.494636407210673,0.0017906157733795379
167,"Wingtip Toys (Salt Wells, NV)",448,92433.05,47758.5,32,0.5166820742147965,0.0017134518131923006
168,"Wingtip Toys (Mauldin, SC)",484,101764.4,47724.1,34,0.46896655411912225,0.001886429104075074
169,Vladimir Henzl,929,101276.3,47671.55,32,0.470707855638486,0.0018773810868342804
170,"Tailspin Toys (Maypearl, TX)",32,101129.1,47583.2,40,0.47051936584029713,0.0018746524080023917
171,"Wingtip Toys (Plum Branch, SC)",483,96425.25,47477.75,35,0.49237881156647245,0.0017874561041750852
172,David Novacek ,1017,85107.55,47413.5,32,0.5571009857527328,0.0015776574056990912
173,Neil Farrelly,986,88427.85,47317.1,32,0.5350927337937086,0.0016392065383452864
174,"Tailspin Toys (Dahlia, NM)",113,96573.85,47292.8,42,0.48970606432279545,0.0017902107351154294
175,"Tailspin Toys (Coney Island, MO)",16,90539.95,47221.05,45,0.5215493271202382,0.001678359001394417
176,"Tailspin Toys (Belgreen, AL)",146,95789.15,47218.1,31,0.4929378744878726,0.0017756645783261423
177,"Tailspin Toys (Gum Branch, GA)",55,86088.75,47152.55,39,0.5477202305760045,0.0015958461262823055
178,Edmee Glissen,880,93819.05,47138.3,36,0.5024384706517493,0.0017391444005632087
179,Chandrashekhar Dasgupta,885,97048.8,47039.6,35,0.48470048058296444,0.0017990149879089452
180,"Wingtip Toys (Asher, OK)",440,96648.2,47031.15,36,0.48662209953211755,0.0017915889774466178
181,"Tailspin Toys (Royal City, WA)",56,103456.65,46995.8,39,0.45425596131326507,0.0019177987151706149
182,"Tailspin Toys (Lake Stevens, WA)",31,95718.35,46991.2,39,0.49093198952969824,0.0017743521431271092
183,"Wingtip Toys (Shay, PA)",552,95358.25,46899.15,44,0.4918205818584129,0.0017676768900879575
184,"Tailspin Toys (Alstead, NH)",91,90829.9,46887.5,33,0.516212172423398,0.0016837338684277466
185,Miriam House,878,91676.2,46844.85,31,0.5109815851878677,0.0016994219179890739
186,Phoung Cu,965,101133.9,46836.8,40,0.46311671951739236,0.0018747413866599533
187,"Tailspin Toys (Roe Park, NY)",123,90345.35,46836.2,36,0.5184129565052323,0.001674751658319108
188,Darshana Madhunapantula,871,97021.25,46804.75,38,0.4824175116276074,0.0017985042874889823
189,"Tailspin Toys (Antonito, CO)",199,96456.4,46739.2,37,0.48456297353000943,0.0017880335385882192
190,Aleksandrs Riekstins,804,98787.05,46693.35,41,0.47266671086949147,0.001831237311139451
191,Richard Zahradnicek,948,93108.9,46531.5,32,0.49975351443309934,0.001725980193549175
192,"Wingtip Toys (Tuscaloosa, AL)",406,92175.45,46494.05,38,0.5044081694203826,0.0017086766252364953
193,Emily Whittle,950,98167.35,46364.35,43,0.4722990892593107,0.0018197497957038438
194,"Tailspin Toys (Guin, AL)",99,90527.0,46336.8,39,0.5118561313199377,0.001678118944391204
195,Mauno Laurila,977,96594.9,46330.55,30,0.47963764132474906,0.0017906009436032776
196,Katerina Hadrabova,872,87928.7,46293.7,37,0.5264913503782042,0.0016299536848198974
197,"Wingtip Toys (Coker, AL)",458,88687.7,46138.95,38,0.5202406872655396,0.0016440234350468233
198,"Tailspin Toys (Buell, MO)",198,91686.15,46123.55,27,0.5030590770797989,0.001699606363331311
199,"Tailspin Toys (Carbonville, UT)",137,89516.75,46121.2,39,0.5152242457417187,0.0016593917175575389
200,"Tailspin Toys (North Cowden, TX)",65,92564.55,46043.5,40,0.49742044875711056,0.0017158894576650816
201,Hue Ton,1003,94766.1,46022.9,27,0.48564729370523846,0.001756700075072313
202,Linh Dao,953,93136.3,46013.7,42,0.49404689685976355,0.0017264881133860893
203,Jakub Lukes,863,84179.95,45941.95,27,0.5457588178657744,0.0015604622801253143
204,Chaayaadaevi Sonti,942,91672.4,45940.3,33,0.5011355653391861,0.0016993514765518377
205,Volkan senturk,912,100096.75,45749.65,42,0.4570542999647841,0.0018555155085995367
206,"Tailspin Toys (Saint Louis Park, MN)",159,83211.65,45709.65,29,0.5493179140180492,0.0015425126896842967
207,"Tailspin Toys (King Cove, AK)",142,96553.15,45609.4,37,0.4723760954458762,0.001789827014654695
208,"Wingtip Toys (Bruceton Mills, WV)",523,88383.5,45607.3,36,0.5160159984612512,0.001638384412623858
209,Nada Ana Slosar,997,91686.75,45582.85,38,0.49715853163079726,0.0016996174856635062
210,"Wingtip Toys (Hollandsburg, IN)",554,92944.85,45540.45,41,0.48997281721364866,0.0017229391625548048
211,"Tailspin Toys (Sekiu, WA)",78,94330.35,45533.6,36,0.4827036049373292,0.0017486224813155504
212,Lana Goransson,862,87411.75,45508.85,32,0.5206262315992987,0.001620370868772718
213,"Tailspin Toys (Topstone, CT)",165,91959.25,45461.7,40,0.4943678857754929,0.001704668878202159
214,Durdanah Abbasi,844,90269.65,45447.4,39,0.5034626809786014,0.0016733483907404802
215,"Wingtip Toys (Ruthsburg, MD)",601,93347.45,45437.3,36,0.48675459265357546,0.0017304022474577828
216,"Tailspin Toys (East Portal, CO)",128,85314.4,45341.4,33,0.5314624494809786,0.0015814918297233857
217,"Wingtip Toys (Marion Junction, AL)",561,91216.5,45307.1,39,0.49669851397499354,0.0016909003578055195
218,"Tailspin Toys (Aspen Park, CO)",161,86326.4,45296.1,38,0.5247073896282018,0.0016002514966926202
219,Ebru Erdogan,851,88999.0,45283.8,34,0.5088124585669502,0.001649794071734099
220,"Tailspin Toys (Koontzville, WA)",30,84896.1,45233.9,36,0.5328148171706356,0.0015737377104613
221,"Wingtip Toys (Necedah, WI)",416,85774.05,45051.4,26,0.525233447645296,0.001590012463045924
222,Jack Walker,829,95507.35,45009.65,37,0.4712689651634141,0.0017704407896384645
223,"Tailspin Toys (Fishtail, MT)",147,80868.8,44998.25,35,0.5564352383119324,0.001499082763045096
224,Bing Han,903,96899.8,44970.3,36,0.4640907411573605,0.001796252942080471
225,"Wingtip Toys (Orick, CA)",409,92975.95,44917.5,38,0.4831088039433854,0.0017235156701069223
226,"Wingtip Toys (Bernstein, TX)",410,88736.45,44733.35,42,0.5041147127251541,0.0016449271245376834
227,"Wingtip Toys (Wapiti, WY)",565,94242.25,44608.05,37,0.4733338815658582,0.0017469893522048885
228,"Tailspin Toys (Wappingers Falls, NY)",173,88200.05,44526.85,37,0.504839282970928,0.0016349837595551761
229,"Tailspin Toys (Dracut, MA)",88,97663.35,44407.8,44,0.4547028132866628,0.0018104070366598772
230,"Tailspin Toys (Tierra Verde, FL)",183,95235.25,44373.7,46,0.4659377698908755,0.001765396811987942
231,Nguyen Banh,1042,88378.25,44351.9,34,0.5018417993114822,0.00163828709221715
232,"Wingtip Toys (Mayhill, NM)",460,92372.05,44345.0,45,0.480069458239803,0.0017123210427524554
233,"Tailspin Toys (Maple Shade, NJ)",130,93977.5,44284.4,35,0.4712234311404326,0.0017420816231237574
234,"Wingtip Toys (Waycross, GA)",532,96657.85,44268.4,39,0.4579907374310519,0.0017917678616227574
235,"Tailspin Toys (Bow Mar, CO)",8,94276.45,44163.15,39,0.4684430735353315,0.0017476233251400148
236,"Tailspin Toys (Sallyards, KS)",112,88461.85,44156.7,36,0.49916093773756703,0.0016398368038363477
237,"Wingtip Toys (Boynton, OK)",519,81556.5,44058.0,33,0.5402144525574295,0.0015118308094628258
238,Gasper Havzija,993,88840.15,44032.4,31,0.4956362635587626,0.00164684943428542
239,"Tailspin Toys (Point Roberts, WA)",127,90624.25,43992.65,28,0.48544015536680307,0.0016799216890678425
240,"Wingtip Toys (Beals, ME)",490,83471.0,43992.1,32,0.5270345389416683,0.0015473203177756713
241,"Wingtip Toys (Broomtown, AL)",544,91835.2,43952.1,39,0.4785975312298552,0.0017023693360208015
242,"Tailspin Toys (Slanesville, WV)",35,85876.3,43927.8,43,0.5115241341324673,0.001591907893824189
243,Dhaatri Chavva,959,93045.75,43922.8,35,0.472055950970356,0.0017248095680856305
244,Anna Mazzanti,855,84121.3,43917.85,37,0.5220776426422321,0.001559375072153234
245,Rajeev Sandhu,1011,90141.55,43898.0,43,0.48698962908891624,0.0016709737728168054
246,Libuse Kuchtova,994,90861.2,43804.3,31,0.48210127094953625,0.0016843140834239296
247,"Tailspin Toys (Eulaton, AL)",29,93859.8,43802.3,34,0.4666779601064567,0.001739899792291466
248,"Tailspin Toys (Trentwood, WA)",48,85201.75,43722.15,38,0.5131602343848571,0.0015794036118537372
249,Libuse Valentova,815,101675.35,43704.8,32,0.42984656556382644,0.0018847783646051036
250,"Wingtip Toys (Montoya, NM)",582,83755.7,43657.3,34,0.5212457182018657,0.0015525978644022928
251,"Wingtip Toys (Key Biscayne, FL)",546,94711.45,43581.7,33,0.460152389177866,0.0017556870159815337
252,Sabine Zalite,849,93337.95,43415.25,39,0.46514038502024097,0.0017302261438646922
253,"Wingtip Toys (Cos Cob, CT)",596,95942.7,43360.6,32,0.45194266994779175,0.001778510968507097
254,Hoc Tran,945,89124.5,43357.5,30,0.4864823926080932,0.001652120492884928
255,"Wingtip Toys (Lytle, TX)",466,89789.6,43353.75,37,0.48283709917406914,0.0016644495981233054
256,"Tailspin Toys (Marcell, MN)",153,91041.2,43280.75,41,0.4753974024946947,0.001687650783082489
257,"Wingtip Toys (Birds, IL)",492,90248.45,43194.45,28,0.4786170842823339,0.001672955401669583
258,"Wingtip Toys (Rosa Sánchez, PR)",431,91269.15,43187.0,43,0.47318288819387494,0.001691876342455648
259,"Tailspin Toys (Devault, PA)",11,87541.5,43183.6,32,0.4932928953696247,0.0016227760731099296
260,"Wingtip Toys (Federalsburg, MD)",493,83355.15,42958.0,45,0.5153610784696567,0.0015451727808009816
261,"Tailspin Toys (Rafael Capó, PR)",116,87853.0,42923.4,39,0.48858206321924125,0.00162855041724127
262,"Wingtip Toys (Yaak, MT)",418,91415.2,42874.25,37,0.46900570145883835,0.0016945837034841626
263,Jasna Cerkez,867,84876.4,42862.05,28,0.5049937320621516,0.0015733725272208908
264,"Wingtip Toys (Dacono, CO)",445,84372.95,42859.85,34,0.5079809346478936,0.001564039963648103
265,"Tailspin Toys (Windsor Locks, CT)",75,88811.25,42857.65,37,0.4825700572844094,0.0016463137086180182
266,Ludmila Smidova,936,78116.65,42815.75,25,0.5481001809473397,0.0014480655521267372
267,"Tailspin Toys (Sans Souci, SC)",92,86678.4,42756.55,37,0.49327802543655636,0.0016067765982471366
268,Alena Kellnerova,810,85967.3,42738.35,37,0.4971465894590152,0.001593594780873794
269,Eric Torres,801,84221.95,42705.05,32,0.5070536837487141,0.0015612408433789782
270,"Tailspin Toys (Mineral Hills, MI)",129,82195.5,42703.8,31,0.5195393908425644,0.0015236760932507121
271,"Wingtip Toys (Straughn, IN)",513,80942.65,42675.0,35,0.5272251402690671,0.0015004517367661215
272,Laura Sykorova,868,78066.75,42649.5,35,0.5463209368905456,0.0014471405448325033
273,"Wingtip Toys (East Mountain, TX)",530,86824.7,42648.8,36,0.49120584349845153,0.0016094885935807324
274,"Tailspin Toys (Nanafalia, AL)",53,84451.2,42641.5,35,0.5049247375999394,0.0015654905011385602
275,"Wingtip Toys (Griswoldville, GA)",529,91934.95,42595.55,36,0.4633227080669539,0.0017042184237482532
276,"Tailspin Toys (Avenal, CA)",25,82691.3,42545.05,29,0.5145045488461302,0.001532866847088011
277,"Tailspin Toys (Tooele, UT)",200,85473.55,42479.65,41,0.4969917594390311,0.001584442028338162
278,Shi Tu,806,81431.1,42478.45,38,0.5216489768651043,0.0015095062420340294
279,Lakshmi Benipal,972,77736.15,42459.85,35,0.5462046936978484,0.001441012139792949
280,Pinja Jantunen,916,88212.7,42457.1,35,0.48130371250398185,0.0016352182553922914
281,Arka Chatterjee,1024,89948.1,42446.1,39,0.47189545971510233,0.0016673877475448702
282,"Tailspin Toys (Eastchester, NY)",170,87763.3,42211.95,34,0.4809749633388899,0.0016268876285780878
283,"Tailspin Toys (Orchard Hill, GA)",191,77574.65,42129.45,32,0.5430826951845739,0.001438018378710408
284,Ioana Florea,939,90653.25,42124.3,35,0.4646750116515404,0.001680459268457277
285,"Tailspin Toys (Lemeta, AK)",19,87531.6,42113.6,39,0.48112453102650926,0.0016225925546287088
286,Chin-Sun Chang,899,86557.2,42097.8,35,0.4863581539144058,0.0016045298871437065
287,Shah Alizadeh,859,80943.5,42067.75,34,0.5197174572386912,0.0015004674934033981
288,"Tailspin Toys (Andrix, CO)",85,85671.9,42020.45,34,0.4904811262502641,0.0015881188859896912
289,"Wingtip Toys (Triadelphia, WV)",535,90568.95,42013.2,31,0.4638808333319532,0.0016788965807838516
290,Agrita Kanepa,817,81928.15,41915.5,38,0.5116129193689837,0.0015187201673967348
291,"Wingtip Toys (Beekmantown, NY)",526,91218.25,41901.6,33,0.45935544696373803,0.0016909327979410889
292,Suparna Bhattacharya,822,80551.45,41845.65,29,0.5194897174414613,0.0014931999761748523
293,Tomo Vidovic,1041,79006.35,41797.65,34,0.5290416529810579,0.0014645581170501841
294,Abel Spirlea,836,84605.75,41786.45,29,0.4938961004423458,0.0015683554285398401
295,"Tailspin Toys (Ortley Beach, NJ)",171,80931.55,41748.85,35,0.5158538295633779,0.0015002459736205105
296,"Wingtip Toys (San Jacinto, CA)",472,72550.45,41682.5,33,0.5745312399854171,0.0013448836763518821
297,"Wingtip Toys (Branson West, MO)",508,85764.2,41659.2,25,0.4857411367447023,0.0015898298714257194
298,Biju Deb,842,80695.85,41658.1,34,0.5162359650465296,0.0014958767507898302
299,"Tailspin Toys (Upper Preston, WA)",43,89810.6,41595.1,31,0.463142435302737,0.0016648388797501374
300,Aive Petrov,1016,81971.55,41585.45,37,0.507315647929068,0.0015195246827588544
301,"Wingtip Toys (McAdenville, NC)",590,77913.65,41549.5,35,0.5332762616049948,0.001444302496400695
302,"Tailspin Toys (Peeples Valley, AZ)",3,78172.1,41444.5,37,0.5301699711278064,0.001449093440993777
303,"Wingtip Toys (Teutopolis, IL)",435,86781.0,41417.4,31,0.47726345628651434,0.0016086785170525155
304,"Tailspin Toys (Donner, LA)",158,87426.05,41292.25,32,0.47231059850010376,0.0016206359510233701
305,Liidia Lepp,911,89499.45,41286.6,28,0.461305628135145,0.0016590710236459106
306,"Wingtip Toys (Gilford, NH)",514,79629.95,41231.55,37,0.5177894749400195,0.00147611792764506
307,"Tailspin Toys (Arrow Rock, MO)",141,83729.05,41086.4,44,0.49070663049443414,0.0015521038474806228
308,Bimla PrabhupÄda,858,76524.0,41059.6,39,0.5365584653180702,0.0014185422481755995
309,Rani Ganguly,961,85839.6,41013.7,33,0.477794630916267,0.0015912275778382494
310,"Wingtip Toys (Bozeman Hot Springs, MT)",412,83266.35,40894.45,42,0.49112816882209914,0.0015435266756360926
311,"Tailspin Toys (Valdese, NC)",80,83716.6,40839.4,36,0.48782917605349474,0.0015518730590875726
312,"Tailspin Toys (Heilwood, PA)",181,81240.15,40782.9,36,0.5020042429759177,0.0015059665598129075
313,"Wingtip Toys (Lucasville, OH)",438,85707.2,40777.5,36,0.4757768308846865,0.0015887732498671755
314,"Wingtip Toys (Downingtown, PA)",507,82884.7,40737.6,33,0.49149722445758987,0.00153645194549893
315,"Tailspin Toys (Caselton, NV)",180,85828.0,40725.75,37,0.47450424104022,0.0015910125460824756
316,"Wingtip Toys (Lake Ronkonkoma, NY)",549,83897.1,40671.25,34,0.48477539748096177,0.0015552190273562948
317,"Wingtip Toys (Tea, SD)",444,83055.75,40544.2,31,0.48815644913205886,0.0015396227370355778
318,Bishwa Chatterjee,941,81245.05,40512.75,43,0.49864884076014476,0.0015060573921925017
319,"Tailspin Toys (Lake Hughes, CA)",47,85590.5,40436.7,32,0.47244378756988215,0.0015866099562552095
320,Dominic Davignon,835,79954.65,40392.0,34,0.5051863775277611,0.001482136963084695
321,"Wingtip Toys (Naches, WA)",422,77853.5,40384.4,21,0.518722986121369,0.0014431874825981265
322,"Tailspin Toys (Hedrick, IA)",26,88624.75,40288.45,39,0.4545959226965379,0.001642856517027344
323,"Tailspin Toys (Panaca, NV)",163,80033.75,40252.55,40,0.5029446952067097,0.0014836032572124287
324,Alinne Matos,976,77435.2,40204.4,38,0.519200570283282,0.0014354333633360408
325,"Wingtip Toys (Nuangola, PA)",539,82189.4,40153.6,30,0.4885496183206107,0.0015235630162067275
326,Aakriti Byrraju,832,75852.0,40151.15,27,0.5293354163370775,0.0014060852361169774
327,Mikhail Degtyarev,864,83646.45,40144.3,33,0.4799283173404251,0.0015505726730817506
328,Leila Carvalho,826,81424.0,40083.4,29,0.4922799174690509,0.0015093746277697194
329,Eva Schulteisz,924,82361.8,40045.05,38,0.4862090192297886,0.0015267588329908146
330,Manjunatha Karnik,1035,86299.7,40041.7,31,0.4639842316948958,0.001599756552909934
331,Anna Gyarmathi,938,74238.6,40015.6,28,0.539013397343161,0.001376177284844089
332,Edgar Jogi,960,78666.75,39939.95,39,0.5077106909844374,0.0014582628770277016
333,Sara Walkky,966,85219.45,39931.85,36,0.468576715761484,0.0015797317206534954
334,Urve Kasesalu,1012,77998.2,39677.1,31,0.5086925082886529,0.0014458698183792019
335,Dhanishta Mokkapati,971,85176.65,39654.15,35,0.4655518854052138,0.0015789383276235713
336,Alvin Bollinger,848,81268.4,39644.7,40,0.48782429579024567,0.001506490236287098
337,Roko Ilic,985,77610.4,39631.2,29,0.5106429035283931,0.0014386810843370387
338,"Wingtip Toys (Vair, TX)",461,69852.25,39621.15,31,0.5672136545351081,0.0012948665484700751
339,"Tailspin Toys (Indios, PR)",74,71000.15,39596.4,26,0.5576945964198667,0.0013161454236815218
340,Eliza Persson,951,80751.9,39594.85,37,0.4903271625806947,0.0014969157619890646
341,"Tailspin Toys (Bratenahl, OH)",120,78021.7,39482.5,34,0.5060451130903326,0.0014463054430568472
342,"Tailspin Toys (Rockwall, TX)",167,79081.85,39468.85,24,0.4990886025048731,0.0014659576771847466
343,"Tailspin Toys (Edgartown, MA)",59,80308.7,39367.2,41,0.490198446743628,0.0014887000659408783
344,Elina Kaleja,910,80241.45,39345.3,40,0.49033635359281275,0.0014874534378739998
345,"Wingtip Toys (Keosauqua, IA)",441,72136.9,39208.15,34,0.5435241880369132,0.0013372176088863414
346,Marija Justina Pasek,843,79999.35,39158.25,40,0.48948210204207904,0.0014829655768332374
347,"Tailspin Toys (Goffstown, NH)",18,81738.75,39142.25,32,0.47887018091174627,0.0015152092178671174
348,"Tailspin Toys (Hanoverton, OH)",124,85007.2,39057.0,31,0.4594551990890184,0.0015757971956394442
349,"Wingtip Toys (Corcovado, PR)",454,80045.3,38935.45,34,0.4864176909824811,0.0014838173621071862
350,"Wingtip Toys (Bergen Park, CO)",509,81560.4,38829.2,27,0.4760790775915763,0.0015119031046220944
351,"Tailspin Toys (Bethania, NC)",115,80152.0,38820.65,37,0.4843378830222577,0.001485795283515899
352,Gabriela Hernandes,894,76939.25,38810.05,35,0.5044245947289583,0.001426239828915693
353,"Wingtip Toys (Del Valle, TX)",515,74888.1,38780.0,31,0.5178392828767187,0.0013882172094453913
354,"Wingtip Toys (Lost River, ID)",430,86352.4,38773.4,42,0.4490135769243241,0.0016007334644210789
355,"Wingtip Toys (Claycomo, MO)",525,81328.35,38684.6,42,0.47565947175861795,0.0015076015426456018
356,Cosmina Vlad,802,80066.45,38643.65,37,0.4826447282226201,0.001484209424317067
357,"Tailspin Toys (Sun River, MT)",152,71463.7,38602.2,29,0.5401651467808132,0.001324738352163329
358,Chuan Wattanasin,952,78551.2,38573.75,34,0.49106506329629596,0.0014561209012191097
359,Kamila Michnova,902,68479.7,38562.0,27,0.563115784677795,0.0012694232867125424
360,Raghu Sandhu,955,80367.65,38523.65,35,0.47934274549523354,0.0014897928350790565
361,Daniella Cavalcante,1026,76496.6,38489.05,30,0.5031471986990271,0.0014180343283386855
362,Valentin Tirlea,958,73694.8,38472.85,38,0.5220565087360302,0.0013660967444311743
363,"Wingtip Toys (Rose Tree, PA)",414,81174.8,38453.65,40,0.47371413295751885,0.0015047551524646472
364,"Tailspin Toys (Medicine Lodge, KS)",4,80097.15,38374.65,27,0.4791013163389709,0.0014847785169810545
365,Gayatri Gajula,920,79286.85,38369.5,32,0.4839327076305844,0.0014697578073514393
366,Melani Ravlen,979,73670.65,38358.85,30,0.5206802166127217,0.0013656490705603174
367,"Tailspin Toys (Naples Park, FL)",194,82580.5,38325.0,26,0.4640926126627957,0.0015308129230759643
368,"Wingtip Toys (Mount Summit, IN)",450,77117.2,38318.5,37,0.4968865570845415,0.0014295385272725856
369,Fabrice Cloutier,1021,82547.3,38254.15,36,0.4634209719760671,0.0015301974873611634
370,"Tailspin Toys (North Ridge, NY)",28,78833.25,38244.15,40,0.48512715129720013,0.0014613493242118692
371,Allan Mannik,897,79457.7,38185.45,32,0.4805758283967444,0.001472924891444022
372,"Wingtip Toys (Chetek, WI)",417,81054.0,38171.4,40,0.47093789325634766,0.001502515856249347
373,Bhagavati Vinjamuri,962,74518.95,38143.05,32,0.5118570511259217,0.0013813741945622954
374,Chompoo Atitarn,1030,74382.75,38043.15,27,0.5114512437359469,0.0013788494251539853
375,"Tailspin Toys (Terre du Lac, MO)",135,74882.85,38017.2,31,0.5076890102339854,0.0013881198890386833
376,Kumar Kamei,973,74242.4,37990.9,29,0.5117143303556998,0.0013762477262813252
377,"Tailspin Toys (Biscay, MN)",12,74578.75,37899.1,33,0.5081755862092083,0.0013824827203377502
378,"Tailspin Toys (Ikatan, AK)",23,78483.8,37847.85,37,0.4822377356855809,0.0014548714925691824
379,"Wingtip Toys (Huntingburg, IN)",551,76101.85,37821.45,35,0.49698463309367635,0.0014107167606152613
380,"Tailspin Toys (Eden Valley, MN)",154,78025.5,37742.3,34,0.48371750261132584,0.0014463758844940834
381,Clarissa Manfrin,857,67386.0,37721.6,31,0.5597839313804054,0.0012491491288427283
382,"Tailspin Toys (Netcong, NJ)",9,79568.35,37698.75,35,0.4737907723359853,0.0014749760348730199
383,"Tailspin Toys (Saks, AL)",157,77693.65,37689.95,33,0.48510978696457174,0.0014402243079291225
384,"Wingtip Toys (Heartwell, NE)",424,81023.3,37686.7,34,0.46513410339988615,0.0015019467635853595
385,"Tailspin Toys (Crary, ND)",160,67870.05,37599.35,25,0.5539903094221972,0.0012581220703412048
386,"Wingtip Toys (Amado, AZ)",566,76118.7,37555.4,40,0.4933794192491464,0.001411029112777743
387,Isidora Morales,918,85303.45,37491.95,27,0.43951270435134804,0.0015812888471608232
388,"Wingtip Toys (Wapinitia, OR)",480,74801.85,37441.85,33,0.5005471121369324,0.0013866183741923315
389,"Wingtip Toys (West Hempstead, NY)",456,79864.25,37414.2,38,0.4684724391702169,0.001480461198367285
390,"Tailspin Toys (Armstrong Creek, WI)",178,79163.05,37359.05,35,0.4719253490106811,0.0014674628994751633
391,"Wingtip Toys (Ridgemark, CA)",471,85242.95,37103.9,32,0.4352723597669954,0.0015801673453311408
392,"Tailspin Toys (Sylvanite, MT)",2,77594.3,37095.0,35,0.478063466002013,0.0014383826350898008
393,"Wingtip Toys (Black Lick, PA)",402,77992.65,37060.0,30,0.47517298104372657,0.0014457669368063962
394,"Wingtip Toys (East Fultonham, OH)",499,73749.65,37047.05,31,0.5023352653199032,0.0013671135109660185
395,"Wingtip Toys (Deeson, MS)",538,71545.95,37042.7,24,0.5177469863772862,0.0013262630385350875
396,Baalaamjali Devulapalli,978,74724.75,37034.65,38,0.4956142375852713,0.0013851891545052484
397,"Wingtip Toys (Mickleton, NJ)",541,80354.65,37009.5,32,0.46057695478730853,0.0014895518512148271
398,"Wingtip Toys (Paw Paw Lake, MI)",428,76685.8,36974.45,34,0.48215510563885355,0.0014215415704242381
399,Bhagavaan Atluri,852,64866.8,36927.35,37,0.5692796623234073,0.0012024501633991556
400,Dipti Shah,1031,78730.0,36910.05,43,0.46881811253651723,0.001459435356213279
401,"Wingtip Toys (Accomac, VA)",595,77285.4,36864.0,31,0.47698530382193793,0.0014326564877313061
402,Vedrana Kovacevic,1008,79881.0,36834.35,36,0.46111528398492757,0.0014807716968077344
403,"Wingtip Toys (Karthaus, PA)",476,75123.1,36808.05,31,0.48996979624110293,0.001392573456221844
404,"Wingtip Toys (Mahaffey, PA)",467,77024.1,36767.1,34,0.47734540228318145,0.0014278127120602975
405,Svetlana Todorovic,947,76292.5,36723.5,38,0.4813513779205033,0.0014142508816702855
406,"Wingtip Toys (Balko, OK)",433,78775.6,36716.0,34,0.4660834065370495,0.001460280653460114
407,Malorie Bousquet,846,75485.7,36596.2,36,0.48480970567935383,0.0013992950523118088
408,"Wingtip Toys (Bethel Acres, OK)",425,81811.9,36499.7,32,0.4461416982126072,0.0015165652155339153
409,"Tailspin Toys (Absecon, NJ)",83,77080.45,36441.85,30,0.47277681954373646,0.0014288572844256297
410,"Wingtip Toys (Robertsdale, AL)",521,76559.95,36359.55,30,0.4749160625104902,0.001419208661246295
411,"Wingtip Toys (Trumansburg, NY)",575,75841.3,36192.95,32,0.4772195360575306,0.0014058868878594963
412,Magdalena Michnova,881,68703.55,36189.45,30,0.5267478900289723,0.0012735728434823679
413,"Wingtip Toys (Flomaton, AL)",570,72601.45,36156.2,31,0.49800933727907637,0.0013458290745884738
414,"Wingtip Toys (Morrison Bluff, AR)",550,79326.95,35867.95,33,0.45215339805702853,0.0014705011498864849
415,"Tailspin Toys (Madrone, NM)",172,73691.35,35843.55,36,0.48640104978399773,0.001366032791021052
416,Hee-Young Suh,957,78150.05,35687.95,35,0.4566593367502643,0.0014486846952856034
417,"Wingtip Toys (Johnetta, KY)",469,71270.4,35687.1,33,0.5007282125538793,0.0013211551074744426
418,"Tailspin Toys (Mount Montgomery, NV)",136,73799.9,35645.35,36,0.48299997696473845,0.0013680450062873663
419,Tailspin Toys (Head Office),1,77416.5,35638.7,32,0.46035018374635894,0.0014350867173159572
420,"Tailspin Toys (Ward Ridge, FL)",22,78853.4,35601.2,33,0.4514859219767315,0.0014617228492014246
421,Wingtip Toys (Head Office),401,74021.6,35578.95,33,0.48065632193846114,0.0013721547080334923
422,"Tailspin Toys (Gardere, LA)",68,74934.0,35528.05,32,0.47412456294872823,0.0013890680678583238
423,Daakshaayaani Kommineni,854,78063.5,35496.8,33,0.4547169932170605,0.001447080298866446
424,Kwanjai Saowaluk,821,67756.9,35466.3,31,0.5234345136805256,0.0012560245838613934
425,"Tailspin Toys (Clewiston, FL)",93,69612.45,35447.05,27,0.5092056090541276,0.0012904213230360607
426,"Tailspin Toys (Impact, TX)",40,65731.0,35380.25,29,0.5382582038916188,0.0012184700292043062
427,Amarakumaar Gadiyaram,992,71722.3,35246.8,33,0.4914343237737775,0.0013295320773394595
428,"Tailspin Toys (Elrosa, MN)",121,70321.65,35192.35,31,0.5004482972171443,0.0013035679196907852
429,"Wingtip Toys (Isabela, PR)",488,72328.05,35181.45,31,0.4864150215580262,0.0013407609985515287
430,"Wingtip Toys (Berville, MI)",443,69438.1,35162.7,33,0.5063891437121695,0.0012871893586723394
431,"Tailspin Toys (Glen Park, NY)",162,77546.55,35127.05,34,0.4529801777126126,0.0014374974828192664
432,"Tailspin Toys (Scofield, UT)",117,71139.05,35113.65,42,0.49359177554381173,0.0013187202435847106
433,"Tailspin Toys (Cundiyo, NM)",101,76281.95,35083.45,32,0.4599181064458892,0.0014140553139958532
434,"Wingtip Toys (Mendoza, TX)",559,73208.5,34940.2,29,0.47726971594828466,0.0013570820941869659
435,Bahaar Asef zade,892,71164.1,34860.5,25,0.4898607584442155,0.0013191846009538602
436,"Wingtip Toys (Trout Run, PA)",572,66053.95,34855.1,35,0.5276762404065162,0.0012244566245083717
437,Narendra Tickoo,1014,69228.85,34836.95,33,0.503214339108623,0.001283310445319264
438,Bala Dixit,803,66704.65,34822.8,26,0.5220445651090292,0.0012365187937740643
439,"Tailspin Toys (Magalia, CA)",197,66428.8,34771.4,30,0.5234386290283732,0.001231405301547322
440,"Tailspin Toys (Astor Park, FL)",174,66035.35,34760.0,26,0.5263847318140965,0.0012241118322103208
441,"Tailspin Toys (North Crows Nest, IN)",110,70631.7,34753.3,34,0.4920354458408902,0.001309315384852654
442,"Tailspin Toys (Skyway, WA)",201,68262.45,34607.7,36,0.506980045398312,0.0012653960755968643
443,"Tailspin Toys (Premont, TX)",188,68669.05,34600.75,31,0.5038769285434995,0.001272933309381144
444,"Tailspin Toys (South La Paloma, TX)",96,77067.75,34594.8,30,0.44888815360510725,0.001428621861727498
445,"Tailspin Toys (Lavon, TX)",95,58423.15,34568.95,26,0.5916995232198194,0.001083002803649839
446,"Wingtip Toys (Weld, ME)",540,76112.85,34564.65,34,0.45412371235606075,0.00141092067003884
447,"Tailspin Toys (Cherry Grove Beach, SC)",114,71666.65,34547.65,35,0.4820603446651965,0.0013285004810283548
448,"Tailspin Toys (Lakemore, OH)",57,66843.75,34497.55,32,0.5160923796166433,0.0012390973211213179
449,"Wingtip Toys (Bourbonnais, IL)",405,71026.3,34488.05,34,0.4855673180216343,0.0013166301719930295
450,Richard Friar,926,68660.6,34473.65,27,0.5020878058158537,0.001272776669869395
451,"Tailspin Toys (Kalvesta, KS)",103,67968.1,34451.5,32,0.5068774910583053,0.0012599396447941034
452,Eugen Agafitei,907,69031.25,34443.25,29,0.49895156179266636,0.0012796474905829786
453,"Wingtip Toys (Liberty Grove, MD)",555,68004.2,34417.45,32,0.506107710994321,0.0012606088384478477
454,"Wingtip Toys (Lexington Heights, MI)",543,60066.8,34414.8,28,0.572942124434796,0.0011134715058375687
455,"Tailspin Toys (Navassa, NC)",138,72247.8,34356.95,34,0.4755431999313473,0.0013392733866204208
456,Stefan Selezeanu,1002,73217.9,34335.75,31,0.4689529472984066,0.0013572563440580239
457,Hana Hlouskova,873,67863.0,34273.15,34,0.5050344075564004,0.0012579913829379112
458,"Tailspin Toys (Hollywood Park, TX)",156,65617.6,34215.3,23,0.5214347979810294,0.0012163679084194138
459,Maryann Huddleston,882,74306.2,34210.65,28,0.4604010163351107,0.0013774304009380811
460,"Tailspin Toys (Manchester Center, VT)",97,71122.1,34195.55,33,0.48080062315370325,0.0013184060377001963
461,Taneli Riutta,891,68965.15,34166.25,25,0.49541326307562594,0.0012784221803194742
462,Isidora Urias,970,71554.15,34146.65,34,0.4772141098734316,0.001326415043741755
463,"Tailspin Toys (Hardeeville, SC)",139,58913.45,34144.05,28,0.5795629011711249,0.0010920916027753484
464,Olafs Rozitis,904,73440.0,34075.5,25,0.46399101307189544,0.0013613734606922798
465,Farzana Habibi,1023,66362.9,34010.5,36,0.5124926728639044,0.0012301836987278826
466,Marcela Lucescu,860,68573.7,33971.8,38,0.4954056730204146,0.0012711657854231236
467,"Wingtip Toys (Haydenville, OH)",459,68518.95,33878.1,36,0.49443402153710764,0.0012701508726103118
468,Hai Banh,1020,68319.1,33819.75,23,0.49502628108391356,0.0012664462091282946
469,Bhaamini Palagummi,1039,63468.6,33794.2,35,0.5324554189000544,0.0011765314219402783
470,Ratan Poddar,805,69664.95,33725.45,26,0.48410929743005626,0.0012913945271031406
471,"Tailspin Toys (Arbor Vitae, WI)",155,67190.8,33712.5,36,0.5017427981211713,0.001245530663435224
472,Radha Barua,883,66985.65,33695.7,30,0.5030286337446901,0.0012417277526854823
473,"Tailspin Toys (Batson, TX)",15,58353.4,33591.0,32,0.5756476914798452,0.001081709832532147
474,"Tailspin Toys (Jemison, AL)",46,71236.0,33542.1,31,0.4708588354202931,0.0013205174270952513
475,"Wingtip Toys (Raton, NM)",518,73096.3,33491.45,32,0.45818256190805823,0.0013550022180664639
476,"Tailspin Toys (Statenville, GA)",119,67662.85,33455.35,30,0.4944419278821391,0.0012542811582897963
477,Madhu Dwivedi,809,68170.9,33443.05,39,0.49057662433677723,0.0012636989930760803
478,Kertu Sokk,919,63605.8,33442.65,31,0.5257798817089008,0.0011790747285689138
479,Jackson Kolios,808,66077.3,33440.9,34,0.5060875671372771,0.0012248894686029683
480,Emil Roman,974,65763.75,33427.65,32,0.5082990249187432,0.0012190771231699608
481,"Wingtip Toys (Dickworsham, TX)",599,69942.7,33415.4,32,0.4777539328621858,0.001296543240048501
482,Cong Hoa,834,59622.7,33414.85,27,0.560438390076263,0.0011052391262910892
483,Damodara Trivedi,1038,71460.35,33306.4,31,0.4660822400114189,0.0013246762524752394
484,"Wingtip Toys (Smoot, WY)",451,65534.9,33246.7,32,0.5073128974027579,0.001214834880298509
485,Nils Kaulins,1018,70559.45,33141.95,36,0.4697024990982781,0.0013079760706841488
486,"Wingtip Toys (Pawlet, VT)",571,67070.7,33077.15,36,0.4931684028942594,0.0012433043432741517
487,"Wingtip Toys (Knights Landing, CA)",583,70929.4,33065.75,35,0.4661783407162616,0.0013148339153435048
488,"Tailspin Toys (Tavares, FL)",134,62898.8,33038.8,34,0.525269162527743,0.001165968913798905
489,"Tailspin Toys (Stallion Springs, CA)",63,65700.05,33005.3,36,0.5023633924175096,0.0012178963022352373
490,Emma Van Zant,1028,65296.85,32929.8,36,0.5043091665218155,0.0012104220950000639
491,"Wingtip Toys (Cowlington, OK)",463,59955.75,32907.5,32,0.548863119884248,0.0011114129475204406
492,Johanna Hoornstra,814,67272.85,32821.6,29,0.48788775858314304,0.0012470516423629173
493,Leyla Siavashi,877,68303.2,32815.3,38,0.4804357628925146,0.0012661514673251216
494,Pavel Bogdanov,838,62997.95,32807.55,33,0.5207717076508046,0.0011678068791941614
495,"Wingtip Toys (Caro, MI)",600,65271.1,32697.95,31,0.5009560126916813,0.0012099447615766866
496,"Wingtip Toys (Glancy, MS)",477,68014.7,32600.7,28,0.4793184414545679,0.0012608034792612637
497,"Wingtip Toys (White Church, MO)",481,65313.55,32567.55,39,0.4986338975603071,0.0012107316665794972
498,Devraj Rao,833,67578.3,32470.3,33,0.48048411990239465,0.0012527138363112895
499,Serdar ozCelik,1010,68430.9,32436.1,40,0.47399785769294284,0.0012685186703606662
500,"Tailspin Toys (Howells, NE)",196,68878.15,32435.0,30,0.47090405302697597,0.0012768094421511703
501,"Tailspin Toys (Amanda Park, WA)",44,70123.75,32434.55,31,0.4625330219790014,0.0012998994037884022
502,"Tailspin Toys (Idria, CA)",52,62145.05,32310.25,36,0.5199167109850261,0.001151996483978687
503,"Tailspin Toys (Olivette, MO)",41,62034.65,32309.15,31,0.5208242490285672,0.0011499499748547704
504,Debbie Molina,886,61796.45,32077.6,24,0.5190848341611857,0.0011455344089732766
505,"Wingtip Toys (Dickerson, MD)",522,71383.95,32027.7,37,0.4486680829514198,0.0013232600088423838
506,"Wingtip Toys (Truscott, TX)",413,60535.9,31973.3,33,0.5281708870273673,0.0011221673158921812
507,Sercan Celik,828,59913.55,31953.2,31,0.5333217611041242,0.0011106306768227118
508,"Tailspin Toys (Ashtabula, OH)",143,70519.35,31941.1,42,0.4529409303971179,0.0013072327281491033
509,Valter Viiding,991,63809.5,31830.25,32,0.49883246225091876,0.0011828507603491834
510,"Wingtip Toys (Akhiok, AK)",537,71620.55,31752.5,33,0.44334342587427766,0.0013276459151713572
511,Serdar ozden,1027,64676.3,31662.2,28,0.48954872186566023,0.0011989188229271802
512,Adriana Pena,1055,55629.05,31628.55,24,0.568561749661373,0.0010312079563388327
513,"Wingtip Toys (North Manitou, MI)",511,58395.4,31512.45,27,0.5396392524068676,0.001082488395785811
514,Chandana Shasthri,914,71427.25,31468.9,28,0.440572750595886,0.0013240626704824707
515,"Tailspin Toys (Yewed, OK)",76,63148.2,31466.4,30,0.49829448820393935,0.0011705920965480424
516,Kamala Nishad,984,65386.8,31462.05,34,0.481168217438382,0.0012120895179683275
517,Kristi Part,999,62489.45,31448.7,24,0.5032641509886869,0.0011583807026587308
518,Manca Hrastovsek,937,67493.6,31404.2,34,0.4652915239370844,0.001251143733749734
519,"Wingtip Toys (Caton, NY)",482,64514.05,31388.9,30,0.48654362886844027,0.0011959111589293953
520,"Tailspin Toys (Aceitunas, PR)",84,63649.45,31377.65,39,0.49297598015379557,0.0011798838782361143
521,"Tailspin Toys (Glen Avon, CA)",107,61546.6,31327.85,32,0.5090102458949803,0.0011409028844749929
522,"Tailspin Toys (Lytle Creek, CA)",69,63749.75,31309.85,37,0.4911368279875607,0.001181743161434745
523,Nada Jovanovic,931,68183.5,31295.25,28,0.4589856783532673,0.0012639325620521795
524,Akhil Nadar,987,66211.6,31262.45,27,0.47215971219544606,0.0012273790172926602
525,"Tailspin Toys (Wilkes-Barre, PA)",189,64477.8,31239.8,31,0.48450474426856993,0.001195239184692602
526,Hanita Nookala,1044,65293.65,31175.05,32,0.4774591403605098,0.001210362775895023
527,"Tailspin Toys (McClave, CO)",122,67501.25,31147.7,32,0.4614388622432918,0.0012512855434852227
528,Drazenka Jelic,943,64055.65,30910.15,33,0.48255150014089315,0.0011874136971322636
529,"Tailspin Toys (Manahawkin, NJ)",145,61518.95,30888.65,32,0.5020997595049981,0.0011403903303329975
530,"Wingtip Toys (Mooringsport, LA)",407,62380.55,30858.45,22,0.4946806336269879,0.0011563619993653024
531,"Wingtip Toys (Oologah, OK)",465,60891.3,30848.4,30,0.5066142453848087,0.0011287554439958038
532,"Wingtip Toys (Vamo, FL)",432,62510.35,30814.1,26,0.4929439684788199,0.0011587681305635302
533,"Wingtip Toys (Penns Creek, PA)",404,64768.3,30771.45,31,0.4751004735341208,0.0012006242471971106
534,"Wingtip Toys (Frenchburg, KY)",520,65505.75,30670.2,36,0.468206226170985,0.0012142945203260256
535,"Tailspin Toys (Teutopolis, IL)",190,65923.8,30664.65,31,0.4651529493142082,0.0012220440052830301
536,Mahavir Sonkar,998,60899.05,30502.6,31,0.500871524268441,0.0011288991074533251
537,Be Trang,963,62686.85,30421.25,34,0.4852891794690593,0.0011620399499509511
538,Abel Tatarescu,869,65713.65,30389.2,23,0.46244882151577343,0.0012181484084316616
539,"Tailspin Toys (Hiteman, IA)",179,66096.2,30370.8,35,0.4594938892099697,0.001225239822067117
540,"Tailspin Toys (Dallardsville, TX)",34,56663.45,30314.05,24,0.5349841917497081,0.0010503828570433546
541,Ian Olofsson,1052,66913.85,30242.95,28,0.45196846392787143,0.0012403967802661236
542,Nhung Thach,956,63176.55,30216.35,26,0.47828426845087296,0.0011711176267442656
543,Bijoya Thakur,865,51473.8,30172.8,23,0.5861778225038757,0.0009541811715820027
544,"Wingtip Toys (Highland Home, AL)",421,57209.4,30166.45,26,0.5272988355060532,0.001060503252479969
545,Jaroslav Fisar,1058,54552.4,30093.4,14,0.5516420909070912,0.0010112498580755656
546,Andris Saulitis,990,64869.4,30051.1,32,0.46325540239311597,0.0012024983601720014
547,"Wingtip Toys (Athol Springs, NY)",427,64028.6,29940.7,30,0.4676144722826987,0.0011869122653224635
548,Sointu Savonheimo,889,59308.45,29923.6,42,0.504541932894891,0.001099413804803854
549,"Tailspin Toys (Baraboo, WI)",148,57946.55,29861.6,30,0.5153300757335855,0.0010741679644427865
550,"Wingtip Toys (Ovilla, TX)",568,61048.4,29837.6,31,0.48875318599668455,0.0011316676413089131
551,"Wingtip Toys (Morton Grove, IL)",491,49538.45,29834.0,29,0.6022392707079047,0.0009183051622253741
552,"Wingtip Toys (Boalsburg, PA)",495,64565.85,29631.3,32,0.4589314629947565,0.0011968713869422473
553,"Wingtip Toys (Plata, TX)",587,61935.85,29496.0,26,0.47623468475850417,0.0011481184974866277
554,"Tailspin Toys (Seagraves, TX)",168,58733.6,29450.2,32,0.5014199708514377,0.001088757683699838
555,Jitka Necesana,879,58308.0,29363.1,29,0.5035861288330932,0.0010808682427293772
556,"Tailspin Toys (Malott, WA)",176,64212.35,29303.75,31,0.45635691576464654,0.001190318479557243
557,"Tailspin Toys (Mappsburg, VA)",58,56275.75,29297.1,25,0.5205990146732828,0.001043195976723224
558,"Tailspin Toys (Fairfield Glade, TN)",61,59769.9,29295.2,33,0.49013299336287997,0.001107967805122978
559,"Wingtip Toys (Marfa, TX)",594,62382.2,29252.1,30,0.46891741554481886,0.001156392585778839
560,"Wingtip Toys (Elverson, PA)",487,65783.9,29038.8,31,0.44142715770880114,0.001219450648159516
561,"Wingtip Toys (Lostine, OR)",563,57179.0,28977.1,29,0.5067787124643662,0.001059939720982079
562,"Wingtip Toys (Compass Lake, FL)",419,60710.35,28949.9,28,0.47685279363403443,0.0011254011339779351
563,Violetta KlanCisar,913,58153.75,28911.8,38,0.497161404036713,0.0010780088764941948
564,Nadir Seddigh,1022,57878.75,28806.1,31,0.49769734142496164,0.001072911140904729
565,"Wingtip Toys (Alcester, SD)",589,59884.7,28790.9,27,0.48077221727753505,0.0011100958780163258
566,"Tailspin Toys (Lake Erie Beach, NY)",133,53579.5,28767.7,25,0.536916171296858,0.0009932149964210514
567,Kristiina Ivanov,847,57245.8,28759.5,31,0.5023862012584329,0.001061178007299811
568,"Tailspin Toys (Tumacacori, AZ)",106,56537.45,28683.95,30,0.5073442470433315,0.001048047167282363
569,"Tailspin Toys (Bernie, MO)",108,60592.35,28662.5,26,0.4730382630810655,0.001123213741979546
570,"Wingtip Toys (Palmas del Mar, PR)",560,55781.75,28628.65,32,0.5132260999341183,0.0010340385898825106
571,Jay Bhuiyan,866,57308.05,28628.15,34,0.4995484927510184,0.001062331949265063
572,Abhra Ganguly,1048,58243.35,28603.9,20,0.4911101439048407,0.0010796698114353446
573,"Wingtip Toys (Universal City, TX)",470,59976.7,28466.55,33,0.47462681341254187,0.0011118013022862563
574,"Wingtip Toys (Morita, TX)",556,58585.8,28393.6,30,0.48464986396020876,0.001086017882535754
575,Anca Gogean,968,56345.85,28364.85,39,0.5034061958422847,0.0010444954358680297
576,"Tailspin Toys (Ekron, KY)",36,60850.95,28334.5,34,0.46563775914755645,0.0011280074671556767
577,"Tailspin Toys (Tunnelhill, PA)",100,60081.8,28321.8,34,0.4713873419238438,0.0011137495641424487
578,"Tailspin Toys (Tresckow, PA)",21,57758.1,28230.65,27,0.4887738689465201,0.0010706746252724779
579,Annette  Hetu,1013,59171.0,28192.9,31,0.4764648222947052,0.0010968658638701376
580,"Wingtip Toys (Rockwall, TX)",408,55781.95,28095.55,27,0.5036674049580554,0.0010340422973265757
581,Sumati Bhat,908,55657.85,28043.5,26,0.5038552513257339,0.0010317418282842022
582,Dhanishta Pullela,1019,58849.85,28035.4,29,0.4763886399030754,0.0010909126355626575
583,"Tailspin Toys (Railroad, PA)",54,58525.75,28032.8,35,0.4789823282913931,0.0010849047224552179
584,Staffan Persson,969,55199.3,27993.5,28,0.5071350542488763,0.001023241585904022
585,"Wingtip Toys (Willow Valley, AZ)",426,57888.0,27953.75,32,0.48289369126589277,0.0010730826101927383
586,"Tailspin Toys (Corfu, NY)",150,63726.65,27951.75,36,0.43861947866394985,0.0011813149516452298
587,"Wingtip Toys (Haycock, AK)",597,57659.25,27826.85,29,0.4826086013952661,0.0010688422210433188
588,"Wingtip Toys (Valhalla, NC)",503,54482.45,27803.45,33,0.5103193780749581,0.0010099531795138086
589,Marie LeBatelier,876,59393.35,27608.65,29,0.46484412817259846,0.0011009876148094747
590,"Wingtip Toys (Obion, TN)",500,54602.95,27580.55,20,0.5051109875931612,0.001012186914563011
591,"Tailspin Toys (Knifley, KY)",193,53742.85,27408.55,25,0.5099943527371548,0.0009962430513611941
592,Liia Orav,818,57777.4,27337.1,24,0.4731452090263667,0.0010710323936247567
593,"Wingtip Toys (Helotes, TX)",553,55502.2,27303.6,27,0.49193725654118214,0.0010288565099405645
594,Francisca Laureano,823,54593.75,27200.5,35,0.49823468803663423,0.0010120163721360179
595,"Wingtip Toys (Chaseley, ND)",547,55755.65,27143.45,31,0.486828689110431,0.0010335547684320195
596,Rodrigo Figueiredo,840,59063.75,27107.9,29,0.4589600220101162,0.0010948777469902457
597,Lorin Astrom,940,54969.05,27056.25,36,0.49220879749604546,0.0010189733909241145
598,"Tailspin Toys (Great Neck Estates, NY)",62,54076.0,27051.3,21,0.5002459501442414,0.001002418726312578
599,Geza Roman,895,56273.95,26981.55,30,0.47946785324293034,0.0010431626097266384
600,"Wingtip Toys (Edmund, WI)",411,52698.2,26905.85,31,0.5105648769787203,0.0009768781441483374
601,"Wingtip Toys (New Laguna, NM)",557,55124.7,26593.3,28,0.4824207660087039,0.0010218587092677522
602,Victoria Lacusta,921,56361.45,26448.5,32,0.46926578361628385,0.0010447846165051048
603,"Tailspin Toys (Annamoriah, WV)",125,55450.9,26439.6,26,0.47681101659305797,0.001027905550537875
604,Celica Barajas,812,61651.25,26369.75,29,0.4277244986922406,0.0011428428045820386
605,"Tailspin Toys (New Baden, IL)",70,52676.65,26271.4,30,0.49872951298155827,0.0009764786670503267
606,"Tailspin Toys (Stonefort, IL)",13,49151.15,26154.55,24,0.5321248841583563,0.0009111256967933736
607,"Wingtip Toys (Crossroads, NM)",462,55007.05,26151.0,29,0.4754117881253403,0.0010196778052964772
608,Ana Florea,915,53409.3,26088.05,35,0.488455194132857,0.0009900599615216801
609,"Wingtip Toys (Philip, SD)",512,52620.1,26024.3,18,0.49456956562226223,0.0009754303872409291
610,Daevasree Samavedam,935,54504.7,26001.4,28,0.4770487682713601,0.0010103656326660472
611,"Tailspin Toys (Wallagrass, ME)",104,57153.55,25971.95,33,0.4544240908919918,0.0010594679487247994
612,"Wingtip Toys (Goodings Grove, IL)",576,51438.5,25909.9,30,0.5037063677984389,0.0009535268077045185
613,"Wingtip Toys (Lowellville, OH)",486,54778.55,25781.2,25,0.47064407509873846,0.001015442050452139
614,Isa Hulsegge,1015,53988.05,25778.65,34,0.47748807374965385,0.0010007883777849653
615,Bhadram Kamasamudram,1005,52820.6,25698.0,26,0.48651473099510417,0.000979147099916158
616,"Wingtip Toys (Baldwin City, KS)",423,52587.55,25675.55,22,0.48824389042653626,0.0009748270007193397
617,Ivana Hadrabova,1047,49336.95,25311.75,27,0.5130384022522674,0.0009145699123298199
618,Emma Salpa,1054,51439.35,25174.9,26,0.489409372396813,0.000953542564341795
619,Nicolo Cattaneo,932,48588.85,24981.4,30,0.5141385317824975,0.0009007022178044401
620,"Wingtip Toys (Nichols Hills, OK)",533,56513.25,24835.4,26,0.43946154220470424,0.00104759856655049
621,"Wingtip Toys (Herlong, CA)",420,57803.2,24802.8,26,0.42909043097959976,0.0010715106539091503
622,Milinka Zujovic,989,48539.0,24640.6,35,0.5076453985454995,0.0008997781373712224
623,"Wingtip Toys (Portales, NM)",457,46170.2,24578.6,25,0.5323477047966004,0.0008558671698645793
624,"Tailspin Toys (Oriole Beach, FL)",111,47525.7,24137.9,24,0.5078915197461584,0.0008809943720155649
625,"Tailspin Toys (Jessie, ND)",6,51778.9,24120.5,29,0.4658364700679234,0.0009598368775032611
626,"Wingtip Toys (Marin City, CA)",573,47825.7,24110.4,24,0.5041306243295969,0.0008865555381131641
627,Can ozcan,925,52587.05,23972.25,27,0.45585842902387563,0.0009748177321091771
628,"Wingtip Toys (Oak Point, TX)",588,50926.85,23712.65,24,0.46562176926316867,0.0009440422389250631
629,Gopalgobinda Sikdar,898,49056.75,23373.6,22,0.4764604259352688,0.0009093757831946624
630,"Wingtip Toys (Schererville, IN)",542,48216.9,23331.65,26,0.4838894661415396,0.0008938072987044335
631,Matyas Sedlar,927,47604.6,23283.3,32,0.4890976922398256,0.0008824569586992335
632,"Wingtip Toys (Cape Neddick, ME)",504,48758.75,23188.1,29,0.4755679749788499,0.0009038516915377138
633,Ganesh Majumdar,1057,46772.25,23076.45,18,0.4933790869586133,0.0008670275033614446
634,Santiago Vera,819,49023.45,23041.55,23,0.4700107805550201,0.0009087584937578287
635,Amrita Ganguly,1050,42138.15,22639.0,17,0.5372566190020207,0.00078112417065183
636,"Tailspin Toys (Francis Mills, NJ)",126,41317.2,22525.45,23,0.5451833618928679,0.0007659060396257497
637,Amet Shergill,1049,48685.8,22256.8,26,0.457151777314946,0.000902499401314981
638,"Wingtip Toys (Verdery, SC)",497,48932.4,22113.25,27,0.4519142735692506,0.0009070706798472076
639,"Wingtip Toys (Cherryplain, NY)",577,45282.55,21895.8,24,0.4835372566253446,0.0008394126062427997
640,"Wingtip Toys (Towaco, NJ)",585,48951.15,21873.9,24,0.4468516061420416,0.0009074182527283075
641,"Wingtip Toys (Miesville, MN)",502,45609.6,21636.6,29,0.47438697116396544,0.000845475204150199
642,Surendra Sahu,811,45186.55,21578.5,21,0.4775425430797438,0.0008376330330915679
643,Juan Morse,839,42903.1,21472.9,25,0.5004976330381721,0.0007953042173396916
644,Sara Huiting,905,46203.8,21462.15,27,0.4645104948077864,0.0008564900204675104
645,"Wingtip Toys (Stanardsville, VA)",453,40247.6,21276.1,26,0.528630278575617,0.0007460786287657762
646,"Tailspin Toys (Kwethluk, AK)",131,45066.6,21252.2,31,0.4715731828005663,0.0008354094935135444
647,Anil Sarkar,837,45387.9,20686.5,28,0.4557712518094029,0.0008413655024040732
648,Kalyani Benjaree,1056,44808.45,20541.3,13,0.45842469444937284,0.0008306241100865603
649,Pari Hosseini,917,48144.75,20388.25,23,0.4234781570160817,0.0008924698382579609
650,"Tailspin Toys (East Dailey, WV)",60,46784.45,20355.2,24,0.4350847343508367,0.0008672536574494136
651,"Tailspin Toys (Dundarrach, NC)",24,42119.4,20283.95,31,0.4815821213027726,0.0007807765977707301
652,Sylvie Laramee,1051,38734.5,19752.0,21,0.5099330054602487,0.0007180299606915184
653,"Tailspin Toys (San Acacia, NM)",175,42569.65,19734.85,31,0.46358967010534496,0.0007891229812222102
654,Luis Saucedo,1053,40036.8,19605.2,23,0.48967949486472445,0.0007421709827211966
655,"Wingtip Toys (Saint Landry, LA)",446,36202.2,16734.3,28,0.46224538840180984,0.0006710881576616838
656,"Tailspin Toys (Madaket, MA)",66,37224.7,16545.7,26,0.44448175539359625,0.0006900424654443343
657,"Tailspin Toys (Cokato, MN)",73,35530.65,16527.2,19,0.4651533253683791,0.000658639487352208
658,"Tailspin Toys (College Place, WA)",20,36971.0,15653.2,24,0.42339130669984587,0.000685339572647798
659,"Wingtip Toys (Munich, ND)",581,31544.6,15160.0,22,0.48058938772404786,0.0005847492002744239
660,"Tailspin Toys (Tomnolen, MS)",105,29978.6,15092.2,18,0.5034324484799158,0.0005557199132449562
661,Agrita Abele,1061,22829.65,10154.85,9,0.4448097101795253,0.00042319825200018397
662,Jibek Juniskyzy,1059,13208.1,6332.8,8,0.4794633596050908,0.0002448414597789992
663,Anand Mudaliyar,1060,7240.2,3260.4,4,0.45031905195989064,0.00013421318259945866
