StockItemID,StockItemName,units,sales,gross_profit,gross_margin
161,20 mm Double sided bubble wrap 50m,18990,2050920,1747080,0.8518518518518519
215,Air cushion machine (Blue),1746,3315654.0,1325214,0.39968404423380727
167,10 mm Anti static bubble wrap (Blue) 50m,21260,2104740.0,1148040,0.5454545454545454
173,32 mm Anti static bubble wrap (Blue) 50m,17500,1837500.0,1015000,0.5523809523809524
170,20 mm Anti static bubble wrap (Blue) 50m,19030,1941060,894410,0.46078431372549017
164,32 mm Double sided bubble wrap 50m,16620,1861440,880860,0.4732142857142857
158,10 mm Double sided bubble wrap 50m,17190,1804950.0,842310,0.4666666666666667
219,Void fill 400 L bag (White) 400L,19480,974000,467520,0.48
172,32 mm Anti static bubble wrap (Blue) 20m,18250,876000,456250,0.5208333333333334
163,32 mm Double sided bubble wrap 20m,17340,641580.0,398820,0.6216216216216216
169,20 mm Anti static bubble wrap (Blue) 20m,16080,723600.0,385920,0.5333333333333333
166,10 mm Anti static bubble wrap (Blue) 20m,18040,757680,342760,0.4523809523809524
160,20 mm Double sided bubble wrap 20m,19040,628320.0,342720,0.5454545454545454
218,Void fill 300 L bag (White) 300L,16620,623250.0,324090,0.52
205,Tape dispenser (Blue),18910,605120,283650,0.46875
171,32 mm Anti static bubble wrap (Blue) 10m,17460,558720,279360,0.5
203,Tape dispenser (Black),17830,570560,267450,0.46875
176,Bubblewrap dispenser (Red) 1.5m,2006,481440,260780,0.5416666666666666
157,10 mm Double sided bubble wrap 20m,16130,483900,258080,0.5333333333333333
91,"""The Gu"" red shirt XML tag t-shirt (Black) XS",23268,418824.0,255948,0.6111111111111112
168,20 mm Anti static bubble wrap (Blue) 10m,14980,434420.0,254660,0.5862068965517241
74,Ride on vintage American toy coupe (Black) 1/12 scale,1931,550335.0,251030,0.45614035087719296
90,"""The Gu"" red shirt XML tag t-shirt (Black) XXS",22716,408888.0,249876,0.6111111111111112
93,"""The Gu"" red shirt XML tag t-shirt (Black) M",22572,406296.0,248292,0.6111111111111112
75,Ride on big wheel monster truck (Black) 1/12 scale,1748,603060.0,244720,0.4057971014492754
174,Bubblewrap dispenser (Black) 1.5m,1882,451680,244660,0.5416666666666666
15,USB food flash drive - dessert 10 drive variety pack,1946,413244.0,241023.0,0.583246217730929
73,Ride on vintage American toy coupe (Red) 1/12 scale,1798,512430.0,233740,0.45614035087719296
79,"""The Gu"" red shirt XML tag t-shirt (White) S",21084,379512.0,231924,0.6111111111111112
84,"""The Gu"" red shirt XML tag t-shirt (White) 3XL",22980,413640.0,229800,0.5555555555555556
81,"""The Gu"" red shirt XML tag t-shirt (White) L",20784,374112.0,228624,0.6111111111111112
92,"""The Gu"" red shirt XML tag t-shirt (Black) S",20784,374112.0,228624,0.6111111111111112
94,"""The Gu"" red shirt XML tag t-shirt (Black) L",20784,374112.0,228624,0.6111111111111112
162,32 mm Double sided bubble wrap 10m,18850,414700,228085,0.55
96,"""The Gu"" red shirt XML tag t-shirt (Black) XXL",21492,386856.0,225666,0.5833333333333334
83,"""The Gu"" red shirt XML tag t-shirt (White) XXL",21468,386424.0,225414,0.5833333333333334
89,"""The Gu"" red shirt XML tag t-shirt (Black) 3XS",20244,364392.0,222684,0.6111111111111112
87,"""The Gu"" red shirt XML tag t-shirt (White) 6XL",22200,399600.0,222000,0.5555555555555556
82,"""The Gu"" red shirt XML tag t-shirt (White) XL",21132,380376.0,221886,0.5833333333333334
85,"""The Gu"" red shirt XML tag t-shirt (White) 4XL",21696,390528.0,216960,0.5555555555555556
76,"""The Gu"" red shirt XML tag t-shirt (White) 3XS",19680,354240.0,216480,0.6111111111111112
97,"""The Gu"" red shirt XML tag t-shirt (Black) 3XL",21564,388152.0,215640,0.5555555555555556
99,"""The Gu"" red shirt XML tag t-shirt (Black) 5XL",21384,384912.0,213840,0.5555555555555556
88,"""The Gu"" red shirt XML tag t-shirt (White) 7XL",22056,397008.0,209532,0.5277777777777778
8,USB food flash drive - dim sum 10 drive variety pack,1658,351840.0,205107.0,0.5829553206002729
101,"""The Gu"" red shirt XML tag t-shirt (Black) 7XL",21540,387720.0,204630,0.5277777777777778
175,Bubblewrap dispenser (Blue) 1.5m,1518,364320,197340,0.5416666666666666
155,Large sized bubblewrap roll 50m,17590,422160,193490,0.4583333333333333
100,"""The Gu"" red shirt XML tag t-shirt (Black) 6XL",19140,344520.0,191400,0.5555555555555556
154,Medium sized bubblewrap roll 20m,18550,371000,185500,0.5
159,20 mm Double sided bubble wrap 10m,17690,318420,176900,0.5555555555555556
217,Void fill 200 L bag (White) 200L,19010,475250.0,171090,0.36
71,Ride on toy sedan car (Yellow) 1/12 scale,1933,444590.0,164305,0.3695652173913043
69,Ride on toy sedan car (Blue) 1/12 scale,1931,444130.0,164135,0.3695652173913043
72,Ride on toy sedan car (Pink) 1/12 scale,1901,437230.0,161585,0.3695652173913043
68,Ride on toy sedan car (Red) 1/12 scale,1879,432170.0,159715,0.3695652173913043
80,"""The Gu"" red shirt XML tag t-shirt (White) M",13656,245808.0,150216,0.6111111111111112
165,10 mm Anti static bubble wrap (Blue) 10m,16350,425100,147150,0.34615384615384615
67,Ride on toy sedan car (Black) 1/12 scale,1717,394910.0,145945,0.3695652173913043
95,"""The Gu"" red shirt XML tag t-shirt (Black) XL",13716,246888.0,144018,0.5833333333333334
70,Ride on toy sedan car (Green) 1/12 scale,1600,368000.0,136000,0.3695652173913043
156,10 mm Double sided bubble wrap 10m,17030,255450.0,127725,0.5
3,Office cube periscope (Black),16810,310985.0,121872.5,0.3918918918918919
216,Void fill 100 L bag (White) 100L,17720,221500.0,115180,0.52
191,Black and orange fragile despatch tape 48mmx75m,60444,223642.80000000002,114843.6,0.5135135135135135
192,Black and orange fragile despatch tape 48mmx100m,58248,238816.80000000002,104846.40000000001,0.43902439024390244
201,Red and white urgent despatch tape 48mmx75m,45432,168098.40000000002,95407.2,0.5675675675675674
199,Black and yellow heavy despatch tape  48mmx75m,43272,160106.40000000002,95198.4,0.5945945945945945
195,Black and orange handle with care despatch tape  48mmx75m,39624,146608.80000000002,95097.6,0.6486486486486486
204,Tape dispenser (Red),6300,201600,94500,0.46875
198,Black and orange this way up despatch tape  48mmx100m,43488,178300.8,93499.2,0.524390243902439
194,Black and orange glass with care despatch tape  48mmx100m,44400,182040.0,93240.0,0.5121951219512195
196,Black and orange handle with care despatch tape  48mmx100m,44328,181744.8,93088.8,0.5121951219512195
213,Air cushion film 200mmx100mm 325m,1750,152250.0,91000,0.5977011494252874
202,Red and white urgent  heavy despatch tape  48mmx100m,39840,163344.0,81672.0,0.5
139,Furry animal socks (Pink) M,23088,115440,80808,0.7
197,Black and orange this way up despatch tape 48mmx75m,38808,143589.6,77616,0.5405405405405406
222,Chocolate beetles 250g,20424,174625.19999999998,77611.2,0.4444444444444445
200,Black and yellow heavy despatch tape 48mmx100m,45336,185877.6,77071.2,0.4146341463414634
140,Furry animal socks (Pink) L,21732,108660,76062,0.7
77,"""The Gu"" red shirt XML tag t-shirt (White) XXS",6804,122472.0,74844,0.6111111111111112
78,"""The Gu"" red shirt XML tag t-shirt (White) XS",6792,122256.0,74712,0.6111111111111112
138,Furry animal socks (Pink) S,21024,105120,73584,0.7
141,Furry animal socks (Pink) XL,20736,103680,72576,0.7
214,Air cushion film 200mmx200mm 325m,1999,179910.0,71964,0.4
226,White chocolate snow balls 250g,18408,157388.4,69950.4,0.4444444444444444
183,Shipping carton (Brown) 480x270x320mm,44800,122752.0,68992.0,0.5620437956204379
86,"""The Gu"" red shirt XML tag t-shirt (White) 5XL",6804,122472.0,68040,0.5555555555555556
98,"""The Gu"" red shirt XML tag t-shirt (Black) 4XL",6804,122472.0,68040,0.5555555555555556
220,Novelty chilli chocolates 250g,17136,146512.8,65116.8,0.4444444444444445
146,Halloween skull mask (Gray) S,21504,387072.0,64512,0.16666666666666666
148,Halloween skull mask (Gray) L,21216,381888.0,63648,0.16666666666666666
149,Halloween skull mask (Gray) XL,21144,380592.0,63432,0.16666666666666666
147,Halloween skull mask (Gray) M,21072,379296.0,63216,0.16666666666666666
190,Clear packaging tape 48mmx100m,37100,129850.0,63070,0.4857142857142857
227,White chocolate moon rocks 250g,16056,137278.8,61012.8,0.44444444444444453
178,Shipping carton (Brown) 500x310x310mm,41625,106143.75,60356.25,0.5686274509803921
225,Chocolate sharks 250g,15840,135432.0,60192.0,0.4444444444444444
189,Clear packaging tape 48mmx75m,49686,144089.4,59623.2,0.41379310344827586
223,Chocolate echidnas 250g,15504,132559.19999999998,58915.2,0.4444444444444445
224,Chocolate frogs 250g,14976,128044.79999999999,56908.8,0.44444444444444453
221,Novelty chilli chocolates 500g,9012,130674.0,51819,0.39655172413793105
185,Shipping carton (Brown) 356x356x279mm,48625,99195.0,48138.75,0.4852941176470588
119,Dinosaur battery-powered slippers (Green) M,1978,63296.0,47472,0.75
66,RC big wheel monster truck with remote control (Black) 1/50 scale,1608,72360.0,47436.0,0.6555555555555556
137,Animal with big feet slippers (Brown) XL,1972,63104.0,46342.0,0.734375
118,Dinosaur battery-powered slippers (Green) S,1920,61440.0,46080,0.75
122,Ogre battery-powered slippers (Green) S,1917,61344.0,46008,0.75
131,Furry gorilla with big eyes slippers (Black) M,1899,60768.0,45576,0.75
133,Furry gorilla with big eyes slippers (Black) XL,1919,61408.0,45096.5,0.734375
125,Ogre battery-powered slippers (Green) XL,1910,61120.0,44885.0,0.734375
120,Dinosaur battery-powered slippers (Green) L,1866,59712.0,44784,0.75
186,Shipping carton (Brown) 457x457x457mm,44750,93975.0,44750,0.47619047619047616
130,Furry gorilla with big eyes slippers (Black) S,1859,59488.0,44616,0.75
132,Furry gorilla with big eyes slippers (Black) L,1856,59392.0,44544,0.75
123,Ogre battery-powered slippers (Green) M,1855,59360.0,44520,0.75
153,Small sized bubblewrap roll 10m,19200,86400.0,44160,0.5111111111111111
124,Ogre battery-powered slippers (Green) L,1836,58752.0,44064,0.75
121,Dinosaur battery-powered slippers (Green) XL,1853,59296.0,43545.5,0.734375
127,Plush shark slippers (Gray) M,1795,57440.0,43080,0.75
134,Animal with big feet slippers (Brown) S,1762,56384.0,42288,0.75
135,Animal with big feet slippers (Brown) M,1758,56256.0,42192,0.75
129,Plush shark slippers (Gray) XL,1770,56640.0,41595.0,0.734375
136,Animal with big feet slippers (Brown) L,1708,54656.0,40992,0.75
128,Plush shark slippers (Gray) L,1656,52992.0,39744,0.75
126,Plush shark slippers (Gray) S,1652,52864.0,39648,0.75
212,Large  replacement blades 18mm,17590,75637.0,39577.5,0.5232558139534884
184,Shipping carton (Brown) 305x305x305mm,23375,81812.5,37400,0.45714285714285713
12,USB food flash drive - donut,2030,59387.2,35027.2,0.5898105989169383
11,USB food flash drive - cookie,1916,57353.6,34361.6,0.5991184511521509
104,Alien officer hoodie (Black) 3XL,1903,66605.0,34254,0.5142857142857142
106,Alien officer hoodie (Black) 5XL,1887,66045.0,33966,0.5142857142857142
102,Alien officer hoodie (Black) XL,1863,65205.0,33534,0.5142857142857142
14,USB food flash drive - fortune cookie,1832,54699.2,32715.2,0.5980928423084799
64,RC vintage American toy coupe with remote control (Red) 1/50 scale,2175,65250.0,32625,0.5
193,Black and orange glass with care despatch tape 48mmx75m,15360,56832.00000000001,32256.0,0.5675675675675675
13,USB food flash drive - shrimp cocktail,1939,55068.799999999996,31800.8,0.5774739961647976
5,USB food flash drive - hamburger,1763,52784.0,31628.0,0.5991967262806911
4,USB food flash drive - sushi roll,1868,53803.2,31387.2,0.5833705058435187
10,USB food flash drive - chocolate bar,1856,53635.2,31363.2,0.5847503132271344
103,Alien officer hoodie (Black) XXL,1712,59920.0,30816,0.5142857142857142
6,USB food flash drive - hot dog,1799,51932.799999999996,30344.8,0.5843089531086327
7,USB food flash drive - pizza slice,1705,50308.8,29848.8,0.5933117068981967
9,USB food flash drive - banana,1747,50534.4,29570.4,0.5851538753799392
105,Alien officer hoodie (Black) 4XL,1622,56770.0,29196,0.5142857142857142
182,Shipping carton (Brown) 457x279x279mm,42400,54272.0,28832,0.53125
65,RC vintage American toy coupe with remote control (Black) 1/50 scale,1854,55620.0,27810,0.5
181,Shipping carton (Brown) 356x229x229mm,47100,53694.0,27318.0,0.5087719298245614
211,Small 9mm replacement blades 9mm,18010,73841.0,27015,0.36585365853658536
180,Shipping carton (Brown) 279x254x217mm,49225,54639.75,25104.75,0.4594594594594595
2,USB rocket launcher (Gray),1899,42798.75,24758.25,0.5784806799263997
207,Permanent marker blue 5mm nib (Blue) 5mm,24528,66225.59999999999,24528,0.3703703703703704
177,Shipping carton (Brown) 413x285x187mm,48875,51318.75,24437.5,0.47619047619047616
58,RC toy sedan car with remote control (Black) 1/50 scale,1917,47925.0,23962.5,0.5
62,RC toy sedan car with remote control (Yellow) 1/50 scale,1893,47325.0,23662.5,0.5
206,Permanent marker black 5mm nib (Black) 5mm,23280,62856.0,23280,0.37037037037037035
60,RC toy sedan car with remote control (Blue) 1/50 scale,1844,46100.0,23050.0,0.5
187,Express post box 5kg (White) 350x280x130mm,45500,43225.0,22750.0,0.5263157894736842
208,Permanent marker red 5mm nib (Red) 5mm,22428,60555.6,22428,0.3703703703703704
1,USB missile launcher (Green),1773,38942.5,22099.0,0.5674776914681903
59,RC toy sedan car with remote control (Red) 1/50 scale,1754,43850.0,21925.0,0.5
61,RC toy sedan car with remote control (Green) 1/50 scale,1747,43675.0,21837.5,0.5
179,Shipping carton (Brown) 229x229x229mm,42875,45018.75,21437.5,0.47619047619047616
63,RC toy sedan car with remote control (Pink) 1/50 scale,1680,42000.0,21000.0,0.5
152,Pack of 12 action figures (female),1863,29808.0,19561.5,0.65625
115,Superhero action jacket (Blue) 3XL,1946,66164.0,19460,0.29411764705882354
151,Pack of 12 action figures (male),1686,26976.0,17703.0,0.65625
35,Developer joke mug - fun was unexpected at this time (Black),2047,26611.0,17399.5,0.6538461538461539
39,Developer joke mug - inheritance is the OO way to become wealthy (Black),2017,26221.0,17144.5,0.6538461538461539
40,"Developer joke mug - (hip, hip, array) (White)",1994,25922.0,16949.0,0.6538461538461539
150,Pack of 12 action figures (variety),1609,25744.0,16894.5,0.65625
22,DBA joke mug - it depends (White),1969,25597.0,16736.5,0.6538461538461539
19,DBA joke mug - daaaaaa-ta (Black),1960,25480.0,16660.0,0.6538461538461539
56,IT joke mug - hardware: part of the computer that can be kicked (White),1959,25467.0,16651.5,0.6538461538461539
26,DBA joke mug - SELECT caffeine FROM mug (White),1943,25259.0,16515.5,0.6538461538461539
117,Superhero action jacket (Blue) 5XL,1648,56032.0,16480,0.29411764705882354
46,Developer joke mug - a foo walks into a bar (White),1926,25038.0,16371.0,0.6538461538461539
44,Developer joke mug - there are 10 types of people in the world (White),1914,24882.0,16269.0,0.6538461538461539
16,DBA joke mug - mind if I join you? (White),1891,24583.0,16073.5,0.6538461538461539
23,DBA joke mug - it depends (Black),1889,24557.0,16056.5,0.6538461538461539
47,Developer joke mug - a foo walks into a bar (Black),1881,24453.0,15988.5,0.6538461538461539
31,Developer joke mug - Oct 31 = Dec 25 (Black),1880,24440.0,15980.0,0.6538461538461539
116,Superhero action jacket (Blue) 4XL,1596,54264.0,15960,0.29411764705882354
24,DBA joke mug - I will get you in order (White),1871,24323.0,15903.5,0.6538461538461539
55,IT joke mug - that behavior is by design (Black),1870,24310.0,15895.0,0.6538461538461539
48,Developer joke mug - this code was generated by a tool (White),1862,24206.0,15827.0,0.6538461538461539
29,DBA joke mug - two types of DBAs (Black),1838,23894.0,15623.0,0.6538461538461539
45,Developer joke mug - there are 10 types of people in the world (Black),1834,23842.0,15589.0,0.6538461538461539
34,Developer joke mug - fun was unexpected at this time (White),1826,23738.0,15521.0,0.6538461538461539
36,Developer joke mug - when your hammer is C++ (White),1817,23621.0,15444.5,0.6538461538461539
33,Developer joke mug - that's a hardware problem (Black),1810,23530.0,15385.0,0.6538461538461539
53,IT joke mug - keyboard not found … press F1 to continue (Black),1808,23504.0,15368.0,0.6538461538461539
49,Developer joke mug - this code was generated by a tool (Black),1803,23439.0,15325.5,0.6538461538461539
57,IT joke mug - hardware: part of the computer that can be kicked (Black),1796,23348.0,15266.0,0.6538461538461539
21,DBA joke mug - you might be a DBA if (Black),1789,23257.0,15206.5,0.6538461538461539
30,Developer joke mug - Oct 31 = Dec 25 (White),1783,23179.0,15155.5,0.6538461538461539
20,DBA joke mug - you might be a DBA if (White),1782,23166.0,15147.0,0.6538461538461539
25,DBA joke mug - I will get you in order (Black),1779,23127.0,15121.5,0.6538461538461539
51,Developer joke mug - old C developers never die (Black),1774,23062.0,15079.0,0.6538461538461539
32,Developer joke mug - that's a hardware problem (White),1773,23049.0,15070.5,0.6538461538461539
50,Developer joke mug - old C developers never die (White),1770,23010.0,15045.0,0.6538461538461539
38,Developer joke mug - inheritance is the OO way to become wealthy (White),1752,22776.0,14892.0,0.6538461538461539
18,DBA joke mug - daaaaaa-ta (White),1750,22750.0,14875.0,0.6538461538461539
188,3 kg Courier post bag (White) 300x190x95mm,49400,32604.0,14820.0,0.45454545454545453
111,Superhero action jacket (Blue) M,1846,55380.0,14768,0.26666666666666666
27,DBA joke mug - SELECT caffeine FROM mug (Black),1728,22464.0,14688.0,0.6538461538461539
54,IT joke mug - that behavior is by design (White),1720,22360.0,14620.0,0.6538461538461539
37,Developer joke mug - when your hammer is C++ (Black),1718,22334.0,14603.0,0.6538461538461539
41,"Developer joke mug - (hip, hip, array) (Black)",1715,22295.0,14577.5,0.6538461538461539
42,Developer joke mug - understanding recursion requires understanding recursion (White),1714,22282.0,14569.0,0.6538461538461539
113,Superhero action jacket (Blue) XL,1821,54630.0,14568,0.26666666666666666
43,Developer joke mug - understanding recursion requires understanding recursion (Black),1700,22100.0,14450.0,0.6538461538461539
52,IT joke mug - keyboard not found … press F1 to continue (White),1657,21541.0,14084.5,0.6538461538461539
17,DBA joke mug - mind if I join you? (Black),1649,21437.0,14016.5,0.6538461538461539
112,Superhero action jacket (Blue) L,1728,51840.0,13824,0.26666666666666666
28,DBA joke mug - two types of DBAs (White),1575,20475.0,13387.5,0.6538461538461539
114,Superhero action jacket (Blue) XXL,1601,48030.0,12808,0.26666666666666666
109,Superhero action jacket (Blue) XS,1992,49800.0,11952,0.24
108,Superhero action jacket (Blue) XXS,1936,48400.0,11616,0.24
210,Packing knife with metal insert blade (Yellow) 18mm,8765,21036.0,10518,0.5
110,Superhero action jacket (Blue) S,1740,43500.0,10440,0.24
107,Superhero action jacket (Blue) 3XS,1603,40075.0,9618,0.24
209,Packing knife with metal insert blade (Yellow) 9mm,8820,16669.8,8731.8,0.5238095238095238
143,Halloween zombie mask (Light Brown) M,19596,352728.0,-19596,-0.05555555555555555
144,Halloween zombie mask (Light Brown) L,21312,383616.0,-21312,-0.05555555555555555
145,Halloween zombie mask (Light Brown) XL,21756,391608.0,-21756,-0.05555555555555555
142,Halloween zombie mask (Light Brown) S,22200,399600.0,-22200,-0.05555555555555555
