StockItemName,StockItemID,QuantityOnHand,LastCostPrice,value_at_last_cost,units_90d,days_cover,excess_vs_target
USB food flash drive - dim sum 10 drive variety pack,8,412277,88.5,36486514.5,387,95878.37209302325,36468814.5
USB food flash drive - dessert 10 drive variety pack,15,398290,88.5,35248665.0,413,86794.43099273607,35230965.0
Ride on toy sedan car (Pink) 1/12 scale,72,116147,145,16841315,379,27581.081794195252,16834065
Ride on big wheel monster truck (Black) 1/12 scale,75,80823,205,16568715,442,16457.171945701357,16558465
Ride on vintage American toy coupe (Red) 1/12 scale,73,106477,155,16503935,489,19596.993865030676,16496185
Ride on toy sedan car (Yellow) 1/12 scale,71,112020,145,16242900,445,22655.73033707865,16235650
20 mm Anti static bubble wrap (Blue) 50m,170,274265,55,15084575,4830,5110.527950310559,15081825
Air cushion machine (Blue),215,12530,1140,14284200,531,2123.728813559322,14281920
Ride on toy sedan car (Blue) 1/12 scale,69,96791,145,14034695,484,17998.326446280993,14027445
10 mm Anti static bubble wrap (Blue) 50m,167,308519,45,13883355,5640,4923.175531914893,13881105
Ride on toy sedan car (Black) 1/12 scale,67,93588,145,13570260,402,20952.537313432837,13563010
Ride on toy sedan car (Red) 1/12 scale,68,90953,145,13188185,492,16637.743902439026,13180935
Ride on vintage American toy coupe (Black) 1/12 scale,74,80341,155,12452855,516,14012.96511627907,12445105
Ride on toy sedan car (Green) 1/12 scale,70,83287,145,12076615,374,20042.326203208555,12069365
Halloween zombie mask (Light Brown) L,144,379166,19,7204154,4260,8010.549295774648,7201304
Halloween zombie mask (Light Brown) M,143,378187,19,7185553,4272,7967.422752808989,7182703
32 mm Anti static bubble wrap (Blue) 20m,172,291347,23,6700981,4670,5614.824411134904,6699831
Halloween zombie mask (Light Brown) S,142,323812,19,6152428,4524,6441.883289124668,6149578
Large sized bubblewrap roll 50m,155,440171,13,5722223,3290,12041.15197568389,5721573
Halloween skull mask (Gray) M,147,354456,15,5316840,5700,5596.6736842105265,5314590
Halloween skull mask (Gray) S,146,327221,15,4908315,5376,5478.030133928572,4906065
32 mm Anti static bubble wrap (Blue) 50m,173,103958,47,4886026,3890,2405.1979434447303,4883676
Halloween zombie mask (Light Brown) XL,145,248519,19,4721861,4824,4636.548507462687,4719011
Bubblewrap dispenser (Red) 1.5m,176,41251,110,4537610,430,8633.93023255814,4537280
"""The Gu"" red shirt XML tag t-shirt (Black) 3XL",97,525771,8,4206168,4944,9571.074029126214,4206008
Halloween skull mask (Gray) L,148,274041,15,4110615,6060,4069.9158415841584,4108365
32 mm Double sided bubble wrap 50m,164,68906,59,4065454,3810,1627.7007874015749,4062504
20 mm Double sided bubble wrap 20m,160,250461,15,3756915,4170,5405.63309352518,3756165
Halloween skull mask (Gray) XL,149,229551,15,3443265,4692,4403.152173913043,3441015
10 mm Anti static bubble wrap (Blue) 20m,166,149668,23,3442364,4090,3293.4278728606355,3441214
RC vintage American toy coupe with remote control (Red) 1/50 scale,64,213248,15,3198720,516,37194.41860465116,3197220
10 mm Anti static bubble wrap (Blue) 10m,165,187313,17,3184321,4440,3796.885135135135,3183471
20 mm Double sided bubble wrap 50m,161,188962,16,3023392,4210,4039.5676959619955,3022592
"""The Gu"" red shirt XML tag t-shirt (Black) XXL",96,402445,7.5,3018337.5,5568,6505.037715517241,3018187.5
Tape dispenser (Blue),205,169152,17,2875584,5110,2979.19373776908,2875074
Office cube periscope (Black),3,253190,11.25,2848387.5,4580,4975.349344978166,2847037.5
Void fill 400 L bag (White) 400L,219,108124,26,2811224,5190,1874.9826589595375,2810184
RC big wheel monster truck with remote control (Black) 1/50 scale,66,172525,15.5,2674137.5,362,42892.955801104974,2672587.5
32 mm Double sided bubble wrap 10m,162,269785,9.9,2670871.5,4410,5505.816326530612,2670376.5
USB food flash drive - chocolate bar,10,222572,12,2670864,440,45526.09090909091,2669664
USB food flash drive - sushi roll,4,208109,12,2497308,454,41255.08810572687,2496108
USB food flash drive - pizza slice,7,205295,12,2463540,343,53867.492711370265,2462340
RC vintage American toy coupe with remote control (Black) 1/50 scale,65,164183,15,2462745,428,34524.46261682243,2461245
USB food flash drive - cookie,11,203148,12,2437776,387,47243.72093023256,2436576
USB food flash drive - donut,12,200406,12,2404872,466,38705.021459227464,2403672
USB food flash drive - hamburger,5,199064,12,2388768,431,41567.888631090485,2387568
RC toy sedan car with remote control (Red) 1/50 scale,59,190946,12.5,2386825.0,436,39415.45871559633,2385575.0
RC toy sedan car with remote control (Pink) 1/50 scale,63,190886,12.5,2386075.0,317,54194.76340694007,2384825.0
USB food flash drive - shrimp cocktail,13,197453,12,2369436,475,37412.14736842105,2368236
USB food flash drive - hot dog,6,196995,12,2363940,417,42516.90647482014,2362740
USB food flash drive - banana,9,192749,12,2312988,369,47011.95121951219,2311788
USB food flash drive - fortune cookie,14,192358,12,2308296,433,39982.03233256351,2307096
RC toy sedan car with remote control (Yellow) 1/50 scale,62,180856,12.5,2260700.0,439,37077.53986332574,2259450.0
"""The Gu"" red shirt XML tag t-shirt (Black) 5XL",99,282132,8,2257056,4608,5510.390625,2256896
"""The Gu"" red shirt XML tag t-shirt (Black) 6XL",100,277863,8,2222904,4380,5709.513698630137,2222744
RC toy sedan car with remote control (Black) 1/50 scale,58,174043,12.5,2175537.5,494,31708.23886639676,2174287.5
RC toy sedan car with remote control (Blue) 1/50 scale,60,165484,12.5,2068550.0,444,33544.05405405405,2067300.0
Void fill 200 L bag (White) 200L,217,128916,16,2062656,5180,2239.8532818532817,2062016
32 mm Anti static bubble wrap (Blue) 10m,171,128136,16,2050176,4820,2392.5809128630704,2049376
RC toy sedan car with remote control (Green) 1/50 scale,61,163823,12.5,2047787.5,384,38396.015625,2046537.5
"""The Gu"" red shirt XML tag t-shirt (Black) M",93,277914,7,1945398,4848,5159.294554455446,1945258
Void fill 300 L bag (White) 300L,218,107072,18,1927296,4400,2190.109090909091,1926576
"""The Gu"" red shirt XML tag t-shirt (White) XXL",83,224185,7.5,1681387.5,4980,4051.5361445783133,1681237.5
USB missile launcher (Green),1,175609,9.5,1668285.5,492,32123.59756097561,1667335.5
Bubblewrap dispenser (Blue) 1.5m,175,15106,110,1661660,317,4288.769716088328,1661330
USB rocket launcher (Gray),2,165538,9.5,1572611.0,375,39729.12,1571661.0
32 mm Double sided bubble wrap 20m,163,108019,14,1512266,4480,2170.0245535714284,1511566
10 mm Double sided bubble wrap 50m,158,26193,56,1466808,3510,671.6153846153846,1464008
20 mm Anti static bubble wrap (Blue) 20m,169,68707,21,1442847,4810,1285.5779625779626,1441797
Black and orange fragile despatch tape 48mmx100m,192,618169,2.3,1421788.7,14292,3892.751889168766,1421673.7
20 mm Anti static bubble wrap (Blue) 10m,168,112946,12,1355352,3660,2777.3606557377047,1354752
Black and orange handle with care despatch tape  48mmx100m,196,654741,2,1309482,10776,5468.326837416481,1309382
10 mm Double sided bubble wrap 10m,156,172675,7.5,1295062.5,3950,3934.3670886075947,1294687.5
"""The Gu"" red shirt XML tag t-shirt (White) 7XL",88,148350,8.5,1260975.0,6396,2087.4765478424015,1260805.0
Black and orange fragile despatch tape 48mmx75m,191,686530,1.8,1235754.0,15588,3963.799076212471,1235664.0
White chocolate moon rocks 250g,227,245352,4.75,1165422.0,9360,2359.153846153846,1163047.0
"""The Gu"" red shirt XML tag t-shirt (Black) L",94,157255,7,1100785,5292,2674.404761904762,1100645
Medium sized bubblewrap roll 20m,154,105320,10,1053200,4440,2134.864864864865,1052700
Bubblewrap dispenser (Black) 1.5m,174,8879,110,976690,497,1607.8672032193158,976360
"""The Gu"" red shirt XML tag t-shirt (White) 3XS",76,129929,7,909503,5028,2325.698090692124,909363
Air cushion film 200mmx200mm 325m,214,16642,54,898668,438,3419.5890410958905,897048
Furry animal socks (Pink) L,140,570360,1.5,855540.0,6840,7504.736842105263,855390.0
Shipping carton (Brown) 356x356x279mm,185,723037,1.05,759188.85,11825,5503.030021141649,759083.85
Furry animal socks (Pink) S,138,501745,1.5,752617.5,5844,7727.079055441479,752467.5
"""The Gu"" red shirt XML tag t-shirt (White) L",81,106773,7,747411,4452,2158.4838274932613,747271
White chocolate snow balls 250g,226,155856,4.75,740316.0,10680,1313.3932584269662,737941.0
Air cushion film 200mmx100mm 325m,213,20946,35,733110,405,4654.666666666667,732060
Small 9mm replacement blades 9mm,211,273217,2.6,710364.2000000001,4430,5550.683972911964,710234.2000000001
10 mm Double sided bubble wrap 20m,157,46925,14,656950,3830,1102.6762402088773,656250
"""The Gu"" red shirt XML tag t-shirt (Black) S",92,82253,7,575771,4656,1589.9420103092784,575631
"""The Gu"" red shirt XML tag t-shirt (Black) 3XS",89,81703,7,571921,4308,1706.8871866295265,571781
Chocolate sharks 250g,225,119560,4.75,567910.0,10056,1070.0477326968974,565535.0
Clear packaging tape 48mmx75m,189,324375,1.7,551437.5,13468,2167.638105138105,551352.5
Dinosaur battery-powered slippers (Green) L,120,68104,8,544832,472,12985.93220338983,544592
"""The Gu"" red shirt XML tag t-shirt (Black) XS",91,76373,7,534611,6432,1068.652052238806,534471
"""The Gu"" red shirt XML tag t-shirt (Black) XXS",90,75663,7,529641,5424,1255.470132743363,529501
Permanent marker black 5mm nib (Black) 5mm,206,306414,1.7,520903.8,6324,4360.73055028463,520563.8
Superhero action jacket (Blue) XS,109,27052,19,513988,581,4190.499139414802,513798
Plush shark slippers (Gray) L,128,64026,8,512208,461,12499.652928416486,511968
Large  replacement blades 18mm,212,248979,2.05,510406.94999999995,5100,4393.747058823529,510304.44999999995
Furry animal socks (Pink) XL,141,328315,1.5,492472.5,5112,5780.193661971831,492322.5
Furry gorilla with big eyes slippers (Black) S,130,60311,8,482488,417,13016.762589928057,482248
Furry gorilla with big eyes slippers (Black) XL,133,56220,8.5,477870.0,500,10119.6,477615.0
Dinosaur battery-powered slippers (Green) S,118,58218,8,465744,480,10915.875,465504
Express post box 5kg (White) 350x280x130mm,187,1034169,0.45,465376.05,12625,7372.293861386139,465331.05
Shipping carton (Brown) 457x457x457mm,186,422709,1.1,464979.9,11575,3286.722246220302,464869.9
"""The Gu"" red shirt XML tag t-shirt (White) 4XL",85,56210,8,449680,5196,973.6143187066974,449520
Black and orange this way up despatch tape 48mmx75m,197,263108,1.7,447283.6,8520,2779.3098591549297,447198.6
"""The Gu"" red shirt XML tag t-shirt (Black) 7XL",101,51036,8.5,433806.0,6516,704.9171270718232,433636.0
IT joke mug - that behavior is by design (White),54,95786,4.5,431037.0,515,16739.300970873788,430857.0
Novelty chilli chocolates 250g,220,90360,4.75,429210.0,10560,770.1136363636364,426835.0
Permanent marker red 5mm nib (Red) 5mm,208,251435,1.7,427439.5,5448,4153.6618942731275,427099.5
"""The Gu"" red shirt XML tag t-shirt (White) 6XL",87,53392,8,427136,4872,986.3054187192118,426976
Permanent marker blue 5mm nib (Blue) 5mm,207,250156,1.7,425265.2,5928,3797.914979757085,424925.2
Plush shark slippers (Gray) XL,129,49855,8.5,423767.5,467,9608.029978586725,423512.5
Novelty chilli chocolates 500g,221,48228,8.75,421995.0,5928,732.2064777327935,419807.5
Black and orange glass with care despatch tape  48mmx100m,194,204993,2,409986,10656,1731.3597972972973,409886
Superhero action jacket (Blue) 3XL,115,16909,24,405816,460,3308.282608695652,405576
DBA joke mug - daaaaaa-ta (White),18,89207,4.5,401431.5,511,15711.60469667319,401251.5
Dinosaur battery-powered slippers (Green) M,119,49638,8,397104,515,8674.601941747573,396864
Alien officer hoodie (Black) 4XL,105,23213,17,394621,334,6255.0,394451
20 mm Double sided bubble wrap 10m,159,48746,8,389968,4730,927.5137420718816,389568
Animal with big feet slippers (Brown) XL,137,45624,8.5,387804.0,525,7821.257142857143,387549.0
Developer joke mug - a foo walks into a bar (White),46,85243,4.5,383593.5,537,14286.536312849163,383413.5
IT joke mug - that behavior is by design (Black),55,83130,4.5,374085.0,488,15331.352459016394,373905.0
"Developer joke mug - (hip, hip, array) (White)",40,82969,4.5,373360.5,488,15301.659836065573,373180.5
Small sized bubblewrap roll 10m,153,168635,2.2,370997.00000000006,5010,3029.37125748503,370887.00000000006
Superhero action jacket (Blue) S,110,19426,19,369094,441,3964.4897959183672,368904
Ogre battery-powered slippers (Green) M,123,45839,8,366712,458,9007.663755458516,366472
Developer joke mug - old C developers never die (White),50,81085,4.5,364882.5,402,18153.358208955226,364702.5
DBA joke mug - two types of DBAs (Black),29,80978,4.5,364401.0,399,18265.714285714286,364221.0
Developer joke mug - Oct 31 = Dec 25 (Black),31,79604,4.5,358218.0,523,13698.585086042065,358038.0
"Developer joke mug - (hip, hip, array) (Black)",41,79138,4.5,356121.0,394,18077.20812182741,355941.0
Superhero action jacket (Blue) 5XL,117,14824,24,355776,434,3074.1013824884794,355536
Chocolate echidnas 250g,223,74256,4.75,352716.0,9720,687.5555555555555,350341.0
Plush shark slippers (Gray) S,126,44071,8,352568,384,10329.140625,352328
Furry gorilla with big eyes slippers (Black) L,132,43436,8,347488,443,8824.469525959368,347248
Developer joke mug - there are 10 types of people in the world (White),44,76861,4.5,345874.5,381,18156.141732283464,345694.5
Developer joke mug - fun was unexpected at this time (Black),35,75803,4.5,341113.5,594,11485.30303030303,340933.5
Ogre battery-powered slippers (Green) XL,125,39732,8.5,337722.0,445,8035.685393258427,337467.0
Dinosaur battery-powered slippers (Green) XL,121,39597,8.5,336574.5,477,7471.132075471698,336319.5
Animal with big feet slippers (Brown) S,134,41994,8,335952,440,8589.681818181818,335712
Plush shark slippers (Gray) M,127,41393,8,331144,341,10924.838709677419,330904
Chocolate beetles 250g,222,69336,4.75,329346.0,12456,500.98265895953756,326971.0
Ogre battery-powered slippers (Green) L,124,40953,8,327624,447,8245.570469798658,327384
DBA joke mug - it depends (White),22,72747,4.5,327361.5,443,14779.300225733634,327181.5
IT joke mug - hardware: part of the computer that can be kicked (Black),57,72743,4.5,327343.5,338,19369.437869822486,327163.5
Chocolate frogs 250g,224,67488,4.75,320568.0,9600,632.7,318193.0
Animal with big feet slippers (Brown) L,136,39284,8,314272,387,9135.813953488372,314032
Ogre battery-powered slippers (Green) S,122,38905,8,311240,446,7850.784753363228,311000
DBA joke mug - daaaaaa-ta (Black),19,68800,4.5,309600.0,566,10939.929328621909,309420.0
DBA joke mug - you might be a DBA if (Black),21,68683,4.5,309073.5,464,13322.133620689656,308893.5
DBA joke mug - you might be a DBA if (White),20,66722,4.5,300249.0,410,14646.292682926829,300069.0
Animal with big feet slippers (Brown) M,135,37481,8,299848,388,8694.046391752578,299608
Furry gorilla with big eyes slippers (Black) M,131,37392,8,299136,448,7511.785714285715,298896
Developer joke mug - inheritance is the OO way to become wealthy (Black),39,66353,4.5,298588.5,488,12237.233606557376,298408.5
Developer joke mug - this code was generated by a tool (White),48,65779,4.5,296005.5,421,14062.019002375297,295825.5
Developer joke mug - fun was unexpected at this time (White),34,65583,4.5,295123.5,427,13823.11475409836,294943.5
Void fill 100 L bag (White) 100L,216,47902,6,287412,4790,900.0375782881002,287172
DBA joke mug - mind if I join you? (Black),17,62428,4.5,280926.0,441,12740.408163265307,280746.0
Developer joke mug - when your hammer is C++ (Black),37,61318,4.5,275931.0,394,14006.649746192894,275751.0
Developer joke mug - understanding recursion requires understanding recursion (White),42,61075,4.5,274837.5,435,12636.206896551725,274657.5
DBA joke mug - SELECT caffeine FROM mug (White),26,61071,4.5,274819.5,441,12463.469387755102,274639.5
Developer joke mug - that's a hardware problem (Black),33,60005,4.5,270022.5,444,12163.175675675675,269842.5
IT joke mug - hardware: part of the computer that can be kicked (White),56,59403,4.5,267313.5,526,10164.011406844107,267133.5
Developer joke mug - understanding recursion requires understanding recursion (Black),43,59174,4.5,266283.0,437,12186.864988558353,266103.0
Superhero action jacket (Blue) 4XL,116,10988,24,263712,326,3033.4969325153374,263472
Developer joke mug - inheritance is the OO way to become wealthy (White),38,58431,4.5,262939.5,400,13146.975,262759.5
IT joke mug - keyboard not found … press F1 to continue (Black),53,58061,4.5,261274.5,428,12209.08878504673,261094.5
Developer joke mug - a foo walks into a bar (Black),47,57652,4.5,259434.0,514,10094.708171206226,259254.0
DBA joke mug - I will get you in order (White),24,57083,4.5,256873.5,422,12174.099526066351,256693.5
DBA joke mug - it depends (Black),23,56283,4.5,253273.5,466,10870.10729613734,253093.5
Alien officer hoodie (Black) 3XL,104,14596,17,248132,504,2606.4285714285716,247962
Red and white urgent despatch tape 48mmx75m,201,153241,1.6,245185.6,11064,1246.5374186550976,245105.6
Developer joke mug - there are 10 types of people in the world (Black),45,54430,4.5,244935.0,452,10837.83185840708,244755.0
Superhero action jacket (Blue) L,112,11076,22,243672,335,2975.6417910447763,243452
DBA joke mug - two types of DBAs (White),28,53851,4.5,242329.5,307,15786.938110749186,242149.5
DBA joke mug - mind if I join you? (White),16,51836,4.5,233262.0,390,11962.153846153846,233082.0
Developer joke mug - this code was generated by a tool (Black),49,51545,4.5,231952.5,420,11045.357142857143,231772.5
IT joke mug - keyboard not found … press F1 to continue (White),52,51289,4.5,230800.5,359,12857.966573816157,230620.5
Developer joke mug - when your hammer is C++ (White),36,49459,4.5,222565.5,424,10498.372641509433,222385.5
Developer joke mug - Oct 31 = Dec 25 (White),30,49248,4.5,221616.0,441,10050.612244897959,221436.0
Alien officer hoodie (Black) XXL,103,13020,17,221340,377,3108.2228116710876,221170
DBA joke mug - SELECT caffeine FROM mug (Black),27,47747,4.5,214861.5,361,11903.684210526315,214681.5
Developer joke mug - old C developers never die (Black),51,47656,4.5,214452.0,337,12727.121661721068,214272.0
Developer joke mug - that's a hardware problem (White),32,47512,4.5,213804.0,387,11049.302325581395,213624.0
DBA joke mug - I will get you in order (Black),25,47106,4.5,211977.0,450,9421.2,211797.0
Pack of 12 action figures (male),151,37881,5.5,208345.5,452,7542.6769911504425,208235.5
Superhero action jacket (Blue) 3XS,107,10843,19,206017,399,2445.7894736842104,205827
Shipping carton (Brown) 457x279x279mm,182,326007,0.6,195604.19999999998,9625,3048.3771428571426,195544.19999999998
Shipping carton (Brown) 279x254x217mm,180,318572,0.6,191143.19999999998,11450,2504.0593886462884,191083.19999999998
Furry animal socks (Pink) M,139,126418,1.5,189627.0,5280,2154.8522727272725,189477.0
Superhero action jacket (Blue) M,111,8498,22,186956,454,1684.625550660793,186736
Alien officer hoodie (Black) 5XL,106,10874,17,184858,465,2104.6451612903224,184688
Pack of 12 action figures (variety),150,31743,5.5,174586.5,414,6900.652173913043,174476.5
"""The Gu"" red shirt XML tag t-shirt (White) S",79,24895,7,174265,6060,369.7277227722772,174125
Pack of 12 action figures (female),152,31300,5.5,172150.0,423,6659.574468085107,172040.0
Superhero action jacket (Blue) XL,113,7057,22,155254,388,1636.9329896907216,155034
Packing knife with metal insert blade (Yellow) 18mm,210,128179,1.2,153814.8,2040,5654.955882352941,153754.8
Superhero action jacket (Blue) XXL,114,6971,22,153362,309,2030.388349514563,153142
Red and white urgent  heavy despatch tape  48mmx100m,202,68654,2.05,140740.69999999998,10464,590.4873853211009,140638.19999999998
Black and yellow heavy despatch tape 48mmx100m,200,56445,2.4,135468.0,12168,417.4926035502959,135348.0
Shipping carton (Brown) 500x310x310mm,178,117043,1.1,128747.30000000002,10100,1042.9574257425743,128637.30000000002
Superhero action jacket (Blue) XXS,108,6342,19,120498,528,1081.0227272727273,120308
Shipping carton (Brown) 229x229x229mm,179,214030,0.55,117716.50000000001,11600,1660.5775862068965,117661.50000000001
Alien officer hoodie (Black) XL,102,6702,17,113934,518,1164.4401544401544,113764
Black and orange this way up despatch tape  48mmx100m,198,54862,1.95,106980.9,9072,544.265873015873,106883.4
Packing knife with metal insert blade (Yellow) 9mm,209,104161,0.9,93744.90000000001,1965,4770.732824427481,93699.90000000001
Clear packaging tape 48mmx100m,190,50246,1.8,90442.8,9180,492.6078431372549,90352.8
Black and orange handle with care despatch tape  48mmx75m,195,59592,1.3,77469.6,7680,698.34375,77404.6
3 kg Courier post bag (White) 300x190x95mm,188,208903,0.36,75205.08,10575,1777.8978723404255,75169.08
Shipping carton (Brown) 480x270x320mm,183,62224,1.2,74668.8,11950,468.6326359832636,74548.8
Tape dispenser (Black),203,4253,17,72301,4380,87.39041095890411,71791
"""The Gu"" red shirt XML tag t-shirt (White) XL",82,6706,7.5,50295.0,5316,113.53273137697516,50145.0
"""The Gu"" red shirt XML tag t-shirt (White) 3XL",84,5439,8,43512,6096,80.3001968503937,43352
Shipping carton (Brown) 356x229x229mm,181,64432,0.56,36081.920000000006,12775,453.9240704500979,36025.920000000006
Shipping carton (Brown) 413x285x187mm,177,58292,0.55,32060.600000000002,13975,375.4046511627907,32005.600000000002
Black and yellow heavy despatch tape  48mmx75m,199,5447,1.5,8170.5,9552,51.322236180904525,8095.5
Tape dispenser (Red),204,24,17,408,1510,1.4304635761589404,0
"""The Gu"" red shirt XML tag t-shirt (Black) XL",95,48,7.5,360.0,3288,1.313868613138686,210.0
"""The Gu"" red shirt XML tag t-shirt (Black) 4XL",98,25,8,200,1596,1.4097744360902256,40
"""The Gu"" red shirt XML tag t-shirt (White) XXS",77,27,7,189,1632,1.4889705882352942,49
"""The Gu"" red shirt XML tag t-shirt (White) M",80,20,7,140,3336,0.539568345323741,0
"""The Gu"" red shirt XML tag t-shirt (White) XS",78,16,7,112,1668,0.8633093525179856,0
Black and orange glass with care despatch tape 48mmx75m,193,50,1.6,80.0,3744,1.2019230769230769,0
Shipping carton (Brown) 305x305x305mm,184,38,1.9,72.2,5700,0.6,0
"""The Gu"" red shirt XML tag t-shirt (White) 5XL",86,3,8,24,1680,0.16071428571428573,0
