OrderID,OrderDate,BackorderOrderID,ordered_ex_tax,invoiced_ex_tax,unmatched_order_value
73587,2016-05-31,,2560,0,2560
73588,2016-05-31,,2210.4,0,2210.4
73589,2016-05-31,,1728,0,1728
73590,2016-05-31,,648,0,648
73591,2016-05-31,,864,0,864
73592,2016-05-31,,2880,0,2880
73593,2016-05-31,,1296,0,1296
73594,2016-05-31,,1512,0,1512
73595,2016-05-31,,2160,0,2160
73498,2016-05-30,,2240,0,2240
73499,2016-05-30,,1728,0,1728
73500,2016-05-30,,1728,0,1728
73501,2016-05-30,,437.5,0,437.5
73502,2016-05-30,,2160,0,2160
73503,2016-05-30,,1728,0,1728
73504,2016-05-30,,2240,0,2240
73505,2016-05-30,,525.0,0,525.0
73424,2016-05-28,,1080,0,1080
73426,2016-05-28,,1296,0,1296
73378,2016-05-27,,1080,0,1080
73379,2016-05-27,,1944,0,1944
73380,2016-05-27,,1512,0,1512
73381,2016-05-27,,1944,0,1944
73383,2016-05-27,,1944,0,1944
73385,2016-05-27,,648,0,648
73386,2016-05-27,,1296,0,1296
73387,2016-05-27,,1512,0,1512
73388,2016-05-27,,266.40000000000003,0,266.40000000000003
73389,2016-05-27,,875.0,0,875.0
73391,2016-05-27,,612.5,0,612.5
73392,2016-05-27,,1296,0,1296
73393,2016-05-27,,864,0,864
73394,2016-05-27,,444.0,0,444.0
73274,2016-05-26,,612.5,0,612.5
73275,2016-05-26,,1296,0,1296
73276,2016-05-26,,444.0,0,444.0
73277,2016-05-26,,1296,0,1296
73278,2016-05-26,,1600,0,1600
73279,2016-05-26,,1146.6,0,1146.6
73280,2016-05-26,,2160,0,2160
73281,2016-05-26,,1920,0,1920
73282,2016-05-26,,1080,0,1080
73283,2016-05-26,,355.20000000000005,0,355.20000000000005
73284,2016-05-26,,1920,0,1920
73168,2016-05-25,,532.8000000000001,0,532.8000000000001
73170,2016-05-25,,1296,0,1296
73171,2016-05-25,,1080,0,1080
73100,2016-05-24,,2160,0,2160
73101,2016-05-24,,864,0,864
73102,2016-05-24,,1728,0,1728
73103,2016-05-24,,1944,0,1944
73104,2016-05-24,,648,0,648
73105,2016-05-24,,875.0,0,875.0
73021,2016-05-23,,2240,0,2240
73022,2016-05-23,,1080,0,1080
73023,2016-05-23,,648,0,648
73024,2016-05-23,,864,0,864
72963,2016-05-21,,1728,0,1728
72964,2016-05-21,,888.0,0,888.0
72931,2016-05-20,,1944,0,1944
72932,2016-05-20,,875.0,0,875.0
72933,2016-05-20,,1600,0,1600
72935,2016-05-20,,888.0,0,888.0
72936,2016-05-20,,1080,0,1080
72939,2016-05-20,,1944,0,1944
72940,2016-05-20,,1728,0,1728
72941,2016-05-20,,2160,0,2160
72942,2016-05-20,,1944,0,1944
72943,2016-05-20,,1280,0,1280
72826,2016-05-19,,2240,0,2240
72827,2016-05-19,,875.0,0,875.0
72828,2016-05-19,,1944,0,1944
72829,2016-05-19,,864,0,864
72830,2016-05-19,,1944,0,1944
72831,2016-05-19,,1322.9,0,1322.9
72832,2016-05-19,,710.4000000000001,0,710.4000000000001
72833,2016-05-19,,2160,0,2160
72834,2016-05-19,,2880,0,2880
72835,2016-05-19,,612.5,0,612.5
72836,2016-05-19,,864,0,864
72837,2016-05-19,,2880,0,2880
72838,2016-05-19,,1512,0,1512
72708,2016-05-18,,2160,0,2160
72709,2016-05-18,,2160,0,2160
72710,2016-05-18,,1512,0,1512
72711,2016-05-18,,1512,0,1512
72712,2016-05-18,,710.4000000000001,0,710.4000000000001
72714,2016-05-18,,875.0,0,875.0
72715,2016-05-18,,1080,0,1080
72716,2016-05-18,,2160,0,2160
72630,2016-05-17,,2870.4,0,2870.4
72631,2016-05-17,,525.0,0,525.0
72581,2016-05-16,,1512,0,1512
72585,2016-05-16,,2160,0,2160
72587,2016-05-16,,1944,0,1944
72588,2016-05-16,,787.5,0,787.5
72589,2016-05-16,,1944,0,1944
72515,2016-05-14,,1728,0,1728
72516,2016-05-14,,864,0,864
72457,2016-05-13,,1944,0,1944
72458,2016-05-13,,1944,0,1944
72459,2016-05-13,,1512,0,1512
72461,2016-05-13,,1728,0,1728
72462,2016-05-13,,1728,0,1728
72463,2016-05-13,,1296,0,1296
72464,2016-05-13,,1296,0,1296
72465,2016-05-13,,1080,0,1080
72466,2016-05-13,,1944,0,1944
72467,2016-05-13,,700.0,0,700.0
72349,2016-05-12,,1080,0,1080
72350,2016-05-12,,888.0,0,888.0
72351,2016-05-12,,1080,0,1080
72352,2016-05-12,,1944,0,1944
72353,2016-05-12,,1512,0,1512
72268,2016-05-11,,1728,0,1728
72269,2016-05-11,,2160,0,2160
72271,2016-05-11,,1512,0,1512
72272,2016-05-11,,1512,0,1512
72274,2016-05-11,,1944,0,1944
72275,2016-05-11,,1296,0,1296
72276,2016-05-11,,1600,0,1600
72277,2016-05-11,,1920,0,1920
72171,2016-05-10,,1296,0,1296
72172,2016-05-10,,621.6,0,621.6
72173,2016-05-10,,1296,0,1296
72124,2016-05-09,,1728,0,1728
72130,2016-05-09,,1944,0,1944
72048,2016-05-07,,1944,0,1944
72049,2016-05-07,,1728,0,1728
72051,2016-05-07,,1600,0,1600
71958,2016-05-06,,3240,0,3240
71996,2016-05-06,,444.0,0,444.0
71998,2016-05-06,,1944,0,1944
71999,2016-05-06,,1512,0,1512
72000,2016-05-06,,1080,0,1080
72001,2016-05-06,,700.0,0,700.0
72002,2016-05-06,,1512,0,1512
72004,2016-05-06,,1512,0,1512
72005,2016-05-06,,1080,0,1080
72006,2016-05-06,,1512,0,1512
72007,2016-05-06,,612.5,0,612.5
71890,2016-05-05,,3240,0,3240
71891,2016-05-05,,2160,0,2160
71892,2016-05-05,,710.4000000000001,0,710.4000000000001
71893,2016-05-05,,532.8000000000001,0,532.8000000000001
71897,2016-05-05,,2880,0,2880
71899,2016-05-05,,1296,0,1296
71900,2016-05-05,,1600,0,1600
71784,2016-05-04,,1512,0,1512
71787,2016-05-04,,1728,0,1728
71790,2016-05-04,,1728,0,1728
71662,2016-05-03,,2772.5,0,2772.5
71664,2016-05-03,,2240,0,2240
71665,2016-05-03,,1728,0,1728
71666,2016-05-03,,1512,0,1512
71667,2016-05-03,,1080,0,1080
71668,2016-05-03,,1600,0,1600
71669,2016-05-03,,2160,0,2160
71670,2016-05-03,,888.0,0,888.0
71584,2016-05-02,,710.4000000000001,0,710.4000000000001
71585,2016-05-02,,1512,0,1512
71543,2016-04-30,,2240,0,2240
71505,2016-04-29,,1728,0,1728
71506,2016-04-29,,1080,0,1080
71507,2016-04-29,,1512,0,1512
71508,2016-04-29,,1296,0,1296
71511,2016-04-29,,2160,0,2160
71512,2016-04-29,,612.5,0,612.5
71513,2016-04-29,,1920,0,1920
71514,2016-04-29,,1512,0,1512
71390,2016-04-28,,710.4000000000001,0,710.4000000000001
71391,2016-04-28,,3200,0,3200
71394,2016-04-28,,2160,0,2160
71395,2016-04-28,,444.0,0,444.0
71397,2016-04-28,,1728,0,1728
71398,2016-04-28,,1296,0,1296
71401,2016-04-28,,2160,0,2160
71402,2016-04-28,,3456,0,3456
71278,2016-04-27,,1728,0,1728
71279,2016-04-27,,1944,0,1944
71280,2016-04-27,,1080,0,1080
71281,2016-04-27,,1920,0,1920
71203,2016-04-26,,1080,0,1080
71204,2016-04-26,,787.5,0,787.5
71206,2016-04-26,,710.4000000000001,0,710.4000000000001
71207,2016-04-26,,1728,0,1728
71208,2016-04-26,,1944,0,1944
71210,2016-04-26,,1296,0,1296
71211,2016-04-26,,1296,0,1296
71212,2016-04-26,,1600,0,1600
71102,2016-04-25,,1944,0,1944
71104,2016-04-25,,1728,0,1728
71059,2016-04-23,,787.5,0,787.5
71061,2016-04-23,,621.6,0,621.6
71062,2016-04-23,,1296,0,1296
71063,2016-04-23,,2160,0,2160
71020,2016-04-22,,2240,0,2240
71022,2016-04-22,,3888,0,3888
71023,2016-04-22,,2160,0,2160
71024,2016-04-22,,1944,0,1944
70943,2016-04-21,,1296,0,1296
70944,2016-04-21,,621.6,0,621.6
70945,2016-04-21,,1512,0,1512
70947,2016-04-21,,3432,0,3432
70948,2016-04-21,,1296,0,1296
70950,2016-04-21,,1728,0,1728
70952,2016-04-21,,2160,0,2160
70953,2016-04-21,,1944,0,1944
71019,2016-04-21,,1512,0,1512
70862,2016-04-20,,3200,0,3200
70863,2016-04-20,,1296,0,1296
70864,2016-04-20,,1944,0,1944
70865,2016-04-20,,799.2,0,799.2
70866,2016-04-20,,532.8000000000001,0,532.8000000000001
70867,2016-04-20,,2560,0,2560
70809,2016-04-19,,1512,0,1512
70811,2016-04-19,,1296,0,1296
70813,2016-04-19,,1944,0,1944
70814,2016-04-19,,532.8000000000001,0,532.8000000000001
70815,2016-04-19,,1296,0,1296
70817,2016-04-19,,2160,0,2160
70818,2016-04-19,,612.5,0,612.5
70820,2016-04-19,,1728,0,1728
70822,2016-04-19,,1944,0,1944
70861,2016-04-19,,875.0,0,875.0
70717,2016-04-18,,1080,0,1080
70718,2016-04-18,,1296,0,1296
70720,2016-04-18,,1512,0,1512
70722,2016-04-18,,1512,0,1512
70723,2016-04-18,,1296,0,1296
70725,2016-04-18,,2160,0,2160
70726,2016-04-18,,1512,0,1512
70600,2016-04-16,,875.0,0,875.0
70602,2016-04-16,,1296,0,1296
70603,2016-04-16,,1296,0,1296
70606,2016-04-16,,1512,0,1512
70549,2016-04-15,,1600,0,1600
70552,2016-04-15,,3200,0,3200
70553,2016-04-15,,1728,0,1728
70555,2016-04-15,,1080,0,1080
70556,2016-04-15,,1080,0,1080
70557,2016-04-15,,1296,0,1296
70559,2016-04-15,,787.5,0,787.5
70452,2016-04-14,,3200,0,3200
70454,2016-04-14,,1944,0,1944
70455,2016-04-14,,2240,0,2240
70457,2016-04-14,,1080,0,1080
70459,2016-04-14,,700.0,0,700.0
70460,2016-04-14,,2160,0,2160
70346,2016-04-13,,1920,0,1920
70347,2016-04-13,,875.0,0,875.0
70348,2016-04-13,,1296,0,1296
70248,2016-04-12,,1728,0,1728
70249,2016-04-12,,2160,0,2160
70250,2016-04-12,,1512,0,1512
70251,2016-04-12,,2880,0,2880
70195,2016-04-11,,1512,0,1512
70197,2016-04-11,,1920,0,1920
70198,2016-04-11,,612.5,0,612.5
70199,2016-04-11,,1944,0,1944
70200,2016-04-11,,2160,0,2160
70201,2016-04-11,,2880,0,2880
70202,2016-04-11,,799.2,0,799.2
70205,2016-04-11,,2160,0,2160
70080,2016-04-09,,3968,0,3968
70101,2016-04-09,,1728,0,1728
70104,2016-04-09,,875.0,0,875.0
71661,2016-04-09,,1944,0,1944
70038,2016-04-08,,1512,0,1512
70040,2016-04-08,,1944,0,1944
70041,2016-04-08,,1944,0,1944
70043,2016-04-08,,1728,0,1728
70046,2016-04-08,,1512,0,1512
70048,2016-04-08,,621.6,0,621.6
70194,2016-04-08,,1728,0,1728
69939,2016-04-07,,1728,0,1728
69940,2016-04-07,,1296,0,1296
69942,2016-04-07,,1728,0,1728
69870,2016-04-06,,2560,0,2560
69872,2016-04-06,,2880,0,2880
69873,2016-04-06,,2160,0,2160
69811,2016-04-05,,444.0,0,444.0
69812,2016-04-05,,888.0,0,888.0
69814,2016-04-05,,1728,0,1728
69816,2016-04-05,,1944,0,1944
69817,2016-04-05,,2160,0,2160
69818,2016-04-05,,3200,0,3200
69751,2016-04-04,,444.0,0,444.0
69752,2016-04-04,,1944,0,1944
69753,2016-04-04,,2160,0,2160
69669,2016-04-02,,1944,0,1944
69670,2016-04-02,,1512,0,1512
69671,2016-04-02,,2160,0,2160
69633,2016-04-01,,1944,0,1944
69634,2016-04-01,,2160,0,2160
70344,2016-04-01,,1944,0,1944
69579,2016-03-31,,1080,0,1080
69580,2016-03-31,,1728,0,1728
69581,2016-03-31,,1296,0,1296
69582,2016-03-31,,2560,0,2560
69586,2016-03-31,,1728,0,1728
69587,2016-03-31,,1728,0,1728
69588,2016-03-31,,1944,0,1944
69590,2016-03-31,,1944,0,1944
69471,2016-03-30,,2880,0,2880
69472,2016-03-30,,1296,0,1296
69473,2016-03-30,,444.0,0,444.0
69474,2016-03-30,,1512,0,1512
69476,2016-03-30,,1728,0,1728
69477,2016-03-30,,2240,0,2240
69478,2016-03-30,,621.6,0,621.6
69479,2016-03-30,,2160,0,2160
69480,2016-03-30,,2880,0,2880
69481,2016-03-30,,2240,0,2240
69482,2016-03-30,,1512,0,1512
69483,2016-03-30,,1296,0,1296
69484,2016-03-30,,1512,0,1512
69485,2016-03-30,,2160,0,2160
69383,2016-03-29,,1920,0,1920
69384,2016-03-29,,1296,0,1296
69385,2016-03-29,,621.6,0,621.6
69293,2016-03-28,,3200,0,3200
69294,2016-03-28,,2592,0,2592
69295,2016-03-28,,1728,0,1728
69296,2016-03-28,,2160,0,2160
69297,2016-03-28,,700.0,0,700.0
69298,2016-03-28,,1296,0,1296
69300,2016-03-28,,700.0,0,700.0
69196,2016-03-26,,2160,0,2160
69198,2016-03-26,,4176,0,4176
69156,2016-03-25,,1512,0,1512
69159,2016-03-25,,1512,0,1512
69160,2016-03-25,,3200,0,3200
69162,2016-03-25,,2160,0,2160
69164,2016-03-25,,1296,0,1296
69165,2016-03-25,,2160,0,2160
69167,2016-03-25,,2160,0,2160
69168,2016-03-25,,2160,0,2160
69750,2016-03-25,,1512,0,1512
69091,2016-03-24,,1944,0,1944
69093,2016-03-24,,2160,0,2160
69094,2016-03-24,,2880,0,2880
69030,2016-03-23,,1728,0,1728
69031,2016-03-23,,1600,0,1600
69032,2016-03-23,,1728,0,1728
69033,2016-03-23,,1728,0,1728
69034,2016-03-23,,1920,0,1920
69035,2016-03-23,,1512,0,1512
69037,2016-03-23,,2880,0,2880
69039,2016-03-23,,2160,0,2160
69040,2016-03-23,,1080,0,1080
68910,2016-03-22,,3200,0,3200
68911,2016-03-22,,532.8000000000001,0,532.8000000000001
68912,2016-03-22,,1944,0,1944
68913,2016-03-22,,1512,0,1512
68915,2016-03-22,,1728,0,1728
68916,2016-03-22,,532.8000000000001,0,532.8000000000001
68917,2016-03-22,,1080,0,1080
68918,2016-03-22,,1944,0,1944
68791,2016-03-21,,2560,0,2560
68792,2016-03-21,,710.4000000000001,0,710.4000000000001
68793,2016-03-21,,2160,0,2160
68795,2016-03-21,,2160,0,2160
68797,2016-03-21,,1080,0,1080
68799,2016-03-21,,799.2,0,799.2
68800,2016-03-21,,2160,0,2160
68909,2016-03-21,,1512,0,1512
68679,2016-03-19,,2160,0,2160
68681,2016-03-19,,1728,0,1728
68789,2016-03-19,,2160,0,2160
68648,2016-03-18,,1728,0,1728
68649,2016-03-18,,2160,0,2160
68608,2016-03-17,,621.6,0,621.6
68544,2016-03-16,,1296,0,1296
68547,2016-03-16,,1296,0,1296
68487,2016-03-15,,1600,0,1600
68411,2016-03-14,,1296,0,1296
68412,2016-03-14,,2160,0,2160
68413,2016-03-14,,1728,0,1728
68414,2016-03-14,,1512,0,1512
68415,2016-03-14,,2160,0,2160
68334,2016-03-11,,3200,0,3200
68335,2016-03-11,,1728,0,1728
68336,2016-03-11,,3200,0,3200
68337,2016-03-11,,1080,0,1080
68205,2016-03-09,,3200,0,3200
68208,2016-03-09,,1512,0,1512
68210,2016-03-09,,1728,0,1728
68211,2016-03-09,,1080,0,1080
68212,2016-03-09,,799.2,0,799.2
68213,2016-03-09,,1296,0,1296
68214,2016-03-09,,1080,0,1080
68145,2016-03-08,,1080,0,1080
68146,2016-03-08,,1296,0,1296
68148,2016-03-08,,2560,0,2560
68149,2016-03-08,,2160,0,2160
68056,2016-03-07,,1512,0,1512
68058,2016-03-07,,1080,0,1080
68060,2016-03-07,,1080,0,1080
68144,2016-03-07,,1956.0,0,1956.0
68007,2016-03-05,,1512,0,1512
68008,2016-03-05,,1512,0,1512
67975,2016-03-04,,2880,0,2880
67976,2016-03-04,,621.6,0,621.6
67977,2016-03-04,,1080,0,1080
67908,2016-03-03,,3200,0,3200
67910,2016-03-03,,1512,0,1512
67912,2016-03-03,,1728,0,1728
67913,2016-03-03,,1728,0,1728
67914,2016-03-03,,2160,0,2160
67915,2016-03-03,,3200,0,3200
67823,2016-03-02,,1512,0,1512
67826,2016-03-02,,2160,0,2160
67827,2016-03-02,,2160,0,2160
67828,2016-03-02,,1296,0,1296
67832,2016-03-02,,1512,0,1512
67714,2016-03-01,,1296,0,1296
67715,2016-03-01,,875.0,0,875.0
67716,2016-03-01,,2880,0,2880
67717,2016-03-01,,1920,0,1920
67719,2016-03-01,,1296,0,1296
67721,2016-03-01,,1296,0,1296
67723,2016-03-01,,1728,0,1728
67605,2016-02-29,,1728,0,1728
67606,2016-02-29,,1080,0,1080
67607,2016-02-29,,710.4000000000001,0,710.4000000000001
67609,2016-02-29,,2880,0,2880
67610,2016-02-29,,2240,0,2240
67611,2016-02-29,,1944,0,1944
67612,2016-02-29,,1296,0,1296
67613,2016-02-29,,2160,0,2160
67614,2016-02-29,,700.0,0,700.0
67616,2016-02-29,,2240,0,2240
67617,2016-02-29,,1512,0,1512
67618,2016-02-29,,1296,0,1296
67619,2016-02-29,,1944,0,1944
67620,2016-02-29,,1080,0,1080
67470,2016-02-26,,1920,0,1920
67472,2016-02-26,,1920,0,1920
67475,2016-02-26,,1296,0,1296
67476,2016-02-26,,1944,0,1944
67477,2016-02-26,,1080,0,1080
67604,2016-02-26,,1296,0,1296
67351,2016-02-25,,1944,0,1944
67355,2016-02-25,,1296,0,1296
67358,2016-02-25,,1296,0,1296
67359,2016-02-25,,1944,0,1944
67360,2016-02-25,,2160,0,2160
67361,2016-02-25,,2560,0,2560
67272,2016-02-24,,2160,0,2160
67273,2016-02-24,,1944,0,1944
67275,2016-02-24,,532.8000000000001,0,532.8000000000001
67276,2016-02-24,,1728,0,1728
67278,2016-02-24,,2160,0,2160
67279,2016-02-24,,875.0,0,875.0
67281,2016-02-24,,621.6,0,621.6
67282,2016-02-24,,621.6,0,621.6
67156,2016-02-23,,2160,0,2160
67157,2016-02-23,,2880,0,2880
67159,2016-02-23,,1080,0,1080
67074,2016-02-22,,799.2,0,799.2
67075,2016-02-22,,1296,0,1296
67076,2016-02-22,,1728,0,1728
67077,2016-02-22,,1296,0,1296
67026,2016-02-20,,3200,0,3200
67029,2016-02-20,,1512,0,1512
66980,2016-02-19,,1944,0,1944
66982,2016-02-19,,1728,0,1728
66983,2016-02-19,,1920,0,1920
66984,2016-02-19,,1296,0,1296
66904,2016-02-18,,1728,0,1728
66905,2016-02-18,,1512,0,1512
66906,2016-02-18,,1728,0,1728
66908,2016-02-18,,1080,0,1080
66822,2016-02-17,,1296,0,1296
66824,2016-02-17,,1296,0,1296
66828,2016-02-17,,1296,0,1296
66829,2016-02-17,,700.0,0,700.0
66831,2016-02-17,,1080,0,1080
66736,2016-02-16,,1512,0,1512
66737,2016-02-16,,1728,0,1728
66738,2016-02-16,,2880,0,2880
66739,2016-02-16,,2160,0,2160
66694,2016-02-15,,532.8000000000001,0,532.8000000000001
66641,2016-02-13,,2240,0,2240
66603,2016-02-12,,621.6,0,621.6
66607,2016-02-12,,1512,0,1512
66608,2016-02-12,,1512,0,1512
66610,2016-02-12,,2160,0,2160
66611,2016-02-12,,1944,0,1944
66612,2016-02-12,,1600,0,1600
66613,2016-02-12,,1512,0,1512
66614,2016-02-12,,710.4000000000001,0,710.4000000000001
66497,2016-02-11,,3200,0,3200
66500,2016-02-11,,2240,0,2240
66502,2016-02-11,,1728,0,1728
66504,2016-02-11,,1728,0,1728
66903,2016-02-11,,532.8000000000001,0,532.8000000000001
66394,2016-02-09,,1512,0,1512
66395,2016-02-09,,1512,0,1512
66396,2016-02-09,,2880,0,2880
66345,2016-02-08,,1944,0,1944
66346,2016-02-08,,1080,0,1080
66348,2016-02-08,,1512,0,1512
66286,2016-02-06,,1944,0,1944
66245,2016-02-05,,1944,0,1944
66247,2016-02-05,,888.0,0,888.0
66248,2016-02-05,,1512,0,1512
66249,2016-02-05,,1080,0,1080
66191,2016-02-04,,1512,0,1512
66192,2016-02-04,,1944,0,1944
66196,2016-02-04,,1080,0,1080
66197,2016-02-04,,875.0,0,875.0
66106,2016-02-03,,612.5,0,612.5
66107,2016-02-03,,2160,0,2160
66109,2016-02-03,,710.4000000000001,0,710.4000000000001
66110,2016-02-03,,1728,0,1728
66111,2016-02-03,,1944,0,1944
66018,2016-02-02,,1944,0,1944
66019,2016-02-02,,1512,0,1512
66020,2016-02-02,,1512,0,1512
65964,2016-02-01,,2160,0,2160
65965,2016-02-01,,1080,0,1080
65966,2016-02-01,,1296,0,1296
65968,2016-02-01,,787.5,0,787.5
65969,2016-02-01,,1512,0,1512
65905,2016-01-30,,700.0,0,700.0
65909,2016-01-30,,1728,0,1728
65853,2016-01-29,,1944,0,1944
65854,2016-01-29,,787.5,0,787.5
65855,2016-01-29,,1296,0,1296
65856,2016-01-29,,2959.2,0,2959.2
65857,2016-01-29,,2160,0,2160
65858,2016-01-29,,710.4000000000001,0,710.4000000000001
65792,2016-01-28,,1512,0,1512
65794,2016-01-28,,1512,0,1512
65795,2016-01-28,,2160,0,2160
65726,2016-01-27,,2160,0,2160
65727,2016-01-27,,1944,0,1944
65728,2016-01-27,,1944,0,1944
65668,2016-01-26,,1728,0,1728
65669,2016-01-26,,1512,0,1512
65670,2016-01-26,,612.5,0,612.5
65671,2016-01-26,,444.0,0,444.0
65674,2016-01-26,,2160,0,2160
65675,2016-01-26,,1728,0,1728
65677,2016-01-26,,621.6,0,621.6
65679,2016-01-26,,2160,0,2160
65681,2016-01-26,,1296,0,1296
65571,2016-01-25,,1296,0,1296
65572,2016-01-25,,1080,0,1080
65575,2016-01-25,,1512,0,1512
65576,2016-01-25,,875.0,0,875.0
65577,2016-01-25,,1296,0,1296
65578,2016-01-25,,1920,0,1920
65580,2016-01-25,,888.0,0,888.0
65581,2016-01-25,,1296,0,1296
65490,2016-01-23,,1728,0,1728
65491,2016-01-23,,2160,0,2160
65492,2016-01-23,,1600,0,1600
65493,2016-01-23,,2160,0,2160
65446,2016-01-22,,1512,0,1512
65447,2016-01-22,,2240,0,2240
65448,2016-01-22,,710.4000000000001,0,710.4000000000001
65451,2016-01-22,,1944,0,1944
65452,2016-01-22,,2880,0,2880
65455,2016-01-22,,1512,0,1512
65356,2016-01-21,,1512,0,1512
65358,2016-01-21,,1296,0,1296
65360,2016-01-21,,1296,0,1296
65361,2016-01-21,,4608,0,4608
65364,2016-01-21,,710.4000000000001,0,710.4000000000001
65366,2016-01-21,,444.0,0,444.0
65367,2016-01-21,,1944,0,1944
65276,2016-01-20,,1944,0,1944
65278,2016-01-20,,1296,0,1296
65279,2016-01-20,,1728,0,1728
65281,2016-01-20,,2160,0,2160
65225,2016-01-19,,1512,0,1512
65226,2016-01-19,,1944,0,1944
65160,2016-01-18,,1728,0,1728
65163,2016-01-18,,1944,0,1944
65164,2016-01-18,,1296,0,1296
65166,2016-01-18,,1080,0,1080
65167,2016-01-18,,2160,0,2160
65069,2016-01-16,,2160,0,2160
65071,2016-01-16,,2160,0,2160
65027,2016-01-15,,621.6,0,621.6
65031,2016-01-15,,2560,0,2560
65032,2016-01-15,,710.4000000000001,0,710.4000000000001
65033,2016-01-15,,1600,0,1600
64928,2016-01-14,,1080,0,1080
64929,2016-01-14,,1944,0,1944
64930,2016-01-14,,1600,0,1600
64931,2016-01-14,,1728,0,1728
64932,2016-01-14,,2560,0,2560
64873,2016-01-13,,1728,0,1728
64874,2016-01-13,,1944,0,1944
64876,2016-01-13,,1080,0,1080
64793,2016-01-12,,875.0,0,875.0
64795,2016-01-12,,1728,0,1728
64796,2016-01-12,,532.8000000000001,0,532.8000000000001
64797,2016-01-12,,1512,0,1512
64798,2016-01-12,,1080,0,1080
64799,2016-01-12,,1728,0,1728
64700,2016-01-11,,1920,0,1920
64701,2016-01-11,,1512,0,1512
64702,2016-01-11,,1728,0,1728
64703,2016-01-11,,1728,0,1728
64655,2016-01-09,,700.0,0,700.0
64656,2016-01-09,,1296,0,1296
64657,2016-01-09,,1944,0,1944
64658,2016-01-09,,1296,0,1296
64659,2016-01-09,,1944,0,1944
64660,2016-01-09,,1080,0,1080
64588,2016-01-08,,1728,0,1728
64589,2016-01-08,,1728,0,1728
64591,2016-01-08,,1512,0,1512
64593,2016-01-08,,1944,0,1944
64594,2016-01-08,,2160,0,2160
64595,2016-01-08,,1944,0,1944
64596,2016-01-08,,3200,0,3200
64597,2016-01-08,,2160,0,2160
64599,2016-01-08,,710.4000000000001,0,710.4000000000001
64792,2016-01-08,,1944,0,1944
64501,2016-01-07,,875.0,0,875.0
64502,2016-01-07,,1512,0,1512
64504,2016-01-07,,1512,0,1512
66495,2016-01-07,,2160,0,2160
64373,2016-01-06,,1080,0,1080
64375,2016-01-06,,444.0,0,444.0
64380,2016-01-06,,1728,0,1728
64381,2016-01-06,,1296,0,1296
64383,2016-01-06,,1512,0,1512
64384,2016-01-06,,1944,0,1944
64386,2016-01-06,,1944,0,1944
64388,2016-01-06,,1728,0,1728
64390,2016-01-06,,1728,0,1728
64392,2016-01-06,,1944,0,1944
72930,2016-01-06,,1296,0,1296
64251,2016-01-05,,621.6,0,621.6
64252,2016-01-05,,1296,0,1296
64253,2016-01-05,,799.2,0,799.2
64254,2016-01-05,,1944,0,1944
64255,2016-01-05,,2560,0,2560
64259,2016-01-05,,1512,0,1512
64160,2016-01-04,,799.2,0,799.2
64162,2016-01-04,,2565.6,0,2565.6
64164,2016-01-04,,1296,0,1296
64063,2016-01-02,,1728,0,1728
64064,2016-01-02,,1944,0,1944
64065,2016-01-02,,1080,0,1080
64066,2016-01-02,,1080,0,1080
64011,2016-01-01,,621.6,0,621.6
64012,2016-01-01,,2240,0,2240
64013,2016-01-01,,1944,0,1944
64014,2016-01-01,,1296,0,1296
63957,2015-12-31,,2160,0,2160
63958,2015-12-31,,1944,0,1944
63960,2015-12-31,,1512,0,1512
63961,2015-12-31,,1080,0,1080
63962,2015-12-31,,2160,0,2160
63964,2015-12-31,,1728,0,1728
63852,2015-12-30,,787.5,0,787.5
63805,2015-12-29,,1512,0,1512
63807,2015-12-29,,1728,0,1728
63810,2015-12-29,,1944,0,1944
63811,2015-12-29,,1944,0,1944
63695,2015-12-28,,799.2,0,799.2
63697,2015-12-28,,710.4000000000001,0,710.4000000000001
63699,2015-12-28,,787.5,0,787.5
63701,2015-12-28,,2880,0,2880
63702,2015-12-28,,2880,0,2880
63703,2015-12-28,,1080,0,1080
63704,2015-12-28,,1512,0,1512
63620,2015-12-26,,1296,0,1296
63621,2015-12-26,,3200,0,3200
63582,2015-12-25,,1512,0,1512
63585,2015-12-25,,1080,0,1080
63588,2015-12-25,,4824,0,4824
63590,2015-12-25,,1944,0,1944
63591,2015-12-25,,1296,0,1296
63592,2015-12-25,,1512,0,1512
63517,2015-12-24,,1944,0,1944
63518,2015-12-24,,612.5,0,612.5
63463,2015-12-23,,3200,0,3200
63464,2015-12-23,,612.5,0,612.5
63465,2015-12-23,,1080,0,1080
63466,2015-12-23,,612.5,0,612.5
63467,2015-12-23,,1512,0,1512
63468,2015-12-23,,1728,0,1728
63469,2015-12-23,,612.5,0,612.5
63472,2015-12-23,,1944,0,1944
63375,2015-12-22,,2160,0,2160
63376,2015-12-22,,532.8000000000001,0,532.8000000000001
63377,2015-12-22,,1728,0,1728
63378,2015-12-22,,2160,0,2160
63274,2015-12-21,,1296,0,1296
63275,2015-12-21,,2880,0,2880
63279,2015-12-21,,1296,0,1296
63280,2015-12-21,,532.8000000000001,0,532.8000000000001
63281,2015-12-21,,1944,0,1944
63282,2015-12-21,,700.0,0,700.0
63221,2015-12-19,,1920,0,1920
63222,2015-12-19,,612.5,0,612.5
63223,2015-12-19,,1512,0,1512
63224,2015-12-19,,1512,0,1512
63195,2015-12-18,,1600,0,1600
63196,2015-12-18,,4588.0,0,4588.0
63197,2015-12-18,,612.5,0,612.5
63198,2015-12-18,,1944,0,1944
63125,2015-12-17,,875.0,0,875.0
63127,2015-12-17,,532.8000000000001,0,532.8000000000001
63051,2015-12-16,,1296,0,1296
63053,2015-12-16,,1728,0,1728
63055,2015-12-16,,1600,0,1600
63194,2015-12-16,,1944,0,1944
62982,2015-12-15,,888.0,0,888.0
62983,2015-12-15,,700.0,0,700.0
62986,2015-12-15,,2171.0,0,2171.0
62987,2015-12-15,,1296,0,1296
62990,2015-12-15,,1080,0,1080
62903,2015-12-14,,875.0,0,875.0
62905,2015-12-14,,1512,0,1512
62906,2015-12-14,,2880,0,2880
62907,2015-12-14,,1944,0,1944
62909,2015-12-14,,1296,0,1296
62910,2015-12-14,,1296,0,1296
62837,2015-12-12,,1296,0,1296
62840,2015-12-12,,3200,0,3200
62841,2015-12-12,,700.0,0,700.0
62797,2015-12-11,,888.0,0,888.0
62798,2015-12-11,,1080,0,1080
62799,2015-12-11,,1728,0,1728
62754,2015-12-10,,1728,0,1728
62755,2015-12-10,,444.0,0,444.0
62756,2015-12-10,,2160,0,2160
62757,2015-12-10,,1296,0,1296
62758,2015-12-10,,1944,0,1944
62670,2015-12-09,,621.6,0,621.6
62675,2015-12-09,,1080,0,1080
62679,2015-12-09,,2160,0,2160
62573,2015-12-08,,2160,0,2160
62574,2015-12-08,,1080,0,1080
62575,2015-12-08,,612.5,0,612.5
62577,2015-12-08,,1920,0,1920
62578,2015-12-08,,875.0,0,875.0
62581,2015-12-08,,710.4000000000001,0,710.4000000000001
62583,2015-12-08,,2160,0,2160
62584,2015-12-08,,621.6,0,621.6
62585,2015-12-08,,444.0,0,444.0
62461,2015-12-07,,799.2,0,799.2
62462,2015-12-07,,2240,0,2240
62463,2015-12-07,,1728,0,1728
62466,2015-12-07,,1512,0,1512
62467,2015-12-07,,700.0,0,700.0
62468,2015-12-07,,2160,0,2160
62469,2015-12-07,,1944,0,1944
62470,2015-12-07,,2160,0,2160
62385,2015-12-05,,1080,0,1080
62386,2015-12-05,,2560,0,2560
62387,2015-12-05,,1728,0,1728
62350,2015-12-04,,1728,0,1728
62268,2015-12-03,,1944,0,1944
62270,2015-12-03,,1296,0,1296
62273,2015-12-03,,1080,0,1080
62275,2015-12-03,,3200,0,3200
62276,2015-12-03,,888.0,0,888.0
62277,2015-12-03,,787.5,0,787.5
62157,2015-12-02,,1920,0,1920
62159,2015-12-02,,2160,0,2160
62161,2015-12-02,,1080,0,1080
62162,2015-12-02,,1080,0,1080
62107,2015-12-01,,1944,0,1944
62108,2015-12-01,,2160,0,2160
62110,2015-12-01,,532.8000000000001,0,532.8000000000001
62111,2015-12-01,,1296,0,1296
62112,2015-12-01,,1296,0,1296
62113,2015-12-01,,1944,0,1944
62114,2015-12-01,,700.0,0,700.0
62006,2015-11-30,,1728,0,1728
62007,2015-11-30,,1944,0,1944
62008,2015-11-30,,1944,0,1944
62009,2015-11-30,,1944,0,1944
62011,2015-11-30,,1728,0,1728
61954,2015-11-28,,1080,0,1080
61928,2015-11-27,,1512,0,1512
61929,2015-11-27,,700.0,0,700.0
61930,2015-11-27,,444.0,0,444.0
61933,2015-11-27,,1296,0,1296
61934,2015-11-27,,2160,0,2160
61871,2015-11-26,,1296,0,1296
61872,2015-11-26,,1944,0,1944
61874,2015-11-26,,1728,0,1728
61820,2015-11-25,,2160,0,2160
61822,2015-11-25,,1728,0,1728
61826,2015-11-25,,2160,0,2160
61828,2015-11-25,,621.6,0,621.6
62156,2015-11-25,,2560,0,2560
61748,2015-11-24,,1512,0,1512
61749,2015-11-24,,1512,0,1512
61752,2015-11-24,,2160,0,2160
61753,2015-11-24,,1512,0,1512
61754,2015-11-24,,2160,0,2160
61629,2015-11-23,,1944,0,1944
61631,2015-11-23,,1728,0,1728
61632,2015-11-23,,612.5,0,612.5
61635,2015-11-23,,2160,0,2160
61636,2015-11-23,,1296,0,1296
61637,2015-11-23,,1728,0,1728
61492,2015-11-20,,1080,0,1080
61493,2015-11-20,,1944,0,1944
61494,2015-11-20,,2240,0,2240
61495,2015-11-20,,700.0,0,700.0
61497,2015-11-20,,1296,0,1296
61498,2015-11-20,,2160,0,2160
61379,2015-11-19,,1944,0,1944
61380,2015-11-19,,1600,0,1600
61382,2015-11-19,,1728,0,1728
61383,2015-11-19,,1920,0,1920
61384,2015-11-19,,1600,0,1600
61385,2015-11-19,,700.0,0,700.0
61386,2015-11-19,,2160,0,2160
61387,2015-11-19,,3240,0,3240
61296,2015-11-18,,612.5,0,612.5
61297,2015-11-18,,1512,0,1512
61298,2015-11-18,,1944,0,1944
61300,2015-11-18,,2160,0,2160
61206,2015-11-17,,2240,0,2240
61207,2015-11-17,,787.5,0,787.5
61210,2015-11-17,,799.2,0,799.2
61295,2015-11-17,,2160,0,2160
61155,2015-11-16,,1512,0,1512
69749,2015-11-16,,1944,0,1944
61108,2015-11-14,,1080,0,1080
61109,2015-11-14,,1080,0,1080
61110,2015-11-14,,1512,0,1512
61111,2015-11-14,,1944,0,1944
61112,2015-11-14,,1944,0,1944
61294,2015-11-14,,700.0,0,700.0
61056,2015-11-13,,1296,0,1296
61058,2015-11-13,,875.0,0,875.0
61060,2015-11-13,,1296,0,1296
61061,2015-11-13,,1296,0,1296
61064,2015-11-13,,2160,0,2160
61065,2015-11-13,,2240,0,2240
60962,2015-11-12,,1512,0,1512
60965,2015-11-12,,3200,0,3200
60967,2015-11-12,,2160,0,2160
60906,2015-11-11,,1944,0,1944
60907,2015-11-11,,1512,0,1512
60909,2015-11-11,,612.5,0,612.5
60913,2015-11-11,,1728,0,1728
60914,2015-11-11,,612.5,0,612.5
60915,2015-11-11,,4720,0,4720
60916,2015-11-11,,2160,0,2160
60918,2015-11-11,,1944,0,1944
60919,2015-11-11,,621.6,0,621.6
60920,2015-11-11,,3200,0,3200
68908,2015-11-11,,710.4000000000001,0,710.4000000000001
60800,2015-11-10,,1728,0,1728
60801,2015-11-10,,1296,0,1296
60802,2015-11-10,,2160,0,2160
60804,2015-11-10,,1944,0,1944
60805,2015-11-10,,2299.5,0,2299.5
60806,2015-11-10,,1728,0,1728
60809,2015-11-10,,2160,0,2160
60810,2015-11-10,,1296,0,1296
60708,2015-11-09,,612.5,0,612.5
60710,2015-11-09,,710.4000000000001,0,710.4000000000001
60711,2015-11-09,,2160,0,2160
60712,2015-11-09,,875.0,0,875.0
60713,2015-11-09,,612.5,0,612.5
60587,2015-11-06,,1728,0,1728
60588,2015-11-06,,1512,0,1512
60589,2015-11-06,,1080,0,1080
60592,2015-11-06,,2560,0,2560
60539,2015-11-05,,1944,0,1944
60540,2015-11-05,,1728,0,1728
60542,2015-11-05,,1296,0,1296
60456,2015-11-04,,1512,0,1512
60457,2015-11-04,,1512,0,1512
60460,2015-11-04,,1296,0,1296
60465,2015-11-04,,1512,0,1512
60537,2015-11-04,,1728,0,1728
60904,2015-11-04,,612.5,0,612.5
60362,2015-11-03,,1728,0,1728
60364,2015-11-03,,1512,0,1512
60365,2015-11-03,,1296,0,1296
60366,2015-11-03,,1080,0,1080
60367,2015-11-03,,1080,0,1080
60369,2015-11-03,,710.4000000000001,0,710.4000000000001
60371,2015-11-03,,1944,0,1944
60373,2015-11-03,,2160,0,2160
60455,2015-11-03,,888.0,0,888.0
60242,2015-11-02,,2160,0,2160
60244,2015-11-02,,621.6,0,621.6
60245,2015-11-02,,1728,0,1728
60246,2015-11-02,,2160,0,2160
60248,2015-11-02,,787.5,0,787.5
60249,2015-11-02,,1728,0,1728
60250,2015-11-02,,1728,0,1728
60251,2015-11-02,,1728,0,1728
60252,2015-11-02,,2160,0,2160
60175,2015-10-31,,1944,0,1944
60178,2015-10-31,,2560,0,2560
60179,2015-10-31,,2160,0,2160
60180,2015-10-31,,2160,0,2160
60130,2015-10-30,,1944,0,1944
60131,2015-10-30,,1296,0,1296
60133,2015-10-30,,888.0,0,888.0
60134,2015-10-30,,1296,0,1296
60135,2015-10-30,,1080,0,1080
60140,2015-10-30,,888.0,0,888.0
60043,2015-10-29,,1728,0,1728
60044,2015-10-29,,2160,0,2160
60045,2015-10-29,,1944,0,1944
59973,2015-10-28,,2560,0,2560
59974,2015-10-28,,1728,0,1728
59978,2015-10-28,,888.0,0,888.0
60039,2015-10-28,,1920,0,1920
59895,2015-10-27,,1296,0,1296
59897,2015-10-27,,2560,0,2560
59898,2015-10-27,,2160,0,2160
59851,2015-10-26,,787.5,0,787.5
59852,2015-10-26,,2240,0,2240
59853,2015-10-26,,1080,0,1080
59854,2015-10-26,,3048.0,0,3048.0
59855,2015-10-26,,2160,0,2160
59766,2015-10-24,,1944,0,1944
59767,2015-10-24,,1080,0,1080
59768,2015-10-24,,1296,0,1296
59769,2015-10-24,,2560,0,2560
59738,2015-10-23,,1944,0,1944
59739,2015-10-23,,2160,0,2160
59740,2015-10-23,,2160,0,2160
59741,2015-10-23,,1944,0,1944
59742,2015-10-23,,1600,0,1600
59671,2015-10-22,,2560,0,2560
59672,2015-10-22,,2160,0,2160
59673,2015-10-22,,710.4000000000001,0,710.4000000000001
59674,2015-10-22,,2160,0,2160
59675,2015-10-22,,1296,0,1296
59676,2015-10-22,,2240,0,2240
68204,2015-10-22,,1296,0,1296
59582,2015-10-21,,612.5,0,612.5
59583,2015-10-21,,2160,0,2160
59584,2015-10-21,,1944,0,1944
59585,2015-10-21,,1944,0,1944
59586,2015-10-21,,1296,0,1296
59587,2015-10-21,,1296,0,1296
59588,2015-10-21,,2560,0,2560
59589,2015-10-21,,1944,0,1944
59590,2015-10-21,,1080,0,1080
59591,2015-10-21,,1944,0,1944
59467,2015-10-20,,2160,0,2160
59470,2015-10-20,,1944,0,1944
59374,2015-10-19,,3200,0,3200
59384,2015-10-19,,1944,0,1944
59385,2015-10-19,,3200,0,3200
59387,2015-10-19,,2160,0,2160
59388,2015-10-19,,1944,0,1944
59390,2015-10-19,,621.6,0,621.6
59579,2015-10-19,,1512,0,1512
59580,2015-10-19,,2160,0,2160
59266,2015-10-17,,2160,0,2160
59214,2015-10-16,,2160,0,2160
59215,2015-10-16,,2240,0,2240
59216,2015-10-16,,710.4000000000001,0,710.4000000000001
59218,2015-10-16,,787.5,0,787.5
59221,2015-10-16,,1944,0,1944
59223,2015-10-16,,2160,0,2160
59111,2015-10-15,,1512,0,1512
59113,2015-10-15,,621.6,0,621.6
59115,2015-10-15,,2880,0,2880
59118,2015-10-15,,1296,0,1296
59049,2015-10-14,,4320,0,4320
59050,2015-10-14,,612.5,0,612.5
59051,2015-10-14,,799.2,0,799.2
58953,2015-10-13,,2560,0,2560
58954,2015-10-13,,2160,0,2160
58955,2015-10-13,,2160,0,2160
58891,2015-10-12,,1080,0,1080
58893,2015-10-12,,1944,0,1944
58895,2015-10-12,,2160,0,2160
58896,2015-10-12,,621.6,0,621.6
58787,2015-10-09,,2240,0,2240
58791,2015-10-09,,2880,0,2880
58792,2015-10-09,,3200,0,3200
59737,2015-10-08,,612.5,0,612.5
67602,2015-10-08,,1944,0,1944
58612,2015-10-07,,1512,0,1512
58613,2015-10-07,,612.5,0,612.5
58553,2015-10-06,,1080,0,1080
58555,2015-10-06,,1728,0,1728
58556,2015-10-06,,1728,0,1728
58559,2015-10-06,,700.0,0,700.0
58560,2015-10-06,,1080,0,1080
58562,2015-10-06,,2560,0,2560
58563,2015-10-06,,1944,0,1944
58564,2015-10-06,,1728,0,1728
61055,2015-10-06,,1728,0,1728
58443,2015-10-05,,2160,0,2160
58398,2015-10-03,,1512,0,1512
58399,2015-10-03,,2160,0,2160
58358,2015-10-02,,1944,0,1944
58359,2015-10-02,,1728,0,1728
58360,2015-10-02,,1296,0,1296
58361,2015-10-02,,1512,0,1512
58362,2015-10-02,,1728,0,1728
58365,2015-10-02,,799.2,0,799.2
58366,2015-10-02,,612.5,0,612.5
58367,2015-10-02,,1728,0,1728
58370,2015-10-02,,621.6,0,621.6
58610,2015-10-02,,799.2,0,799.2
58253,2015-10-01,,888.0,0,888.0
58254,2015-10-01,,1512,0,1512
58255,2015-10-01,,2340.5,0,2340.5
58256,2015-10-01,,1728,0,1728
58207,2015-09-30,,2160,0,2160
58211,2015-09-30,,1296,0,1296
58212,2015-09-30,,1296,0,1296
58213,2015-09-30,,1944,0,1944
58107,2015-09-29,,2240,0,2240
58108,2015-09-29,,2160,0,2160
58109,2015-09-29,,2160,0,2160
58111,2015-09-29,,1728,0,1728
58112,2015-09-29,,3200,0,3200
58113,2015-09-29,,2560,0,2560
58115,2015-09-29,,612.5,0,612.5
58116,2015-09-29,,1296,0,1296
58118,2015-09-29,,1944,0,1944
58119,2015-09-29,,1296,0,1296
58121,2015-09-29,,3200,0,3200
58122,2015-09-29,,875.0,0,875.0
58124,2015-09-29,,1920,0,1920
58126,2015-09-29,,612.5,0,612.5
58127,2015-09-29,,2160,0,2160
58008,2015-09-28,,700.0,0,700.0
58010,2015-09-28,,621.6,0,621.6
58013,2015-09-28,,1600,0,1600
57945,2015-09-26,,1728,0,1728
57946,2015-09-26,,1512,0,1512
57947,2015-09-26,,1728,0,1728
57891,2015-09-25,,710.4000000000001,0,710.4000000000001
57892,2015-09-25,,875.0,0,875.0
57893,2015-09-25,,1920,0,1920
57894,2015-09-25,,2160,0,2160
57823,2015-09-24,,1728,0,1728
57827,2015-09-24,,1512,0,1512
57775,2015-09-23,,1296,0,1296
57778,2015-09-23,,1944,0,1944
57779,2015-09-23,,1080,0,1080
57782,2015-09-23,,1728,0,1728
57783,2015-09-23,,1728,0,1728
57785,2015-09-23,,1944,0,1944
57657,2015-09-22,,2160,0,2160
57658,2015-09-22,,1728,0,1728
57659,2015-09-22,,1728,0,1728
57662,2015-09-22,,1944,0,1944
57665,2015-09-22,,1944,0,1944
57667,2015-09-22,,2160,0,2160
57668,2015-09-22,,1080,0,1080
57774,2015-09-22,,2880,0,2880
57543,2015-09-21,,2160,0,2160
57546,2015-09-21,,700.0,0,700.0
57548,2015-09-21,,1512,0,1512
57551,2015-09-21,,1296,0,1296
57553,2015-09-21,,1944,0,1944
57453,2015-09-19,,1296,0,1296
57456,2015-09-19,,1920,0,1920
57457,2015-09-19,,2560,0,2560
57410,2015-09-18,,2880,0,2880
57890,2015-09-18,,787.5,0,787.5
57333,2015-09-17,,875.0,0,875.0
57336,2015-09-17,,1512,0,1512
57337,2015-09-17,,700.0,0,700.0
57338,2015-09-17,,1944,0,1944
57229,2015-09-16,,1512,0,1512
57230,2015-09-16,,700.0,0,700.0
57177,2015-09-15,,3200,0,3200
57178,2015-09-15,,2240,0,2240
57180,2015-09-15,,787.5,0,787.5
57182,2015-09-15,,1512,0,1512
57184,2015-09-15,,888.0,0,888.0
57092,2015-09-14,,710.4000000000001,0,710.4000000000001
56985,2015-09-11,,1512,0,1512
56986,2015-09-11,,1296,0,1296
56987,2015-09-11,,1728,0,1728
56988,2015-09-11,,1944,0,1944
56989,2015-09-11,,1296,0,1296
56991,2015-09-11,,2160,0,2160
56994,2015-09-11,,1512,0,1512
56995,2015-09-11,,2160,0,2160
56996,2015-09-11,,1296,0,1296
56997,2015-09-11,,2160,0,2160
56998,2015-09-11,,1728,0,1728
56870,2015-09-10,,2240,0,2240
56871,2015-09-10,,2160,0,2160
56873,2015-09-10,,3200,0,3200
56876,2015-09-10,,1944,0,1944
56983,2015-09-10,,2160,0,2160
56799,2015-09-09,,1944,0,1944
56801,2015-09-09,,2560,0,2560
56803,2015-09-09,,1600,0,1600
56805,2015-09-09,,1512,0,1512
56722,2015-09-08,,2160,0,2160
56724,2015-09-08,,799.2,0,799.2
56726,2015-09-08,,700.0,0,700.0
56727,2015-09-08,,1944,0,1944
56623,2015-09-07,,1944,0,1944
56626,2015-09-07,,2240,0,2240
56627,2015-09-07,,1512,0,1512
56628,2015-09-07,,2880,0,2880
56517,2015-09-05,,2160,0,2160
56520,2015-09-05,,1944,0,1944
56522,2015-09-05,,2160,0,2160
56456,2015-09-04,,1944,0,1944
56457,2015-09-04,,2160,0,2160
56460,2015-09-04,,1512,0,1512
56463,2015-09-04,,1728,0,1728
56464,2015-09-04,,2240,0,2240
56465,2015-09-04,,2160,0,2160
56366,2015-09-03,,1600,0,1600
56367,2015-09-03,,1944,0,1944
56283,2015-09-02,,1296,0,1296
56288,2015-09-02,,1728,0,1728
56291,2015-09-02,,1512,0,1512
56296,2015-09-02,,2160,0,2160
56297,2015-09-02,,1296,0,1296
56198,2015-09-01,,2160,0,2160
56201,2015-09-01,,875.0,0,875.0
56281,2015-09-01,,888.0,0,888.0
56138,2015-08-31,,1728,0,1728
56063,2015-08-28,,787.5,0,787.5
56067,2015-08-28,,1944,0,1944
56068,2015-08-28,,1728,0,1728
56070,2015-08-28,,1944,0,1944
56072,2015-08-28,,2160,0,2160
56076,2015-08-28,,1728,0,1728
55950,2015-08-27,,2160,0,2160
55951,2015-08-27,,2870.4,0,2870.4
55952,2015-08-27,,1296,0,1296
55955,2015-08-27,,1728,0,1728
55956,2015-08-27,,3200,0,3200
55841,2015-08-26,,2160,0,2160
55844,2015-08-26,,2160,0,2160
55847,2015-08-26,,1920,0,1920
55848,2015-08-26,,621.6,0,621.6
65963,2015-08-26,,1296,0,1296
55776,2015-08-25,,2160,0,2160
55777,2015-08-25,,1728,0,1728
55778,2015-08-25,,1600,0,1600
55779,2015-08-25,,888.0,0,888.0
58106,2015-08-25,,2560,0,2560
55706,2015-08-24,,875.0,0,875.0
55708,2015-08-24,,1080,0,1080
55709,2015-08-24,,1080,0,1080
55620,2015-08-22,,2160,0,2160
55581,2015-08-21,,1512,0,1512
55584,2015-08-21,,2160,0,2160
66104,2015-08-21,,888.0,0,888.0
55522,2015-08-20,,1920,0,1920
55439,2015-08-19,,700.0,0,700.0
55440,2015-08-19,,1944,0,1944
55389,2015-08-18,,888.0,0,888.0
55390,2015-08-18,,2160,0,2160
55393,2015-08-18,,1728,0,1728
55275,2015-08-15,,1080,0,1080
55247,2015-08-14,,1512,0,1512
55248,2015-08-14,,1512,0,1512
55249,2015-08-14,,2240,0,2240
55250,2015-08-14,,710.4000000000001,0,710.4000000000001
55252,2015-08-14,,1512,0,1512
55253,2015-08-14,,1728,0,1728
55163,2015-08-13,,700.0,0,700.0
55166,2015-08-13,,1512,0,1512
55167,2015-08-13,,1296,0,1296
55097,2015-08-12,,2160,0,2160
55098,2015-08-12,,1728,0,1728
55100,2015-08-12,,2160,0,2160
55101,2015-08-12,,1944,0,1944
55102,2015-08-12,,1080,0,1080
55105,2015-08-12,,1728,0,1728
55949,2015-08-12,,710.4000000000001,0,710.4000000000001
55005,2015-08-11,,1512,0,1512
55006,2015-08-11,,1296,0,1296
55007,2015-08-11,,1944,0,1944
55013,2015-08-11,,1512,0,1512
55014,2015-08-11,,888.0,0,888.0
55015,2015-08-11,,1296,0,1296
54905,2015-08-10,,3024,0,3024
54907,2015-08-10,,1512,0,1512
54803,2015-08-08,,888.0,0,888.0
54804,2015-08-08,,1728,0,1728
54805,2015-08-08,,1296,0,1296
54806,2015-08-08,,2560,0,2560
54807,2015-08-08,,1296,0,1296
54737,2015-08-06,,2560,0,2560
54739,2015-08-06,,2880,0,2880
54652,2015-08-05,,2560,0,2560
54655,2015-08-05,,2160,0,2160
54656,2015-08-05,,2160,0,2160
54597,2015-08-04,,2311.2,0,2311.2
54601,2015-08-04,,1512,0,1512
54605,2015-08-04,,1728,0,1728
54516,2015-08-03,,1296,0,1296
54517,2015-08-03,,1296,0,1296
54519,2015-08-03,,2160,0,2160
54520,2015-08-03,,1944,0,1944
54522,2015-08-03,,1296,0,1296
54523,2015-08-03,,621.6,0,621.6
54595,2015-08-03,,1944,0,1944
54436,2015-08-01,,1728,0,1728
54437,2015-08-01,,2160,0,2160
54411,2015-07-31,,1944,0,1944
54413,2015-07-31,,1728,0,1728
54318,2015-07-30,,3200,0,3200
54320,2015-07-30,,1080,0,1080
54321,2015-07-30,,1728,0,1728
54323,2015-07-30,,2160,0,2160
54324,2015-07-30,,1080,0,1080
54325,2015-07-30,,1080,0,1080
54326,2015-07-30,,875.0,0,875.0
54328,2015-07-30,,2160,0,2160
54330,2015-07-30,,1296,0,1296
54202,2015-07-29,,1512,0,1512
54205,2015-07-29,,1944,0,1944
54208,2015-07-29,,2160,0,2160
54209,2015-07-29,,1512,0,1512
54210,2015-07-29,,2160,0,2160
54734,2015-07-29,,621.6,0,621.6
54112,2015-07-28,,1944,0,1944
54114,2015-07-28,,1296,0,1296
54115,2015-07-28,,2160,0,2160
54035,2015-07-27,,1728,0,1728
54038,2015-07-27,,1512,0,1512
54040,2015-07-27,,1512,0,1512
53964,2015-07-25,,1296,0,1296
53966,2015-07-25,,2860.0,0,2860.0
53919,2015-07-24,,612.5,0,612.5
53920,2015-07-24,,1296,0,1296
53922,2015-07-24,,1944,0,1944
53924,2015-07-24,,1944,0,1944
53926,2015-07-24,,3200,0,3200
53928,2015-07-24,,1512,0,1512
53929,2015-07-24,,2438.4,0,2438.4
53806,2015-07-23,,1728,0,1728
53810,2015-07-23,,1728,0,1728
53812,2015-07-23,,1296,0,1296
53814,2015-07-23,,1728,0,1728
53817,2015-07-23,,875.0,0,875.0
53818,2015-07-23,,1944,0,1944
53819,2015-07-23,,2160,0,2160
53820,2015-07-23,,1296,0,1296
53689,2015-07-22,,787.5,0,787.5
53691,2015-07-22,,3200,0,3200
53692,2015-07-22,,2160,0,2160
53693,2015-07-22,,700.0,0,700.0
53694,2015-07-22,,2240,0,2240
53696,2015-07-22,,2870.4,0,2870.4
53803,2015-07-22,,1944,0,1944
53582,2015-07-21,,710.4000000000001,0,710.4000000000001
53583,2015-07-21,,2880,0,2880
53586,2015-07-21,,1944,0,1944
53590,2015-07-21,,1944,0,1944
63851,2015-07-21,,1728,0,1728
53513,2015-07-20,,787.5,0,787.5
53515,2015-07-20,,2240,0,2240
53516,2015-07-20,,1944,0,1944
53518,2015-07-20,,1296,0,1296
53519,2015-07-20,,1080,0,1080
56062,2015-07-20,,1920,0,1920
53426,2015-07-18,,710.4000000000001,0,710.4000000000001
53427,2015-07-18,,2880,0,2880
53379,2015-07-17,,2560,0,2560
53381,2015-07-17,,1512,0,1512
53319,2015-07-16,,1920,0,1920
53320,2015-07-16,,1944,0,1944
53321,2015-07-16,,1296,0,1296
53323,2015-07-16,,1296,0,1296
53324,2015-07-16,,1944,0,1944
53325,2015-07-16,,3200,0,3200
53328,2015-07-16,,2160,0,2160
53378,2015-07-16,,1944,0,1944
53222,2015-07-15,,621.6,0,621.6
53223,2015-07-15,,1728,0,1728
53227,2015-07-15,,621.6,0,621.6
53118,2015-07-14,,799.2,0,799.2
53119,2015-07-14,,1512,0,1512
53121,2015-07-14,,1296,0,1296
53123,2015-07-14,,1296,0,1296
53125,2015-07-14,,612.5,0,612.5
53126,2015-07-14,,875.0,0,875.0
53129,2015-07-14,,799.2,0,799.2
53131,2015-07-14,,5144,0,5144
53132,2015-07-14,,1944,0,1944
53015,2015-07-13,,1944,0,1944
53016,2015-07-13,,787.5,0,787.5
53019,2015-07-13,,2560,0,2560
52942,2015-07-11,,710.4000000000001,0,710.4000000000001
52944,2015-07-11,,1944,0,1944
52883,2015-07-10,,2160,0,2160
52884,2015-07-10,,1944,0,1944
52885,2015-07-10,,621.6,0,621.6
52886,2015-07-10,,1944,0,1944
52819,2015-07-09,,1944,0,1944
52820,2015-07-09,,1512,0,1512
52822,2015-07-09,,1296,0,1296
52708,2015-07-08,,3456,0,3456
52709,2015-07-08,,2160,0,2160
52641,2015-07-07,,1512,0,1512
52642,2015-07-07,,1512,0,1512
52646,2015-07-07,,2560,0,2560
52648,2015-07-07,,1728,0,1728
52815,2015-07-07,,2880,0,2880
52524,2015-07-06,,1728,0,1728
52525,2015-07-06,,621.6,0,621.6
52526,2015-07-06,,2160,0,2160
52528,2015-07-06,,1512,0,1512
52530,2015-07-06,,612.5,0,612.5
52531,2015-07-06,,1512,0,1512
52532,2015-07-06,,710.4000000000001,0,710.4000000000001
52533,2015-07-06,,787.5,0,787.5
52535,2015-07-06,,2160,0,2160
52536,2015-07-06,,1920,0,1920
55579,2015-07-06,,1728,0,1728
52413,2015-07-04,,2160,0,2160
52386,2015-07-03,,700.0,0,700.0
52387,2015-07-03,,1512,0,1512
52638,2015-07-03,,1296,0,1296
52317,2015-07-02,,888.0,0,888.0
52319,2015-07-02,,1512,0,1512
52320,2015-07-02,,1944,0,1944
54650,2015-07-02,,1512,0,1512
52209,2015-07-01,,1944,0,1944
52211,2015-07-01,,787.5,0,787.5
52139,2015-06-30,,1944,0,1944
52144,2015-06-30,,3200,0,3200
52706,2015-06-29,,1080,0,1080
51943,2015-06-26,,1728,0,1728
51944,2015-06-26,,3200,0,3200
51945,2015-06-26,,1944,0,1944
51947,2015-06-26,,1944,0,1944
51948,2015-06-26,,2560,0,2560
51949,2015-06-26,,1944,0,1944
51952,2015-06-26,,2160,0,2160
51823,2015-06-25,,1512,0,1512
51826,2015-06-25,,621.6,0,621.6
51828,2015-06-25,,710.4000000000001,0,710.4000000000001
51833,2015-06-25,,2160,0,2160
51834,2015-06-25,,2160,0,2160
51738,2015-06-24,,2240,0,2240
51740,2015-06-24,,2160,0,2160
51741,2015-06-24,,1728,0,1728
51743,2015-06-24,,1512,0,1512
51663,2015-06-23,,1944,0,1944
51664,2015-06-23,,3200,0,3200
51665,2015-06-23,,1944,0,1944
51666,2015-06-23,,710.4000000000001,0,710.4000000000001
51667,2015-06-23,,612.5,0,612.5
51606,2015-06-22,,1944,0,1944
51608,2015-06-22,,3200,0,3200
51609,2015-06-22,,799.2,0,799.2
51662,2015-06-22,,710.4000000000001,0,710.4000000000001
51551,2015-06-20,,875.0,0,875.0
51553,2015-06-20,,621.6,0,621.6
51514,2015-06-19,,2560,0,2560
51515,2015-06-19,,1728,0,1728
51518,2015-06-19,,1728,0,1728
51519,2015-06-19,,1944,0,1944
51520,2015-06-19,,1512,0,1512
51430,2015-06-18,,2160,0,2160
51431,2015-06-18,,710.4000000000001,0,710.4000000000001
51432,2015-06-18,,700.0,0,700.0
51362,2015-06-17,,710.4000000000001,0,710.4000000000001
51365,2015-06-17,,2560,0,2560
51367,2015-06-17,,1296,0,1296
51370,2015-06-17,,1512,0,1512
51371,2015-06-17,,621.6,0,621.6
51276,2015-06-16,,1728,0,1728
51277,2015-06-16,,1944,0,1944
51281,2015-06-16,,1728,0,1728
51283,2015-06-16,,1512,0,1512
51284,2015-06-16,,787.5,0,787.5
51212,2015-06-15,,2160,0,2160
51215,2015-06-15,,1296,0,1296
51217,2015-06-15,,1944,0,1944
51105,2015-06-12,,2160,0,2160
51108,2015-06-12,,2160,0,2160
51109,2015-06-12,,1728,0,1728
51110,2015-06-12,,1296,0,1296
50971,2015-06-10,,612.5,0,612.5
50973,2015-06-10,,1080,0,1080
50977,2015-06-10,,1080,0,1080
50978,2015-06-10,,4712,0,4712
50979,2015-06-10,,2160,0,2160
50868,2015-06-09,,1944,0,1944
50870,2015-06-09,,2560,0,2560
50871,2015-06-09,,1296,0,1296
59109,2015-06-09,,2160,0,2160
50756,2015-06-08,,1728,0,1728
50757,2015-06-08,,1944,0,1944
50758,2015-06-08,,700.0,0,700.0
50761,2015-06-08,,700.0,0,700.0
50763,2015-06-08,,1728,0,1728
50675,2015-06-06,,1512,0,1512
50676,2015-06-06,,612.5,0,612.5
50680,2015-06-06,,1296,0,1296
50681,2015-06-06,,3200,0,3200
50621,2015-06-05,,1920,0,1920
50623,2015-06-05,,2160,0,2160
50626,2015-06-05,,710.4000000000001,0,710.4000000000001
50627,2015-06-05,,787.5,0,787.5
50628,2015-06-05,,2488.0,0,2488.0
50631,2015-06-05,,1080,0,1080
50632,2015-06-05,,2880,0,2880
50506,2015-06-04,,1728,0,1728
50508,2015-06-04,,2160,0,2160
50511,2015-06-04,,1944,0,1944
50512,2015-06-04,,2560,0,2560
50514,2015-06-04,,2880,0,2880
50515,2015-06-04,,1944,0,1944
50517,2015-06-04,,1512,0,1512
50519,2015-06-04,,710.4000000000001,0,710.4000000000001
50521,2015-06-04,,1944,0,1944
50619,2015-06-04,,1944,0,1944
50754,2015-06-04,,2560,0,2560
50968,2015-06-04,,1600,0,1600
51040,2015-06-04,,787.5,0,787.5
50412,2015-06-03,,2880,0,2880
50417,2015-06-03,,888.0,0,888.0
50419,2015-06-03,,1944,0,1944
50618,2015-06-03,,1728,0,1728
50322,2015-06-02,,1728,0,1728
50325,2015-06-02,,1944,0,1944
50326,2015-06-02,,700.0,0,700.0
50329,2015-06-02,,2240,0,2240
50249,2015-06-01,,1512,0,1512
50251,2015-06-01,,1944,0,1944
50252,2015-06-01,,2160,0,2160
50254,2015-06-01,,1728,0,1728
50255,2015-06-01,,2160,0,2160
50256,2015-06-01,,1944,0,1944
50258,2015-06-01,,621.6,0,621.6
50150,2015-05-30,,1512,0,1512
50156,2015-05-30,,2160,0,2160
50091,2015-05-29,,2160,0,2160
50094,2015-05-29,,1296,0,1296
50096,2015-05-29,,875.0,0,875.0
50098,2015-05-29,,1944,0,1944
50099,2015-05-29,,1728,0,1728
50100,2015-05-29,,2160,0,2160
72266,2015-05-29,,700.0,0,700.0
49994,2015-05-28,,1512,0,1512
49995,2015-05-28,,700.0,0,700.0
49996,2015-05-28,,1728,0,1728
49999,2015-05-28,,1944,0,1944
49926,2015-05-27,,1944,0,1944
49927,2015-05-27,,799.2,0,799.2
49928,2015-05-27,,1944,0,1944
49930,2015-05-27,,3200,0,3200
49931,2015-05-27,,2240,0,2240
49833,2015-05-26,,1944,0,1944
49834,2015-05-26,,787.5,0,787.5
49837,2015-05-26,,2160,0,2160
49838,2015-05-26,,1944,0,1944
49839,2015-05-26,,710.4000000000001,0,710.4000000000001
49840,2015-05-26,,1920,0,1920
49733,2015-05-25,,1512,0,1512
49734,2015-05-25,,1512,0,1512
49735,2015-05-25,,1944,0,1944
49656,2015-05-23,,1944,0,1944
49657,2015-05-23,,1728,0,1728
49659,2015-05-23,,1944,0,1944
49731,2015-05-23,,1296,0,1296
49617,2015-05-22,,1920,0,1920
49618,2015-05-22,,2160,0,2160
49557,2015-05-21,,1944,0,1944
49561,2015-05-21,,1728,0,1728
49565,2015-05-21,,1728,0,1728
49567,2015-05-21,,2160,0,2160
49440,2015-05-20,,875.0,0,875.0
49441,2015-05-20,,1944,0,1944
49442,2015-05-20,,2222.4,0,2222.4
49443,2015-05-20,,1512,0,1512
49445,2015-05-20,,2160,0,2160
49446,2015-05-20,,710.4000000000001,0,710.4000000000001
49449,2015-05-20,,1728,0,1728
49346,2015-05-19,,1944,0,1944
49282,2015-05-18,,1944,0,1944
49284,2015-05-18,,1512,0,1512
49285,2015-05-18,,1512,0,1512
49290,2015-05-18,,1296,0,1296
49198,2015-05-16,,1944,0,1944
49202,2015-05-16,,700.0,0,700.0
49203,2015-05-16,,2160,0,2160
49204,2015-05-16,,1296,0,1296
59849,2015-05-16,,1296,0,1296
49136,2015-05-15,,1944,0,1944
49137,2015-05-15,,1944,0,1944
49139,2015-05-15,,2160,0,2160
49141,2015-05-15,,2560,0,2560
49142,2015-05-15,,2560,0,2560
49143,2015-05-15,,1944,0,1944
49060,2015-05-14,,612.5,0,612.5
49061,2015-05-14,,1944,0,1944
49066,2015-05-14,,700.0,0,700.0
49070,2015-05-14,,710.4000000000001,0,710.4000000000001
48968,2015-05-13,,2240,0,2240
48969,2015-05-13,,875.0,0,875.0
48921,2015-05-12,,1512,0,1512
48923,2015-05-12,,1512,0,1512
48924,2015-05-12,,1512,0,1512
48925,2015-05-12,,612.5,0,612.5
55948,2015-05-11,,1296,0,1296
48787,2015-05-09,,1944,0,1944
48790,2015-05-09,,700.0,0,700.0
48739,2015-05-08,,787.5,0,787.5
48741,2015-05-08,,875.0,0,875.0
48646,2015-05-07,,1296,0,1296
48648,2015-05-07,,700.0,0,700.0
48649,2015-05-07,,1512,0,1512
48650,2015-05-07,,799.2,0,799.2
48651,2015-05-07,,1944,0,1944
48653,2015-05-07,,1296,0,1296
48654,2015-05-07,,875.0,0,875.0
48655,2015-05-07,,2160,0,2160
48586,2015-05-06,,2160,0,2160
48587,2015-05-06,,1944,0,1944
48588,2015-05-06,,2240,0,2240
48589,2015-05-06,,1296,0,1296
48527,2015-05-05,,799.2,0,799.2
48528,2015-05-05,,1512,0,1512
48529,2015-05-05,,1944,0,1944
48532,2015-05-05,,2560,0,2560
48535,2015-05-05,,1512,0,1512
48536,2015-05-05,,1512,0,1512
48537,2015-05-05,,875.0,0,875.0
48412,2015-05-04,,1728,0,1728
48416,2015-05-04,,875.0,0,875.0
48417,2015-05-04,,612.5,0,612.5
48418,2015-05-04,,700.0,0,700.0
48422,2015-05-04,,799.2,0,799.2
48425,2015-05-04,,700.0,0,700.0
48427,2015-05-04,,2560,0,2560
48304,2015-05-01,,1512,0,1512
48306,2015-05-01,,1512,0,1512
48192,2015-04-30,,1944,0,1944
48194,2015-04-30,,621.6,0,621.6
48196,2015-04-30,,787.5,0,787.5
48199,2015-04-30,,1080,0,1080
48299,2015-04-30,,2160,0,2160
48095,2015-04-29,,2880,0,2880
48097,2015-04-29,,2160,0,2160
48098,2015-04-29,,1944,0,1944
48101,2015-04-29,,1944,0,1944
48102,2015-04-29,,710.4000000000001,0,710.4000000000001
47999,2015-04-28,,3200,0,3200
48000,2015-04-28,,3448.0,0,3448.0
48002,2015-04-28,,1512,0,1512
47914,2015-04-27,,1944,0,1944
47916,2015-04-27,,1944,0,1944
47917,2015-04-27,,710.4000000000001,0,710.4000000000001
47921,2015-04-27,,1296,0,1296
47794,2015-04-24,,2160,0,2160
47796,2015-04-24,,2160,0,2160
47706,2015-04-23,,1944,0,1944
47707,2015-04-23,,2160,0,2160
47708,2015-04-23,,700.0,0,700.0
47711,2015-04-23,,799.2,0,799.2
47713,2015-04-23,,1944,0,1944
47715,2015-04-23,,1296,0,1296
47718,2015-04-23,,2160,0,2160
47719,2015-04-23,,2560,0,2560
47601,2015-04-22,,1728,0,1728
47602,2015-04-22,,1512,0,1512
47603,2015-04-22,,1944,0,1944
47604,2015-04-22,,1944,0,1944
47531,2015-04-21,,1728,0,1728
47532,2015-04-21,,1512,0,1512
47533,2015-04-21,,621.6,0,621.6
47536,2015-04-21,,787.5,0,787.5
47537,2015-04-21,,2560,0,2560
47538,2015-04-21,,1944,0,1944
47419,2015-04-20,,612.5,0,612.5
47420,2015-04-20,,2160,0,2160
47422,2015-04-20,,612.5,0,612.5
47423,2015-04-20,,2160,0,2160
47424,2015-04-20,,875.0,0,875.0
47426,2015-04-20,,3200,0,3200
47325,2015-04-17,,1296,0,1296
47326,2015-04-17,,787.5,0,787.5
47329,2015-04-17,,2880,0,2880
47270,2015-04-16,,888.0,0,888.0
47271,2015-04-16,,1944,0,1944
47272,2015-04-16,,1512,0,1512
47274,2015-04-16,,1728,0,1728
47276,2015-04-16,,799.2,0,799.2
47277,2015-04-16,,1512,0,1512
47170,2015-04-15,,888.0,0,888.0
47172,2015-04-15,,1512,0,1512
47071,2015-04-14,,1728,0,1728
47072,2015-04-14,,1296,0,1296
47073,2015-04-14,,700.0,0,700.0
46958,2015-04-13,,799.2,0,799.2
46961,2015-04-13,,2160,0,2160
46880,2015-04-11,,799.2,0,799.2
46882,2015-04-11,,2160,0,2160
46884,2015-04-11,,1512,0,1512
46822,2015-04-10,,787.5,0,787.5
46825,2015-04-10,,2560,0,2560
46826,2015-04-10,,1512,0,1512
55244,2015-04-10,,710.4000000000001,0,710.4000000000001
46723,2015-04-09,,888.0,0,888.0
46726,2015-04-09,,888.0,0,888.0
46727,2015-04-09,,1728,0,1728
46728,2015-04-09,,2160,0,2160
73018,2015-04-09,,2160,0,2160
46629,2015-04-08,,3200,0,3200
46630,2015-04-08,,888.0,0,888.0
46632,2015-04-08,,1944,0,1944
46821,2015-04-08,,621.6,0,621.6
46556,2015-04-07,,1512,0,1512
46559,2015-04-07,,1728,0,1728
46560,2015-04-07,,2160,0,2160
46564,2015-04-07,,1944,0,1944
64009,2015-04-07,,612.5,0,612.5
46470,2015-04-06,,799.2,0,799.2
46473,2015-04-06,,700.0,0,700.0
46474,2015-04-06,,1512,0,1512
46387,2015-04-04,,2160,0,2160
46388,2015-04-04,,1944,0,1944
46390,2015-04-04,,1512,0,1512
46391,2015-04-04,,621.6,0,621.6
46392,2015-04-04,,621.6,0,621.6
46326,2015-04-03,,787.5,0,787.5
46328,2015-04-03,,1944,0,1944
69292,2015-04-03,,1512,0,1512
46219,2015-04-02,,1512,0,1512
46220,2015-04-02,,2160,0,2160
46223,2015-04-02,,1296,0,1296
46224,2015-04-02,,1944,0,1944
45975,2015-03-28,,3200,0,3200
45978,2015-03-28,,3200,0,3200
45979,2015-03-28,,2160,0,2160
45980,2015-03-28,,2160,0,2160
45913,2015-03-27,,1512,0,1512
45916,2015-03-27,,1512,0,1512
59848,2015-03-27,,1728,0,1728
45817,2015-03-26,,1944,0,1944
45760,2015-03-25,,1728,0,1728
45761,2015-03-25,,1512,0,1512
45765,2015-03-25,,1728,0,1728
45766,2015-03-25,,1944,0,1944
45768,2015-03-25,,700.0,0,700.0
45771,2015-03-25,,621.6,0,621.6
45814,2015-03-25,,1944,0,1944
45660,2015-03-24,,799.2,0,799.2
45662,2015-03-24,,3200,0,3200
45663,2015-03-24,,710.4000000000001,0,710.4000000000001
45664,2015-03-24,,1512,0,1512
45666,2015-03-24,,1728,0,1728
45550,2015-03-23,,1944,0,1944
45552,2015-03-23,,1296,0,1296
45553,2015-03-23,,875.0,0,875.0
45554,2015-03-23,,1512,0,1512
45555,2015-03-23,,888.0,0,888.0
45556,2015-03-23,,1944,0,1944
45557,2015-03-23,,3200,0,3200
45558,2015-03-23,,1944,0,1944
45473,2015-03-21,,1512,0,1512
45474,2015-03-21,,1944,0,1944
45366,2015-03-19,,2160,0,2160
45368,2015-03-19,,1512,0,1512
45369,2015-03-19,,1512,0,1512
45376,2015-03-19,,700.0,0,700.0
45364,2015-03-18,,1944,0,1944
45229,2015-03-17,,700.0,0,700.0
45233,2015-03-17,,1512,0,1512
45234,2015-03-17,,1296,0,1296
45171,2015-03-16,,2160,0,2160
45172,2015-03-16,,787.5,0,787.5
45173,2015-03-16,,2160,0,2160
45174,2015-03-16,,2160,0,2160
45175,2015-03-16,,1944,0,1944
45176,2015-03-16,,1296,0,1296
45084,2015-03-14,,888.0,0,888.0
45029,2015-03-13,,3200,0,3200
45030,2015-03-13,,888.0,0,888.0
44954,2015-03-12,,875.0,0,875.0
44866,2015-03-11,,1512,0,1512
44868,2015-03-11,,3200,0,3200
44872,2015-03-11,,787.5,0,787.5
44875,2015-03-11,,2160,0,2160
44751,2015-03-10,,1512,0,1512
44752,2015-03-10,,1512,0,1512
44753,2015-03-10,,2160,0,2160
44656,2015-03-09,,1944,0,1944
44658,2015-03-09,,1512,0,1512
44659,2015-03-09,,888.0,0,888.0
44660,2015-03-09,,1512,0,1512
44597,2015-03-07,,888.0,0,888.0
44557,2015-03-06,,1512,0,1512
44653,2015-03-06,,1944,0,1944
44493,2015-03-05,,1944,0,1944
44750,2015-03-05,,1512,0,1512
63804,2015-03-05,,1296,0,1296
44406,2015-03-04,,1728,0,1728
44407,2015-03-04,,875.0,0,875.0
44409,2015-03-04,,1728,0,1728
44410,2015-03-04,,2160,0,2160
44411,2015-03-04,,1512,0,1512
44336,2015-03-03,,2560,0,2560
44337,2015-03-03,,2160,0,2160
44340,2015-03-03,,2160,0,2160
44342,2015-03-03,,1944,0,1944
44343,2015-03-03,,2240,0,2240
44244,2015-03-02,,1728,0,1728
44245,2015-03-02,,1944,0,1944
44246,2015-03-02,,710.4000000000001,0,710.4000000000001
44202,2015-02-28,,1944,0,1944
44204,2015-02-28,,710.4000000000001,0,710.4000000000001
44134,2015-02-27,,2880,0,2880
44138,2015-02-27,,1728,0,1728
44140,2015-02-27,,875.0,0,875.0
44147,2015-02-27,,1728,0,1728
44149,2015-02-27,,1944,0,1944
44029,2015-02-26,,1728,0,1728
43971,2015-02-25,,1728,0,1728
43974,2015-02-25,,2160,0,2160
43975,2015-02-25,,700.0,0,700.0
43977,2015-02-25,,2160,0,2160
43890,2015-02-24,,875.0,0,875.0
43891,2015-02-24,,2240,0,2240
43894,2015-02-24,,2880,0,2880
43895,2015-02-24,,621.6,0,621.6
43896,2015-02-24,,2160,0,2160
43769,2015-02-23,,2160,0,2160
43770,2015-02-23,,1944,0,1944
43777,2015-02-23,,2160,0,2160
43969,2015-02-23,,2160,0,2160
60959,2015-02-21,,1512,0,1512
43622,2015-02-20,,2160,0,2160
43623,2015-02-20,,2560,0,2560
43575,2015-02-19,,1512,0,1512
43494,2015-02-18,,1944,0,1944
43495,2015-02-18,,799.2,0,799.2
43429,2015-02-17,,700.0,0,700.0
43430,2015-02-17,,1728,0,1728
43365,2015-02-16,,1512,0,1512
43369,2015-02-16,,710.4000000000001,0,710.4000000000001
43255,2015-02-14,,4504,0,4504
43193,2015-02-12,,2160,0,2160
43194,2015-02-12,,2160,0,2160
43197,2015-02-12,,2160,0,2160
43201,2015-02-12,,2240,0,2240
43202,2015-02-12,,1944,0,1944
43203,2015-02-12,,1944,0,1944
43204,2015-02-12,,1512,0,1512
43087,2015-02-11,,1512,0,1512
43088,2015-02-11,,1728,0,1728
43089,2015-02-11,,2560,0,2560
43010,2015-02-10,,1944,0,1944
43015,2015-02-10,,1512,0,1512
43017,2015-02-10,,1512,0,1512
42920,2015-02-09,,888.0,0,888.0
42921,2015-02-09,,1728,0,1728
42923,2015-02-09,,2160,0,2160
42841,2015-02-07,,700.0,0,700.0
42815,2015-02-06,,1512,0,1512
42761,2015-02-05,,875.0,0,875.0
42762,2015-02-05,,1728,0,1728
42763,2015-02-05,,1512,0,1512
42703,2015-02-04,,1944,0,1944
42706,2015-02-04,,621.6,0,621.6
42760,2015-02-04,,799.2,0,799.2
42637,2015-02-03,,1728,0,1728
42640,2015-02-03,,1944,0,1944
42644,2015-02-03,,1944,0,1944
42648,2015-02-03,,1728,0,1728
42649,2015-02-03,,3200,0,3200
42652,2015-02-03,,700.0,0,700.0
42653,2015-02-03,,710.4000000000001,0,710.4000000000001
42702,2015-02-03,,700.0,0,700.0
42528,2015-02-02,,2160,0,2160
42472,2015-01-31,,1512,0,1512
42412,2015-01-30,,1512,0,1512
42413,2015-01-30,,1944,0,1944
42415,2015-01-30,,710.4000000000001,0,710.4000000000001
42357,2015-01-29,,710.4000000000001,0,710.4000000000001
42358,2015-01-29,,1512,0,1512
42360,2015-01-29,,2160,0,2160
42271,2015-01-28,,2160,0,2160
42272,2015-01-28,,1512,0,1512
42274,2015-01-28,,787.5,0,787.5
42195,2015-01-27,,1512,0,1512
42201,2015-01-27,,787.5,0,787.5
42202,2015-01-27,,1944,0,1944
42203,2015-01-27,,3200,0,3200
42204,2015-01-27,,1944,0,1944
42090,2015-01-26,,1944,0,1944
42091,2015-01-26,,1944,0,1944
42269,2015-01-26,,3200,0,3200
41997,2015-01-24,,700.0,0,700.0
42087,2015-01-24,,2560,0,2560
41959,2015-01-23,,3200,0,3200
41903,2015-01-22,,1944,0,1944
41905,2015-01-22,,2160,0,2160
41907,2015-01-22,,1944,0,1944
41910,2015-01-22,,1728,0,1728
41835,2015-01-21,,2160,0,2160
41836,2015-01-21,,2160,0,2160
41837,2015-01-21,,1944,0,1944
41721,2015-01-20,,1944,0,1944
41722,2015-01-20,,1728,0,1728
41832,2015-01-20,,2160,0,2160
41657,2015-01-19,,2160,0,2160
41659,2015-01-19,,1512,0,1512
41660,2015-01-19,,1944,0,1944
41662,2015-01-19,,2160,0,2160
41663,2015-01-19,,1944,0,1944
41831,2015-01-19,,1728,0,1728
41551,2015-01-17,,1944,0,1944
41527,2015-01-16,,1944,0,1944
41479,2015-01-15,,1512,0,1512
41482,2015-01-15,,2160,0,2160
41484,2015-01-15,,1512,0,1512
41485,2015-01-15,,1728,0,1728
41423,2015-01-14,,2560,0,2560
41424,2015-01-14,,621.6,0,621.6
41425,2015-01-14,,2560,0,2560
41427,2015-01-14,,1944,0,1944
41429,2015-01-14,,2160,0,2160
41430,2015-01-14,,700.0,0,700.0
41316,2015-01-13,,2880,0,2880
41318,2015-01-13,,1728,0,1728
41319,2015-01-13,,2160,0,2160
41245,2015-01-12,,3752,0,3752
41246,2015-01-12,,1728,0,1728
41196,2015-01-10,,1728,0,1728
41174,2015-01-09,,4104,0,4104
41108,2015-01-08,,2160,0,2160
41033,2015-01-07,,787.5,0,787.5
41172,2015-01-07,,3200,0,3200
41955,2015-01-07,,1944,0,1944
40971,2015-01-06,,621.6,0,621.6
40972,2015-01-06,,3888,0,3888
40975,2015-01-06,,2880,0,2880
40917,2015-01-05,,2160,0,2160
40918,2015-01-05,,1944,0,1944
40921,2015-01-05,,787.5,0,787.5
41031,2015-01-05,,1728,0,1728
40785,2015-01-02,,1944,0,1944
40786,2015-01-02,,2160,0,2160
40730,2015-01-01,,710.4000000000001,0,710.4000000000001
40731,2015-01-01,,2160,0,2160
40732,2015-01-01,,1728,0,1728
40734,2015-01-01,,1944,0,1944
40735,2015-01-01,,1944,0,1944
40736,2015-01-01,,1728,0,1728
40638,2014-12-31,,4320,0,4320
40639,2014-12-31,,1512,0,1512
40640,2014-12-31,,2160,0,2160
40555,2014-12-30,,3200,0,3200
40556,2014-12-30,,2160,0,2160
40560,2014-12-30,,1728,0,1728
40562,2014-12-30,,1944,0,1944
40463,2014-12-29,,1512,0,1512
40464,2014-12-29,,2560,0,2560
40466,2014-12-29,,2160,0,2160
40467,2014-12-29,,1944,0,1944
40347,2014-12-26,,787.5,0,787.5
40350,2014-12-26,,1728,0,1728
40305,2014-12-25,,710.4000000000001,0,710.4000000000001
40306,2014-12-25,,710.4000000000001,0,710.4000000000001
40307,2014-12-25,,4104,0,4104
40310,2014-12-25,,700.0,0,700.0
42411,2014-12-25,,710.4000000000001,0,710.4000000000001
40215,2014-12-24,,1512,0,1512
40216,2014-12-24,,1728,0,1728
40217,2014-12-24,,875.0,0,875.0
40136,2014-12-23,,1728,0,1728
40038,2014-12-22,,1944,0,1944
40040,2014-12-22,,787.5,0,787.5
40044,2014-12-22,,710.4000000000001,0,710.4000000000001
40047,2014-12-22,,621.6,0,621.6
39989,2014-12-20,,1944,0,1944
39939,2014-12-19,,1944,0,1944
39941,2014-12-19,,621.6,0,621.6
39945,2014-12-19,,799.2,0,799.2
39949,2014-12-19,,1944,0,1944
39823,2014-12-18,,2560,0,2560
39824,2014-12-18,,1944,0,1944
39831,2014-12-18,,1728,0,1728
39833,2014-12-18,,2160,0,2160
39836,2014-12-18,,787.5,0,787.5
39837,2014-12-18,,2160,0,2160
39838,2014-12-18,,2240,0,2240
39724,2014-12-17,,621.6,0,621.6
39726,2014-12-17,,1728,0,1728
39728,2014-12-17,,1728,0,1728
39730,2014-12-17,,2880,0,2880
39732,2014-12-17,,621.6,0,621.6
39733,2014-12-17,,2160,0,2160
39735,2014-12-17,,1728,0,1728
39627,2014-12-16,,621.6,0,621.6
39629,2014-12-16,,799.2,0,799.2
39722,2014-12-16,,2160,0,2160
39560,2014-12-15,,888.0,0,888.0
39563,2014-12-15,,1944,0,1944
39564,2014-12-15,,3200,0,3200
39721,2014-12-15,,2947.5,0,2947.5
39468,2014-12-13,,2560,0,2560
39469,2014-12-13,,1512,0,1512
39425,2014-12-12,,1512,0,1512
39426,2014-12-12,,2240,0,2240
39427,2014-12-12,,1728,0,1728
39370,2014-12-11,,3200,0,3200
39314,2014-12-10,,1728,0,1728
39219,2014-12-09,,1944,0,1944
39220,2014-12-09,,2560,0,2560
39221,2014-12-09,,2160,0,2160
39222,2014-12-09,,799.2,0,799.2
39223,2014-12-09,,1944,0,1944
39225,2014-12-09,,1944,0,1944
39227,2014-12-09,,1944,0,1944
39144,2014-12-08,,2160,0,2160
39149,2014-12-08,,1512,0,1512
39151,2014-12-08,,1512,0,1512
39153,2014-12-08,,2880,0,2880
39154,2014-12-08,,1512,0,1512
39047,2014-12-06,,2160,0,2160
39307,2014-12-06,,2160,0,2160
39026,2014-12-05,,2240,0,2240
38983,2014-12-04,,1944,0,1944
38984,2014-12-04,,1728,0,1728
38938,2014-12-03,,1512,0,1512
38940,2014-12-03,,2240,0,2240
38942,2014-12-03,,2560,0,2560
38943,2014-12-03,,2240,0,2240
38944,2014-12-03,,621.6,0,621.6
38858,2014-12-02,,2160,0,2160
38861,2014-12-02,,799.2,0,799.2
38863,2014-12-02,,1728,0,1728
38864,2014-12-02,,1728,0,1728
38865,2014-12-02,,1512,0,1512
38759,2014-12-01,,1512,0,1512
38645,2014-11-27,,3200,0,3200
38648,2014-11-27,,1512,0,1512
38651,2014-11-27,,2160,0,2160
38937,2014-11-27,,1728,0,1728
38604,2014-11-26,,2560,0,2560
38562,2014-11-25,,875.0,0,875.0
38563,2014-11-25,,2240,0,2240
38498,2014-11-24,,2160,0,2160
38501,2014-11-24,,1944,0,1944
38503,2014-11-24,,2160,0,2160
38507,2014-11-24,,2240,0,2240
38403,2014-11-22,,1512,0,1512
38406,2014-11-22,,1944,0,1944
38356,2014-11-21,,787.5,0,787.5
38358,2014-11-21,,3200,0,3200
38359,2014-11-21,,1944,0,1944
38269,2014-11-20,,1728,0,1728
38270,2014-11-20,,1944,0,1944
38271,2014-11-20,,888.0,0,888.0
38273,2014-11-20,,1512,0,1512
38274,2014-11-20,,1728,0,1728
38221,2014-11-19,,1512,0,1512
38222,2014-11-19,,2781.6,0,2781.6
38224,2014-11-19,,710.4000000000001,0,710.4000000000001
38226,2014-11-19,,1512,0,1512
38118,2014-11-18,,1728,0,1728
38119,2014-11-18,,2160,0,2160
38123,2014-11-18,,710.4000000000001,0,710.4000000000001
38060,2014-11-17,,1944,0,1944
38061,2014-11-17,,710.4000000000001,0,710.4000000000001
38065,2014-11-17,,1944,0,1944
38010,2014-11-15,,1944,0,1944
37958,2014-11-14,,2299.5,0,2299.5
37959,2014-11-14,,2240,0,2240
37962,2014-11-14,,2160,0,2160
37963,2014-11-14,,1728,0,1728
37965,2014-11-14,,875.0,0,875.0
37966,2014-11-14,,1944,0,1944
37893,2014-11-13,,1512,0,1512
37834,2014-11-12,,1512,0,1512
37837,2014-11-12,,1944,0,1944
37839,2014-11-12,,1728,0,1728
37675,2014-11-10,,2240,0,2240
37679,2014-11-10,,2160,0,2160
58952,2014-11-10,,2160,0,2160
37603,2014-11-08,,2880,0,2880
37604,2014-11-08,,875.0,0,875.0
37605,2014-11-08,,1512,0,1512
37550,2014-11-07,,799.2,0,799.2
37552,2014-11-07,,888.0,0,888.0
37554,2014-11-07,,2560,0,2560
37478,2014-11-06,,3200,0,3200
37480,2014-11-06,,1944,0,1944
37482,2014-11-06,,2160,0,2160
37483,2014-11-06,,2160,0,2160
37412,2014-11-05,,2880,0,2880
37414,2014-11-05,,2160,0,2160
37415,2014-11-05,,2240,0,2240
37416,2014-11-05,,1512,0,1512
37313,2014-11-04,,1728,0,1728
37315,2014-11-04,,2160,0,2160
37319,2014-11-04,,1944,0,1944
37230,2014-11-03,,799.2,0,799.2
37234,2014-11-03,,621.6,0,621.6
37237,2014-11-03,,1728,0,1728
37239,2014-11-03,,1944,0,1944
37142,2014-11-01,,2160,0,2160
37143,2014-11-01,,1944,0,1944
37144,2014-11-01,,1944,0,1944
37090,2014-10-31,,1944,0,1944
37093,2014-10-31,,2133.6,0,2133.6
37095,2014-10-31,,621.6,0,621.6
36987,2014-10-30,,875.0,0,875.0
36990,2014-10-30,,1944,0,1944
36992,2014-10-30,,1944,0,1944
36995,2014-10-30,,2240,0,2240
36892,2014-10-29,,888.0,0,888.0
36796,2014-10-28,,1944,0,1944
36797,2014-10-28,,3200,0,3200
36799,2014-10-28,,2160,0,2160
36800,2014-10-28,,1944,0,1944
36801,2014-10-28,,1512,0,1512
36733,2014-10-27,,1512,0,1512
36735,2014-10-27,,1512,0,1512
36649,2014-10-25,,2160,0,2160
36650,2014-10-25,,3200,0,3200
37228,2014-10-25,,1944,0,1944
36609,2014-10-24,,2160,0,2160
36610,2014-10-24,,3200,0,3200
36555,2014-10-23,,3200,0,3200
36556,2014-10-23,,1728,0,1728
36557,2014-10-23,,1512,0,1512
36562,2014-10-23,,621.6,0,621.6
36499,2014-10-22,,2160,0,2160
36500,2014-10-22,,1944,0,1944
36505,2014-10-22,,1512,0,1512
36429,2014-10-21,,2160,0,2160
36433,2014-10-21,,1944,0,1944
36434,2014-10-21,,1728,0,1728
36436,2014-10-21,,2160,0,2160
73017,2014-10-21,,1944,0,1944
36347,2014-10-20,,3200,0,3200
36348,2014-10-20,,710.4000000000001,0,710.4000000000001
36350,2014-10-20,,1944,0,1944
36355,2014-10-20,,2160,0,2160
36249,2014-10-18,,1512,0,1512
36213,2014-10-17,,1944,0,1944
36214,2014-10-17,,5360,0,5360
36142,2014-10-16,,1944,0,1944
36143,2014-10-16,,1728,0,1728
36146,2014-10-16,,621.6,0,621.6
36046,2014-10-15,,1512,0,1512
36048,2014-10-15,,2160,0,2160
36050,2014-10-15,,2160,0,2160
36051,2014-10-15,,2160,0,2160
36052,2014-10-15,,1944,0,1944
35976,2014-10-14,,1512,0,1512
35899,2014-10-13,,2160,0,2160
35901,2014-10-13,,2160,0,2160
35903,2014-10-13,,2160,0,2160
35904,2014-10-13,,2160,0,2160
35832,2014-10-11,,1512,0,1512
35778,2014-10-10,,1944,0,1944
35779,2014-10-10,,1512,0,1512
35707,2014-10-09,,2160,0,2160
35708,2014-10-09,,1944,0,1944
35713,2014-10-09,,2880,0,2880
35605,2014-10-08,,621.6,0,621.6
35547,2014-10-07,,2560,0,2560
35548,2014-10-07,,1728,0,1728
35550,2014-10-07,,1944,0,1944
35486,2014-10-06,,2560,0,2560
35487,2014-10-06,,2565.6,0,2565.6
35488,2014-10-06,,3200,0,3200
35490,2014-10-06,,1512,0,1512
35492,2014-10-06,,1944,0,1944
35493,2014-10-06,,2160,0,2160
35494,2014-10-06,,2160,0,2160
35380,2014-10-04,,2160,0,2160
35381,2014-10-04,,4320,0,4320
35331,2014-10-03,,2560,0,2560
35334,2014-10-03,,2560,0,2560
35294,2014-10-02,,1944,0,1944
35243,2014-10-01,,1728,0,1728
35288,2014-10-01,,1512,0,1512
35118,2014-09-29,,1512,0,1512
35119,2014-09-29,,1512,0,1512
35234,2014-09-27,,2160,0,2160
35009,2014-09-26,,1944,0,1944
35014,2014-09-26,,1944,0,1944
35017,2014-09-26,,888.0,0,888.0
35018,2014-09-26,,3200,0,3200
34897,2014-09-25,,888.0,0,888.0
34902,2014-09-25,,1512,0,1512
34905,2014-09-25,,621.6,0,621.6
34908,2014-09-25,,2160,0,2160
34910,2014-09-25,,1512,0,1512
34911,2014-09-25,,1512,0,1512
35008,2014-09-25,,2160,0,2160
34800,2014-09-24,,1944,0,1944
34801,2014-09-24,,1512,0,1512
34755,2014-09-23,,1728,0,1728
34757,2014-09-23,,2160,0,2160
34656,2014-09-22,,2560,0,2560
34660,2014-09-22,,2160,0,2160
34661,2014-09-22,,1728,0,1728
34546,2014-09-19,,1512,0,1512
34495,2014-09-18,,1512,0,1512
34385,2014-09-16,,621.6,0,621.6
34333,2014-09-15,,1944,0,1944
34335,2014-09-15,,2240,0,2240
34336,2014-09-15,,2240,0,2240
34337,2014-09-15,,1728,0,1728
34339,2014-09-15,,2160,0,2160
34340,2014-09-15,,2160,0,2160
34278,2014-09-13,,2160,0,2160
34279,2014-09-13,,1728,0,1728
34280,2014-09-13,,2240,0,2240
34282,2014-09-13,,2160,0,2160
34226,2014-09-12,,2832.0,0,2832.0
34232,2014-09-12,,621.6,0,621.6
34150,2014-09-11,,1944,0,1944
34094,2014-09-10,,2160,0,2160
34096,2014-09-10,,1728,0,1728
34097,2014-09-10,,1944,0,1944
34100,2014-09-10,,621.6,0,621.6
34001,2014-09-09,,1512,0,1512
34002,2014-09-09,,2160,0,2160
33854,2014-09-05,,621.6,0,621.6
33858,2014-09-05,,621.6,0,621.6
33757,2014-09-03,,621.6,0,621.6
33760,2014-09-03,,2160,0,2160
33761,2014-09-03,,1512,0,1512
33765,2014-09-03,,888.0,0,888.0
33766,2014-09-03,,1728,0,1728
33767,2014-09-03,,2880,0,2880
33768,2014-09-03,,888.0,0,888.0
33769,2014-09-03,,1512,0,1512
33771,2014-09-03,,1944,0,1944
33584,2014-09-01,,2160,0,2160
33585,2014-09-01,,888.0,0,888.0
33535,2014-08-30,,1512,0,1512
33506,2014-08-29,,1728,0,1728
33756,2014-08-29,,1944,0,1944
33435,2014-08-28,,1728,0,1728
49992,2014-08-28,,710.4000000000001,0,710.4000000000001
33374,2014-08-27,,1944,0,1944
33312,2014-08-26,,621.6,0,621.6
33313,2014-08-26,,2880,0,2880
33314,2014-08-26,,1512,0,1512
33316,2014-08-26,,1512,0,1512
33243,2014-08-25,,710.4000000000001,0,710.4000000000001
33244,2014-08-25,,2240,0,2240
33247,2014-08-25,,1944,0,1944
33167,2014-08-23,,2160,0,2160
33172,2014-08-23,,2560,0,2560
33037,2014-08-20,,2160,0,2160
33038,2014-08-20,,1512,0,1512
33039,2014-08-20,,1512,0,1512
33041,2014-08-20,,710.4000000000001,0,710.4000000000001
33044,2014-08-20,,1944,0,1944
32947,2014-08-19,,1944,0,1944
32950,2014-08-19,,1944,0,1944
32857,2014-08-18,,1512,0,1512
32862,2014-08-18,,710.4000000000001,0,710.4000000000001
32792,2014-08-16,,888.0,0,888.0
32753,2014-08-15,,1512,0,1512
32756,2014-08-15,,1512,0,1512
32757,2014-08-15,,1944,0,1944
32678,2014-08-14,,2160,0,2160
32679,2014-08-14,,1944,0,1944
32683,2014-08-14,,1728,0,1728
32616,2014-08-13,,2880,0,2880
32619,2014-08-13,,2160,0,2160
33371,2014-08-13,,1512,0,1512
32564,2014-08-12,,2160,0,2160
32566,2014-08-12,,799.2,0,799.2
32568,2014-08-12,,1944,0,1944
32570,2014-08-12,,1944,0,1944
32571,2014-08-12,,799.2,0,799.2
32572,2014-08-12,,1944,0,1944
32487,2014-08-11,,2160,0,2160
32412,2014-08-09,,1944,0,1944
32366,2014-08-08,,1512,0,1512
32368,2014-08-08,,4104,0,4104
32369,2014-08-08,,1512,0,1512
32370,2014-08-08,,2160,0,2160
32371,2014-08-08,,2160,0,2160
32372,2014-08-08,,2160,0,2160
38981,2014-08-08,,1512,0,1512
32262,2014-08-07,,799.2,0,799.2
32265,2014-08-07,,1944,0,1944
32267,2014-08-07,,2160,0,2160
32187,2014-08-06,,621.6,0,621.6
32188,2014-08-06,,888.0,0,888.0
32189,2014-08-06,,1512,0,1512
32144,2014-08-05,,1944,0,1944
32145,2014-08-05,,2160,0,2160
32076,2014-08-04,,1512,0,1512
31955,2014-08-01,,1728,0,1728
31894,2014-07-31,,2160,0,2160
31841,2014-07-30,,621.6,0,621.6
31848,2014-07-30,,3200,0,3200
31750,2014-07-29,,888.0,0,888.0
31751,2014-07-29,,1944,0,1944
31676,2014-07-28,,1944,0,1944
31748,2014-07-28,,2560,0,2560
31620,2014-07-26,,888.0,0,888.0
31565,2014-07-25,,1512,0,1512
31569,2014-07-25,,799.2,0,799.2
41656,2014-07-25,,2160,0,2160
31483,2014-07-24,,1728,0,1728
31487,2014-07-24,,1728,0,1728
31488,2014-07-24,,1512,0,1512
46094,2014-07-24,,1512,0,1512
31350,2014-07-22,,888.0,0,888.0
31354,2014-07-22,,1512,0,1512
31355,2014-07-22,,888.0,0,888.0
31254,2014-07-21,,1728,0,1728
31162,2014-07-19,,1728,0,1728
31121,2014-07-18,,799.2,0,799.2
31126,2014-07-18,,1512,0,1512
31127,2014-07-18,,1512,0,1512
31128,2014-07-18,,2160,0,2160
31032,2014-07-17,,2880,0,2880
31033,2014-07-17,,2880,0,2880
45170,2014-07-17,,2160,0,2160
30982,2014-07-16,,2560,0,2560
36985,2014-07-16,,888.0,0,888.0
30881,2014-07-15,,1944,0,1944
30882,2014-07-15,,1512,0,1512
30887,2014-07-15,,1944,0,1944
30777,2014-07-14,,3200,0,3200
30780,2014-07-14,,1944,0,1944
30786,2014-07-14,,1944,0,1944
30685,2014-07-12,,1728,0,1728
30687,2014-07-12,,1944,0,1944
30635,2014-07-11,,1944,0,1944
30877,2014-07-11,,799.2,0,799.2
40462,2014-07-11,,1512,0,1512
39935,2014-07-10,,1728,0,1728
30496,2014-07-09,,1944,0,1944
30497,2014-07-09,,1728,0,1728
30498,2014-07-09,,888.0,0,888.0
30417,2014-07-08,,2160,0,2160
30419,2014-07-08,,888.0,0,888.0
30420,2014-07-08,,1728,0,1728
30333,2014-07-07,,799.2,0,799.2
30248,2014-07-05,,1944,0,1944
30251,2014-07-05,,1512,0,1512
30252,2014-07-05,,1512,0,1512
30204,2014-07-04,,1944,0,1944
30206,2014-07-04,,1512,0,1512
30207,2014-07-04,,2240,0,2240
30211,2014-07-04,,2160,0,2160
30213,2014-07-04,,1944,0,1944
30108,2014-07-03,,888.0,0,888.0
30111,2014-07-03,,1944,0,1944
30112,2014-07-03,,888.0,0,888.0
30113,2014-07-03,,1728,0,1728
30118,2014-07-03,,1944,0,1944
30203,2014-07-03,,888.0,0,888.0
39559,2014-07-03,,1512,0,1512
30000,2014-07-02,,1512,0,1512
30002,2014-07-02,,1512,0,1512
30004,2014-07-02,,2160,0,2160
29946,2014-07-01,,1728,0,1728
29889,2014-06-30,,1728,0,1728
29842,2014-06-28,,2160,0,2160
29845,2014-06-28,,1728,0,1728
29791,2014-06-27,,2160,0,2160
29792,2014-06-27,,1728,0,1728
29794,2014-06-27,,621.6,0,621.6
29795,2014-06-27,,2160,0,2160
29796,2014-06-27,,4104,0,4104
29798,2014-06-27,,1944,0,1944
29721,2014-06-26,,1944,0,1944
29722,2014-06-26,,1944,0,1944
29725,2014-06-26,,3672,0,3672
29726,2014-06-26,,2880,0,2880
29729,2014-06-26,,1728,0,1728
29635,2014-06-25,,1512,0,1512
29636,2014-06-25,,1944,0,1944
29640,2014-06-25,,1728,0,1728
29562,2014-06-24,,2880,0,2880
29566,2014-06-24,,1944,0,1944
29567,2014-06-24,,2240,0,2240
29568,2014-06-24,,2160,0,2160
29569,2014-06-24,,2160,0,2160
29570,2014-06-24,,1728,0,1728
29454,2014-06-23,,1944,0,1944
29457,2014-06-23,,1728,0,1728
29461,2014-06-23,,1944,0,1944
29350,2014-06-20,,1944,0,1944
29248,2014-06-19,,1728,0,1728
29249,2014-06-19,,1944,0,1944
29250,2014-06-19,,1944,0,1944
29170,2014-06-18,,1728,0,1728
29171,2014-06-18,,1944,0,1944
29172,2014-06-18,,1512,0,1512
29173,2014-06-18,,1944,0,1944
29174,2014-06-18,,710.4000000000001,0,710.4000000000001
29175,2014-06-18,,799.2,0,799.2
29097,2014-06-17,,799.2,0,799.2
29099,2014-06-17,,1944,0,1944
29103,2014-06-17,,888.0,0,888.0
29028,2014-06-16,,1944,0,1944
29029,2014-06-16,,1944,0,1944
29030,2014-06-16,,2560,0,2560
28966,2014-06-14,,1728,0,1728
28968,2014-06-14,,2880,0,2880
28932,2014-06-13,,2160,0,2160
28934,2014-06-13,,1728,0,1728
28824,2014-06-12,,2160,0,2160
28825,2014-06-12,,1512,0,1512
28827,2014-06-12,,1944,0,1944
28830,2014-06-12,,1728,0,1728
28831,2014-06-12,,1944,0,1944
28832,2014-06-12,,1728,0,1728
28835,2014-06-12,,2160,0,2160
28739,2014-06-11,,3200,0,3200
28740,2014-06-11,,1944,0,1944
28741,2014-06-11,,3200,0,3200
28658,2014-06-10,,1944,0,1944
28661,2014-06-10,,1944,0,1944
28457,2014-06-06,,1944,0,1944
28458,2014-06-06,,1944,0,1944
28462,2014-06-06,,1728,0,1728
28467,2014-06-06,,2880,0,2880
28468,2014-06-06,,799.2,0,799.2
28736,2014-06-06,,1944,0,1944
28344,2014-06-05,,1944,0,1944
28346,2014-06-05,,1512,0,1512
28347,2014-06-05,,3200,0,3200
28348,2014-06-05,,1944,0,1944
28353,2014-06-05,,1944,0,1944
28355,2014-06-05,,2560,0,2560
28243,2014-06-04,,2880,0,2880
28244,2014-06-04,,4824,0,4824
28161,2014-06-03,,2160,0,2160
28102,2014-06-02,,2160,0,2160
28103,2014-06-02,,1944,0,1944
28104,2014-06-02,,2160,0,2160
28107,2014-06-02,,2560,0,2560
28108,2014-06-02,,1728,0,1728
28112,2014-06-02,,1728,0,1728
28001,2014-05-31,,710.4000000000001,0,710.4000000000001
27958,2014-05-30,,1728,0,1728
27960,2014-05-30,,2160,0,2160
27962,2014-05-30,,3200,0,3200
27964,2014-05-30,,710.4000000000001,0,710.4000000000001
27878,2014-05-29,,1944,0,1944
27880,2014-05-29,,2160,0,2160
27881,2014-05-29,,799.2,0,799.2
27886,2014-05-29,,2160,0,2160
27767,2014-05-28,,3200,0,3200
27770,2014-05-28,,710.4000000000001,0,710.4000000000001
27771,2014-05-28,,1944,0,1944
27772,2014-05-28,,1944,0,1944
27774,2014-05-28,,2160,0,2160
27685,2014-05-27,,1512,0,1512
27689,2014-05-27,,1944,0,1944
27691,2014-05-27,,1944,0,1944
27632,2014-05-26,,2160,0,2160
27549,2014-05-24,,1944,0,1944
27518,2014-05-23,,1512,0,1512
27470,2014-05-22,,1512,0,1512
27474,2014-05-22,,1512,0,1512
27406,2014-05-21,,1728,0,1728
27407,2014-05-21,,1944,0,1944
27410,2014-05-21,,2160,0,2160
27469,2014-05-21,,2160,0,2160
27349,2014-05-20,,2160,0,2160
27283,2014-05-19,,621.6,0,621.6
27284,2014-05-19,,1728,0,1728
27290,2014-05-19,,2160,0,2160
27297,2014-05-19,,1728,0,1728
31893,2014-05-19,,2560,0,2560
27186,2014-05-17,,888.0,0,888.0
27187,2014-05-17,,1512,0,1512
27142,2014-05-16,,2160,0,2160
27149,2014-05-16,,2160,0,2160
27150,2014-05-16,,2240,0,2240
27053,2014-05-15,,1512,0,1512
27054,2014-05-15,,2160,0,2160
27055,2014-05-15,,1512,0,1512
26946,2014-05-14,,2160,0,2160
26953,2014-05-14,,2560,0,2560
26956,2014-05-14,,2240,0,2240
26852,2014-05-13,,2160,0,2160
26815,2014-05-12,,1944,0,1944
26748,2014-05-09,,888.0,0,888.0
26750,2014-05-09,,1944,0,1944
26751,2014-05-09,,1944,0,1944
26753,2014-05-09,,2160,0,2160
26813,2014-05-09,,1512,0,1512
26651,2014-05-08,,2959.2,0,2959.2
26652,2014-05-08,,1728,0,1728
26654,2014-05-08,,1944,0,1944
26655,2014-05-08,,2160,0,2160
26558,2014-05-07,,710.4000000000001,0,710.4000000000001
26559,2014-05-07,,2160,0,2160
26562,2014-05-07,,1512,0,1512
26563,2014-05-07,,2160,0,2160
26467,2014-05-06,,1512,0,1512
26416,2014-05-05,,1728,0,1728
26417,2014-05-05,,1944,0,1944
26418,2014-05-05,,1512,0,1512
26421,2014-05-05,,621.6,0,621.6
26424,2014-05-05,,1944,0,1944
26318,2014-05-03,,1728,0,1728
26322,2014-05-03,,3200,0,3200
26323,2014-05-03,,1944,0,1944
26325,2014-05-03,,2160,0,2160
26327,2014-05-03,,1944,0,1944
26650,2014-05-03,,2160,0,2160
26259,2014-05-02,,1944,0,1944
26260,2014-05-02,,2880,0,2880
26261,2014-05-02,,1944,0,1944
26264,2014-05-02,,1512,0,1512
26265,2014-05-02,,1944,0,1944
26180,2014-05-01,,2160,0,2160
26182,2014-05-01,,1944,0,1944
26184,2014-05-01,,2880,0,2880
25978,2014-04-28,,1728,0,1728
25926,2014-04-26,,621.6,0,621.6
25928,2014-04-26,,710.4000000000001,0,710.4000000000001
25866,2014-04-25,,1512,0,1512
25867,2014-04-25,,1944,0,1944
25869,2014-04-25,,1512,0,1512
25870,2014-04-25,,1944,0,1944
25872,2014-04-25,,1944,0,1944
25873,2014-04-25,,1944,0,1944
25874,2014-04-25,,2880,0,2880
25756,2014-04-24,,2240,0,2240
25758,2014-04-24,,2160,0,2160
25760,2014-04-24,,1944,0,1944
25761,2014-04-24,,1728,0,1728
25763,2014-04-24,,799.2,0,799.2
25766,2014-04-24,,2160,0,2160
25767,2014-04-24,,2240,0,2240
25678,2014-04-23,,710.4000000000001,0,710.4000000000001
25681,2014-04-23,,1944,0,1944
25682,2014-04-23,,2160,0,2160
25683,2014-04-23,,1512,0,1512
25570,2014-04-22,,1944,0,1944
25572,2014-04-22,,1728,0,1728
25576,2014-04-22,,1512,0,1512
25577,2014-04-22,,888.0,0,888.0
25417,2014-04-18,,2160,0,2160
25420,2014-04-18,,799.2,0,799.2
25423,2014-04-18,,1944,0,1944
25333,2014-04-17,,2160,0,2160
25335,2014-04-17,,1944,0,1944
25338,2014-04-17,,621.6,0,621.6
25231,2014-04-16,,3200,0,3200
25233,2014-04-16,,2160,0,2160
25234,2014-04-16,,2160,0,2160
25235,2014-04-16,,1512,0,1512
25237,2014-04-16,,799.2,0,799.2
25238,2014-04-16,,1944,0,1944
25239,2014-04-16,,799.2,0,799.2
25154,2014-04-15,,1944,0,1944
25155,2014-04-15,,888.0,0,888.0
25104,2014-04-14,,2880,0,2880
25105,2014-04-14,,1944,0,1944
25106,2014-04-14,,799.2,0,799.2
25107,2014-04-14,,1512,0,1512
25111,2014-04-14,,2160,0,2160
25033,2014-04-12,,888.0,0,888.0
25001,2014-04-11,,1512,0,1512
25002,2014-04-11,,1728,0,1728
25005,2014-04-11,,1728,0,1728
24803,2014-04-08,,1944,0,1944
35233,2014-04-08,,799.2,0,799.2
24731,2014-04-07,,2160,0,2160
24732,2014-04-07,,2240,0,2240
24735,2014-04-07,,1512,0,1512
24736,2014-04-07,,2160,0,2160
24737,2014-04-07,,1944,0,1944
24668,2014-04-05,,1728,0,1728
24727,2014-04-05,,1944,0,1944
24643,2014-04-04,,1944,0,1944
24644,2014-04-04,,2160,0,2160
24647,2014-04-04,,1944,0,1944
24546,2014-04-03,,1512,0,1512
24547,2014-04-03,,1512,0,1512
24548,2014-04-03,,2160,0,2160
24492,2014-04-02,,1944,0,1944
24494,2014-04-02,,2160,0,2160
24433,2014-04-01,,1944,0,1944
24440,2014-04-01,,2160,0,2160
24353,2014-03-31,,1728,0,1728
24275,2014-03-29,,1728,0,1728
24276,2014-03-29,,2160,0,2160
24242,2014-03-28,,3200,0,3200
24245,2014-03-28,,2160,0,2160
24246,2014-03-28,,2160,0,2160
24148,2014-03-27,,1728,0,1728
24149,2014-03-27,,3200,0,3200
24099,2014-03-26,,1944,0,1944
24100,2014-03-26,,2240,0,2240
24045,2014-03-25,,1728,0,1728
24049,2014-03-25,,2160,0,2160
24050,2014-03-25,,799.2,0,799.2
24052,2014-03-25,,2160,0,2160
23863,2014-03-21,,3200,0,3200
23866,2014-03-21,,3200,0,3200
23867,2014-03-21,,1512,0,1512
23868,2014-03-21,,1728,0,1728
23869,2014-03-21,,1944,0,1944
23800,2014-03-20,,1944,0,1944
23802,2014-03-20,,2880,0,2880
23803,2014-03-20,,2560,0,2560
23697,2014-03-18,,1728,0,1728
23702,2014-03-18,,1512,0,1512
58887,2014-03-18,,2240,0,2240
23621,2014-03-17,,2160,0,2160
23690,2014-03-17,,1512,0,1512
23568,2014-03-15,,2160,0,2160
23569,2014-03-15,,2880,0,2880
23539,2014-03-14,,2160,0,2160
23542,2014-03-14,,1944,0,1944
23480,2014-03-13,,2560,0,2560
23481,2014-03-13,,1944,0,1944
23482,2014-03-13,,1728,0,1728
23327,2014-03-11,,1944,0,1944
24350,2014-03-10,,1512,0,1512
23194,2014-03-08,,1944,0,1944
23171,2014-03-07,,2880,0,2880
23172,2014-03-07,,799.2,0,799.2
23107,2014-03-06,,2160,0,2160
23108,2014-03-06,,2160,0,2160
23047,2014-03-05,,1512,0,1512
22886,2014-03-03,,2160,0,2160
22889,2014-03-03,,1728,0,1728
22810,2014-03-01,,2160,0,2160
22766,2014-02-28,,1728,0,1728
22767,2014-02-28,,1512,0,1512
22769,2014-02-28,,799.2,0,799.2
22708,2014-02-27,,1512,0,1512
22709,2014-02-27,,1512,0,1512
22710,2014-02-27,,2240,0,2240
22716,2014-02-27,,1944,0,1944
22636,2014-02-26,,1512,0,1512
22638,2014-02-26,,2160,0,2160
22639,2014-02-26,,1944,0,1944
22640,2014-02-26,,1944,0,1944
22642,2014-02-26,,1944,0,1944
22549,2014-02-25,,2880,0,2880
22553,2014-02-25,,1728,0,1728
22429,2014-02-22,,2160,0,2160
22430,2014-02-22,,1728,0,1728
22390,2014-02-21,,3200,0,3200
22299,2014-02-20,,1944,0,1944
22303,2014-02-20,,3200,0,3200
22218,2014-02-19,,2160,0,2160
22172,2014-02-18,,2160,0,2160
22174,2014-02-18,,2880,0,2880
22178,2014-02-18,,1728,0,1728
22091,2014-02-17,,1512,0,1512
22171,2014-02-17,,1944,0,1944
22031,2014-02-15,,1944,0,1944
22032,2014-02-15,,1728,0,1728
22008,2014-02-14,,1512,0,1512
21964,2014-02-13,,1728,0,1728
21967,2014-02-13,,2160,0,2160
22387,2014-02-12,,888.0,0,888.0
21780,2014-02-11,,2160,0,2160
21782,2014-02-11,,1728,0,1728
21785,2014-02-11,,1944,0,1944
21719,2014-02-10,,1512,0,1512
21720,2014-02-10,,1512,0,1512
21725,2014-02-10,,1728,0,1728
21662,2014-02-08,,1512,0,1512
21718,2014-02-08,,1728,0,1728
21547,2014-02-06,,1944,0,1944
21550,2014-02-06,,3200,0,3200
21551,2014-02-06,,1728,0,1728
21555,2014-02-06,,2160,0,2160
21355,2014-02-04,,1512,0,1512
21306,2014-02-03,,1512,0,1512
21308,2014-02-03,,888.0,0,888.0
21220,2014-01-31,,799.2,0,799.2
21224,2014-01-31,,2160,0,2160
21226,2014-01-31,,2160,0,2160
21229,2014-01-31,,1944,0,1944
21116,2014-01-30,,2160,0,2160
21117,2014-01-30,,3200,0,3200
21120,2014-01-30,,1728,0,1728
21121,2014-01-30,,1512,0,1512
21074,2014-01-29,,3200,0,3200
21075,2014-01-29,,1728,0,1728
20979,2014-01-28,,1512,0,1512
20913,2014-01-27,,2880,0,2880
20915,2014-01-27,,2880,0,2880
20917,2014-01-27,,1944,0,1944
20799,2014-01-24,,1512,0,1512
20800,2014-01-24,,799.2,0,799.2
29349,2014-01-23,,710.4000000000001,0,710.4000000000001
20669,2014-01-22,,2880,0,2880
20674,2014-01-22,,2160,0,2160
20572,2014-01-21,,1512,0,1512
20573,2014-01-21,,2240,0,2240
20575,2014-01-21,,1944,0,1944
20576,2014-01-21,,1944,0,1944
20577,2014-01-21,,2240,0,2240
20502,2014-01-20,,799.2,0,799.2
20503,2014-01-20,,1944,0,1944
20504,2014-01-20,,1728,0,1728
20507,2014-01-20,,2240,0,2240
32483,2014-01-20,,2560,0,2560
20432,2014-01-18,,3200,0,3200
20381,2014-01-17,,2160,0,2160
20385,2014-01-17,,1728,0,1728
20386,2014-01-17,,2160,0,2160
20335,2014-01-16,,2160,0,2160
20336,2014-01-16,,1512,0,1512
20339,2014-01-16,,1944,0,1944
20256,2014-01-15,,799.2,0,799.2
20257,2014-01-15,,1728,0,1728
20259,2014-01-15,,2240,0,2240
20156,2014-01-14,,888.0,0,888.0
20114,2014-01-13,,2160,0,2160
20116,2014-01-13,,1728,0,1728
20052,2014-01-11,,2160,0,2160
20013,2014-01-10,,2160,0,2160
20015,2014-01-10,,1944,0,1944
19917,2014-01-09,,1944,0,1944
19919,2014-01-09,,2560,0,2560
19877,2014-01-08,,2880,0,2880
19831,2014-01-07,,1512,0,1512
19833,2014-01-07,,2880,0,2880
19835,2014-01-07,,2160,0,2160
19714,2014-01-04,,1944,0,1944
19682,2014-01-03,,1728,0,1728
19533,2014-01-01,,1512,0,1512
19535,2014-01-01,,1728,0,1728
19536,2014-01-01,,1944,0,1944
19435,2013-12-31,,1944,0,1944
19349,2013-12-30,,1512,0,1512
19267,2013-12-27,,2160,0,2160
19268,2013-12-27,,1728,0,1728
19269,2013-12-27,,2160,0,2160
19182,2013-12-26,,1512,0,1512
19183,2013-12-26,,3200,0,3200
19134,2013-12-25,,1512,0,1512
19135,2013-12-25,,888.0,0,888.0
19062,2013-12-24,,1728,0,1728
19065,2013-12-24,,1944,0,1944
18979,2013-12-23,,2240,0,2240
18983,2013-12-23,,1944,0,1944
18915,2013-12-21,,1512,0,1512
18835,2013-12-19,,3200,0,3200
18837,2013-12-19,,1728,0,1728
18757,2013-12-18,,1944,0,1944
18758,2013-12-18,,1944,0,1944
18713,2013-12-17,,799.2,0,799.2
18715,2013-12-17,,2160,0,2160
18629,2013-12-16,,2160,0,2160
18630,2013-12-16,,1728,0,1728
18631,2013-12-16,,1728,0,1728
18573,2013-12-14,,2160,0,2160
18555,2013-12-13,,2160,0,2160
18493,2013-12-12,,1512,0,1512
18496,2013-12-12,,1944,0,1944
18457,2013-12-11,,1512,0,1512
18459,2013-12-11,,888.0,0,888.0
18415,2013-12-10,,1944,0,1944
18372,2013-12-09,,1512,0,1512
18374,2013-12-09,,2160,0,2160
18377,2013-12-09,,1944,0,1944
18378,2013-12-09,,888.0,0,888.0
18254,2013-12-06,,2880,0,2880
18255,2013-12-06,,2160,0,2160
18256,2013-12-06,,1944,0,1944
18260,2013-12-06,,1512,0,1512
18190,2013-12-05,,799.2,0,799.2
18121,2013-12-04,,1944,0,1944
23475,2013-12-04,,2160,0,2160
18065,2013-12-03,,1944,0,1944
17956,2013-12-02,,2160,0,2160
17965,2013-12-02,,1512,0,1512
17966,2013-12-02,,2160,0,2160
17855,2013-11-29,,3200,0,3200
17857,2013-11-29,,2160,0,2160
22386,2013-11-29,,1512,0,1512
17799,2013-11-28,,1944,0,1944
17711,2013-11-27,,1728,0,1728
17673,2013-11-26,,1512,0,1512
17674,2013-11-26,,2880,0,2880
17486,2013-11-22,,1944,0,1944
17487,2013-11-22,,2160,0,2160
17490,2013-11-22,,888.0,0,888.0
17446,2013-11-21,,1512,0,1512
17447,2013-11-21,,1728,0,1728
17451,2013-11-21,,1728,0,1728
17350,2013-11-20,,2160,0,2160
17357,2013-11-20,,1944,0,1944
17261,2013-11-19,,2880,0,2880
17265,2013-11-19,,2160,0,2160
17267,2013-11-19,,888.0,0,888.0
17268,2013-11-19,,3200,0,3200
17269,2013-11-19,,1944,0,1944
17271,2013-11-19,,1512,0,1512
17185,2013-11-18,,1728,0,1728
17187,2013-11-18,,1728,0,1728
17188,2013-11-18,,1728,0,1728
17054,2013-11-15,,1512,0,1512
17057,2013-11-15,,1944,0,1944
17059,2013-11-15,,1512,0,1512
17060,2013-11-15,,1728,0,1728
16917,2013-11-13,,888.0,0,888.0
16918,2013-11-13,,1512,0,1512
16829,2013-11-12,,2880,0,2880
16735,2013-11-09,,2160,0,2160
16702,2013-11-08,,2160,0,2160
16703,2013-11-08,,1944,0,1944
16704,2013-11-08,,1512,0,1512
16708,2013-11-08,,1728,0,1728
16639,2013-11-07,,2160,0,2160
16640,2013-11-07,,1944,0,1944
16597,2013-11-06,,3200,0,3200
16601,2013-11-06,,1728,0,1728
16509,2013-11-05,,2160,0,2160
16510,2013-11-05,,2160,0,2160
16465,2013-11-04,,1512,0,1512
16466,2013-11-04,,2880,0,2880
16468,2013-11-04,,1944,0,1944
16369,2013-11-01,,2160,0,2160
16373,2013-11-01,,1944,0,1944
16321,2013-10-31,,1512,0,1512
16323,2013-10-31,,1944,0,1944
16266,2013-10-30,,2160,0,2160
16272,2013-10-30,,5040,0,5040
16192,2013-10-29,,1512,0,1512
16113,2013-10-28,,1512,0,1512
16114,2013-10-28,,1512,0,1512
16116,2013-10-28,,2160,0,2160
16120,2013-10-28,,799.2,0,799.2
16036,2013-10-26,,1512,0,1512
16037,2013-10-26,,2160,0,2160
15994,2013-10-25,,2160,0,2160
18455,2013-10-25,,1944,0,1944
19265,2013-10-25,,1512,0,1512
15895,2013-10-24,,1512,0,1512
15896,2013-10-24,,1728,0,1728
15900,2013-10-24,,799.2,0,799.2
15812,2013-10-23,,1728,0,1728
15813,2013-10-23,,799.2,0,799.2
15772,2013-10-22,,2160,0,2160
15705,2013-10-21,,2160,0,2160
15708,2013-10-21,,1728,0,1728
15553,2013-10-17,,1944,0,1944
15556,2013-10-17,,2160,0,2160
15491,2013-10-16,,1728,0,1728
15494,2013-10-16,,3200,0,3200
15496,2013-10-16,,1944,0,1944
15445,2013-10-15,,1944,0,1944
15447,2013-10-15,,1512,0,1512
19264,2013-10-14,,1944,0,1944
15311,2013-10-12,,1944,0,1944
15275,2013-10-11,,1512,0,1512
15279,2013-10-11,,1728,0,1728
15271,2013-10-10,,1728,0,1728
15131,2013-10-09,,1512,0,1512
15133,2013-10-09,,2880,0,2880
17047,2013-10-09,,2160,0,2160
15066,2013-10-08,,1728,0,1728
15067,2013-10-08,,2880,0,2880
15068,2013-10-08,,1728,0,1728
15072,2013-10-08,,1944,0,1944
15074,2013-10-08,,799.2,0,799.2
15015,2013-10-07,,4320,0,4320
15017,2013-10-07,,1512,0,1512
14914,2013-10-04,,3200,0,3200
14915,2013-10-04,,799.2,0,799.2
14916,2013-10-04,,1728,0,1728
14877,2013-10-03,,799.2,0,799.2
19914,2013-10-03,,1512,0,1512
14798,2013-10-01,,3200,0,3200
14707,2013-09-30,,799.2,0,799.2
14658,2013-09-28,,2880,0,2880
14619,2013-09-27,,1944,0,1944
14625,2013-09-27,,1728,0,1728
14563,2013-09-26,,1728,0,1728
14401,2013-09-24,,1512,0,1512
14402,2013-09-24,,1728,0,1728
14404,2013-09-24,,2160,0,2160
14411,2013-09-24,,1512,0,1512
16780,2013-09-24,,2160,0,2160
24431,2013-09-24,,2240,0,2240
14705,2013-09-23,,1512,0,1512
14229,2013-09-21,,1728,0,1728
14201,2013-09-20,,1728,0,1728
14154,2013-09-19,,1728,0,1728
14156,2013-09-19,,1944,0,1944
14157,2013-09-19,,2160,0,2160
14158,2013-09-19,,1944,0,1944
14159,2013-09-19,,1512,0,1512
14161,2013-09-19,,1512,0,1512
14060,2013-09-18,,1728,0,1728
14063,2013-09-18,,1728,0,1728
13970,2013-09-17,,2880,0,2880
13971,2013-09-17,,1944,0,1944
13903,2013-09-16,,1728,0,1728
13906,2013-09-16,,1728,0,1728
13908,2013-09-16,,1512,0,1512
13769,2013-09-13,,1512,0,1512
13771,2013-09-13,,2160,0,2160
13772,2013-09-13,,1728,0,1728
13728,2013-09-12,,1944,0,1944
13612,2013-09-10,,799.2,0,799.2
13511,2013-09-09,,1512,0,1512
13515,2013-09-09,,888.0,0,888.0
13516,2013-09-09,,3200,0,3200
13518,2013-09-09,,1512,0,1512
13670,2013-09-09,,2160,0,2160
13459,2013-09-07,,1944,0,1944
13460,2013-09-07,,1512,0,1512
13432,2013-09-06,,1944,0,1944
13438,2013-09-06,,1944,0,1944
13356,2013-09-05,,1728,0,1728
13357,2013-09-05,,2160,0,2160
13358,2013-09-05,,1512,0,1512
13359,2013-09-05,,2160,0,2160
13360,2013-09-05,,1944,0,1944
13364,2013-09-05,,2160,0,2160
13265,2013-09-04,,1944,0,1944
13267,2013-09-04,,2160,0,2160
13193,2013-09-03,,2160,0,2160
13196,2013-09-03,,2160,0,2160
13129,2013-09-02,,1944,0,1944
13130,2013-09-02,,2880,0,2880
13061,2013-08-30,,1944,0,1944
13065,2013-08-30,,1512,0,1512
12993,2013-08-29,,1728,0,1728
12946,2013-08-28,,1944,0,1944
12863,2013-08-27,,1944,0,1944
12864,2013-08-27,,1728,0,1728
12866,2013-08-27,,1512,0,1512
12867,2013-08-27,,2880,0,2880
12802,2013-08-26,,1512,0,1512
12808,2013-08-26,,2160,0,2160
12943,2013-08-26,,1728,0,1728
12734,2013-08-24,,799.2,0,799.2
12735,2013-08-24,,1512,0,1512
12619,2013-08-21,,1728,0,1728
20112,2013-08-21,,3200,0,3200
12532,2013-08-20,,3200,0,3200
12537,2013-08-20,,2880,0,2880
12540,2013-08-20,,2160,0,2160
12542,2013-08-20,,2160,0,2160
12546,2013-08-20,,1944,0,1944
12341,2013-08-15,,799.2,0,799.2
12342,2013-08-15,,1728,0,1728
12343,2013-08-15,,2160,0,2160
12298,2013-08-14,,1944,0,1944
12299,2013-08-14,,2160,0,2160
12300,2013-08-14,,2160,0,2160
12301,2013-08-14,,2160,0,2160
12302,2013-08-14,,1512,0,1512
12303,2013-08-14,,1728,0,1728
12306,2013-08-14,,1944,0,1944
12308,2013-08-14,,2160,0,2160
12181,2013-08-13,,3672,0,3672
12209,2013-08-13,,1512,0,1512
11982,2013-08-08,,799.2,0,799.2
11984,2013-08-08,,2160,0,2160
11862,2013-08-06,,1512,0,1512
11864,2013-08-06,,1944,0,1944
11804,2013-08-05,,1728,0,1728
11806,2013-08-05,,2160,0,2160
11807,2013-08-05,,1944,0,1944
11808,2013-08-05,,1728,0,1728
11711,2013-08-03,,1944,0,1944
11661,2013-08-02,,1512,0,1512
11662,2013-08-02,,1944,0,1944
11663,2013-08-02,,1944,0,1944
11594,2013-08-01,,1728,0,1728
11553,2013-07-31,,1512,0,1512
11485,2013-07-30,,1944,0,1944
11487,2013-07-30,,1512,0,1512
11489,2013-07-30,,1944,0,1944
11490,2013-07-30,,1512,0,1512
11320,2013-07-26,,1512,0,1512
11260,2013-07-25,,3200,0,3200
11264,2013-07-25,,1944,0,1944
11266,2013-07-25,,1512,0,1512
11482,2013-07-25,,1728,0,1728
11187,2013-07-24,,3200,0,3200
11188,2013-07-24,,2160,0,2160
11101,2013-07-23,,888.0,0,888.0
11105,2013-07-23,,1512,0,1512
11107,2013-07-23,,1512,0,1512
11117,2013-07-23,,2880,0,2880
11010,2013-07-22,,1944,0,1944
10912,2013-07-19,,2160,0,2160
10913,2013-07-19,,2160,0,2160
10842,2013-07-18,,1944,0,1944
10843,2013-07-18,,1728,0,1728
10686,2013-07-16,,1512,0,1512
10688,2013-07-16,,888.0,0,888.0
10588,2013-07-15,,2880,0,2880
10597,2013-07-15,,1944,0,1944
10497,2013-07-13,,1944,0,1944
10498,2013-07-13,,2160,0,2160
10418,2013-07-11,,888.0,0,888.0
10329,2013-07-10,,1944,0,1944
11800,2013-07-10,,1728,0,1728
10235,2013-07-09,,1512,0,1512
9981,2013-07-04,,1512,0,1512
9983,2013-07-04,,1728,0,1728
10323,2013-07-03,,2160,0,2160
9836,2013-07-02,,1512,0,1512
9838,2013-07-02,,1512,0,1512
9755,2013-07-01,,2160,0,2160
9758,2013-07-01,,1728,0,1728
9661,2013-06-29,,1944,0,1944
9665,2013-06-29,,1512,0,1512
9612,2013-06-28,,2160,0,2160
9613,2013-06-28,,1728,0,1728
9618,2013-06-28,,1728,0,1728
9519,2013-06-27,,1728,0,1728
11007,2013-06-27,,1944,0,1944
9433,2013-06-26,,1944,0,1944
9372,2013-06-25,,1944,0,1944
9373,2013-06-25,,1512,0,1512
9376,2013-06-25,,1512,0,1512
35895,2013-06-25,,1512,0,1512
9276,2013-06-24,,1944,0,1944
9279,2013-06-24,,1728,0,1728
9370,2013-06-24,,1728,0,1728
9369,2013-06-22,,1728,0,1728
9190,2013-06-21,,2160,0,2160
9035,2013-06-19,,1512,0,1512
8868,2013-06-17,,1944,0,1944
8800,2013-06-14,,2160,0,2160
8801,2013-06-14,,1944,0,1944
9031,2013-06-14,,888.0,0,888.0
8614,2013-06-11,,2160,0,2160
8547,2013-06-10,,1728,0,1728
8552,2013-06-10,,2160,0,2160
8795,2013-06-10,,1728,0,1728
8467,2013-06-08,,1512,0,1512
8432,2013-06-07,,1512,0,1512
11914,2013-06-05,,2160,0,2160
12160,2013-06-05,,1512,0,1512
8174,2013-06-04,,1728,0,1728
8105,2013-06-03,,1728,0,1728
8177,2013-06-03,,1944,0,1944
7987,2013-05-31,,1728,0,1728
7904,2013-05-30,,1728,0,1728
7906,2013-05-30,,2160,0,2160
7907,2013-05-30,,2160,0,2160
7910,2013-05-30,,2160,0,2160
7911,2013-05-30,,1728,0,1728
7770,2013-05-28,,2160,0,2160
7773,2013-05-28,,888.0,0,888.0
7778,2013-05-28,,1944,0,1944
7686,2013-05-27,,2160,0,2160
7687,2013-05-27,,2160,0,2160
7587,2013-05-24,,3672,0,3672
7588,2013-05-24,,2160,0,2160
7592,2013-05-24,,2160,0,2160
7522,2013-05-23,,1728,0,1728
7525,2013-05-23,,1728,0,1728
7451,2013-05-22,,1944,0,1944
7398,2013-05-21,,2160,0,2160
7333,2013-05-20,,1944,0,1944
7143,2013-05-16,,1728,0,1728
7023,2013-05-14,,1944,0,1944
7027,2013-05-14,,2160,0,2160
7029,2013-05-14,,1944,0,1944
6943,2013-05-13,,2160,0,2160
6858,2013-05-11,,1944,0,1944
6831,2013-05-10,,1728,0,1728
6834,2013-05-10,,2160,0,2160
6669,2013-05-08,,1512,0,1512
6677,2013-05-08,,1944,0,1944
6940,2013-05-08,,2160,0,2160
7022,2013-05-08,,1944,0,1944
6519,2013-05-06,,1944,0,1944
6522,2013-05-06,,1728,0,1728
6523,2013-05-06,,1512,0,1512
6525,2013-05-06,,1728,0,1728
6380,2013-05-03,,1944,0,1944
6382,2013-05-03,,1728,0,1728
6385,2013-05-03,,1728,0,1728
6324,2013-05-02,,1944,0,1944
6325,2013-05-02,,1728,0,1728
6327,2013-05-02,,1728,0,1728
6328,2013-05-02,,1944,0,1944
6329,2013-05-02,,1512,0,1512
6238,2013-05-01,,1728,0,1728
6244,2013-05-01,,1728,0,1728
6245,2013-05-01,,1728,0,1728
23955,2013-05-01,,1944,0,1944
15011,2013-04-29,,1512,0,1512
6054,2013-04-27,,1728,0,1728
6010,2013-04-26,,1944,0,1944
5900,2013-04-24,,1728,0,1728
5845,2013-04-23,,1944,0,1944
5846,2013-04-23,,2160,0,2160
5765,2013-04-22,,1728,0,1728
12036,2013-04-22,,1728,0,1728
5552,2013-04-18,,1728,0,1728
5554,2013-04-18,,1728,0,1728
5556,2013-04-18,,2160,0,2160
5398,2013-04-16,,1944,0,1944
5401,2013-04-16,,1728,0,1728
5273,2013-04-13,,1944,0,1944
5225,2013-04-12,,1944,0,1944
5226,2013-04-12,,1728,0,1728
5227,2013-04-12,,1944,0,1944
5090,2013-04-10,,1944,0,1944
5094,2013-04-10,,1944,0,1944
5005,2013-04-09,,1944,0,1944
5010,2013-04-09,,1944,0,1944
5310,2013-04-08,,1944,0,1944
4883,2013-04-05,,2160,0,2160
4787,2013-04-04,,1944,0,1944
4791,2013-04-04,,2160,0,2160
4705,2013-04-03,,2160,0,2160
4647,2013-04-02,,1728,0,1728
4586,2013-04-01,,1728,0,1728
8343,2013-03-30,,2160,0,2160
4643,2013-03-25,,1728,0,1728
4159,2013-03-22,,1944,0,1944
4161,2013-03-22,,2160,0,2160
4090,2013-03-21,,1944,0,1944
4093,2013-03-21,,1728,0,1728
4097,2013-03-21,,1944,0,1944
3928,2013-03-19,,1728,0,1728
3929,2013-03-19,,1728,0,1728
3798,2013-03-16,,1944,0,1944
3799,2013-03-16,,2160,0,2160
3757,2013-03-15,,1944,0,1944
3675,2013-03-14,,1944,0,1944
3676,2013-03-14,,1944,0,1944
3583,2013-03-13,,2160,0,2160
3526,2013-03-12,,1728,0,1728
3527,2013-03-12,,1944,0,1944
3441,2013-03-11,,1944,0,1944
3360,2013-03-09,,1728,0,1728
3240,2013-03-07,,2160,0,2160
3242,2013-03-07,,1944,0,1944
3245,2013-03-07,,1728,0,1728
3019,2013-03-04,,2160,0,2160
2892,2013-03-01,,1944,0,1944
2896,2013-03-01,,1728,0,1728
2812,2013-02-28,,2160,0,2160
2769,2013-02-27,,1944,0,1944
2735,2013-02-26,,1728,0,1728
2736,2013-02-26,,1944,0,1944
3017,2013-02-23,,1728,0,1728
2520,2013-02-20,,2160,0,2160
2455,2013-02-19,,1944,0,1944
2266,2013-02-14,,1944,0,1944
2272,2013-02-14,,1944,0,1944
2208,2013-02-13,,1944,0,1944
2163,2013-02-12,,2160,0,2160
2164,2013-02-12,,1944,0,1944
2059,2013-02-09,,2160,0,2160
1881,2013-02-05,,1944,0,1944
1784,2013-02-02,,1728,0,1728
1785,2013-02-02,,2160,0,2160
1746,2013-02-01,,1728,0,1728
1749,2013-02-01,,1944,0,1944
1672,2013-01-31,,1944,0,1944
1527,2013-01-29,,1944,0,1944
1150,2013-01-22,,1944,0,1944
1065,2013-01-19,,1944,0,1944
858,2013-01-15,,1944,0,1944
863,2013-01-15,,2160,0,2160
865,2013-01-15,,2160,0,2160
694,2013-01-12,,2160,0,2160
