series,month,level
PCENDC96,2020-01-01,2976.3
PCENDC96,2020-02-01,2986.4
PCENDC96,2020-03-01,3097.3
PCENDC96,2020-04-01,2729.8
PCENDC96,2020-05-01,2966.4
PCENDC96,2020-06-01,3082.3
PCENDC96,2020-07-01,3114.3
PCENDC96,2020-08-01,3099.2
PCENDC96,2020-09-01,3158.0
PCENDC96,2020-10-01,3140.5
PCENDC96,2020-11-01,3129.7
PCENDC96,2020-12-01,3141.6
PCENDC96,2021-01-01,3196.8
PCENDC96,2021-02-01,3136.7
PCENDC96,2021-03-01,3322.2
PCENDC96,2021-04-01,3323.4
PCENDC96,2021-05-01,3315.0
PCENDC96,2021-06-01,3370.5
PCENDC96,2021-07-01,3316.0
PCENDC96,2021-08-01,3358.1
PCENDC96,2021-09-01,3353.8
PCENDC96,2021-10-01,3364.3
PCENDC96,2021-11-01,3370.8
PCENDC96,2021-12-01,3344.9
PCENDC96,2022-01-01,3340.6
PCENDC96,2022-02-01,3328.9
PCENDC96,2022-03-01,3333.7
PCENDC96,2022-04-01,3334.7
PCENDC96,2022-05-01,3339.6
PCENDC96,2022-06-01,3330.8
PCENDC96,2022-07-01,3293.4
PCENDC96,2022-08-01,3313.4
PCENDC96,2022-09-01,3323.4
PCENDC96,2022-10-01,3319.6
PCENDC96,2022-11-01,3300.9
PCENDC96,2022-12-01,3287.3
PCENDC96,2023-01-01,3320.4
PCENDC96,2023-02-01,3332.3
PCENDC96,2023-03-01,3299.1
PCENDC96,2023-04-01,3323.0
PCENDC96,2023-05-01,3314.1
PCENDC96,2023-06-01,3329.6
PCENDC96,2023-07-01,3342.7
PCENDC96,2023-08-01,3349.1
PCENDC96,2023-09-01,3356.5
PCENDC96,2023-10-01,3366.7
PCENDC96,2023-11-01,3375.4
PCENDC96,2023-12-01,3386.2
PCENDC96,2024-01-01,3356.8
PCENDC96,2024-02-01,3348.5
PCENDC96,2024-03-01,3383.1
PCENDC96,2024-04-01,3384.9
PCENDC96,2024-05-01,3399.9
PCENDC96,2024-06-01,3409.2
PCENDC96,2024-07-01,3428.5
PCENDC96,2024-08-01,3421.8
PCENDC96,2024-09-01,3464.3
PCENDC96,2024-10-01,3459.5
PCENDC96,2024-11-01,3458.9
PCENDC96,2024-12-01,3492.2
PCENDC96,2025-01-01,3474.2
PCENDC96,2025-02-01,3489.5
PCENDC96,2025-03-01,3503.0
PCENDC96,2025-04-01,3502.5
PCENDC96,2025-05-01,3498.3
PCENDC96,2025-06-01,3522.8
PCENDC96,2025-07-01,3533.2
PCENDC96,2025-08-01,3551.6
PCENDC96,2025-09-01,3538.9
PCENDC96,2025-10-01,3544.2
PCENDC96,2025-11-01,3548.9
PCENDC96,2025-12-01,3541.1
PCENDC96,2026-01-01,3529.7
PCENDC96,2026-02-01,3521.4
RSHPCS,2020-01-01,28935.0
RSHPCS,2020-02-01,29230.0
RSHPCS,2020-03-01,30701.0
RSHPCS,2020-04-01,26149.0
RSHPCS,2020-05-01,26601.0
RSHPCS,2020-06-01,28472.0
RSHPCS,2020-07-01,30081.0
RSHPCS,2020-08-01,29524.0
RSHPCS,2020-09-01,30012.0
RSHPCS,2020-10-01,29987.0
RSHPCS,2020-11-01,29583.0
RSHPCS,2020-12-01,29717.0
RSHPCS,2021-01-01,29812.0
RSHPCS,2021-02-01,29636.0
RSHPCS,2021-03-01,32090.0
RSHPCS,2021-04-01,31957.0
RSHPCS,2021-05-01,31321.0
RSHPCS,2021-06-01,32334.0
RSHPCS,2021-07-01,32225.0
RSHPCS,2021-08-01,32429.0
RSHPCS,2021-09-01,32183.0
RSHPCS,2021-10-01,32099.0
RSHPCS,2021-11-01,32490.0
RSHPCS,2021-12-01,32390.0
RSHPCS,2022-01-01,32664.0
RSHPCS,2022-02-01,32416.0
RSHPCS,2022-03-01,32553.0
RSHPCS,2022-04-01,32838.0
RSHPCS,2022-05-01,32656.0
RSHPCS,2022-06-01,33212.0
RSHPCS,2022-07-01,33431.0
RSHPCS,2022-08-01,33318.0
RSHPCS,2022-09-01,33529.0
RSHPCS,2022-10-01,33673.0
RSHPCS,2022-11-01,33896.0
RSHPCS,2022-12-01,33098.0
RSHPCS,2023-01-01,34603.0
RSHPCS,2023-02-01,35070.0
RSHPCS,2023-03-01,35207.0
RSHPCS,2023-04-01,35493.0
RSHPCS,2023-05-01,35745.0
RSHPCS,2023-06-01,35734.0
RSHPCS,2023-07-01,35455.0
RSHPCS,2023-08-01,36097.0
RSHPCS,2023-09-01,36011.0
RSHPCS,2023-10-01,37298.0
RSHPCS,2023-11-01,37150.0
RSHPCS,2023-12-01,36210.0
RSHPCS,2024-01-01,35827.0
RSHPCS,2024-02-01,35765.0
RSHPCS,2024-03-01,35624.0
RSHPCS,2024-04-01,35778.0
RSHPCS,2024-05-01,36028.0
RSHPCS,2024-06-01,36021.0
RSHPCS,2024-07-01,37535.0
RSHPCS,2024-08-01,37678.0
RSHPCS,2024-09-01,38360.0
RSHPCS,2024-10-01,38196.0
RSHPCS,2024-11-01,38085.0
RSHPCS,2024-12-01,37831.0
RSHPCS,2025-01-01,37806.0
RSHPCS,2025-02-01,38865.0
RSHPCS,2025-03-01,39224.0
RSHPCS,2025-04-01,38881.0
RSHPCS,2025-05-01,39104.0
RSHPCS,2025-06-01,39517.0
RSHPCS,2025-07-01,40182.0
RSHPCS,2025-08-01,40118.0
RSHPCS,2025-09-01,40637.0
RSHPCS,2025-10-01,40456.0
RSHPCS,2025-11-01,40222.0
RSHPCS,2025-12-01,40119.0
RSHPCS,2026-01-01,38913.0
RSHPCS,2026-02-01,39686.0
RSHPCS,2026-03-01,39866.0
CUUR0000SEGB02,2020-01-01,179.656
CUUR0000SEGB02,2020-02-01,181.381
CUUR0000SEGB02,2020-03-01,181.669
CUUR0000SEGB02,2020-04-01,180.95
CUUR0000SEGB02,2020-05-01,179.553
CUUR0000SEGB02,2020-06-01,178.426
CUUR0000SEGB02,2020-07-01,179.374
CUUR0000SEGB02,2020-08-01,179.164
CUUR0000SEGB02,2020-09-01,177.631
CUUR0000SEGB02,2020-10-01,178.135
CUUR0000SEGB02,2020-11-01,179.082
CUUR0000SEGB02,2020-12-01,178.552
CUUR0000SEGB02,2021-01-01,179.952
CUUR0000SEGB02,2021-02-01,180.497
CUUR0000SEGB02,2021-03-01,180.006
CUUR0000SEGB02,2021-04-01,180.289
CUUR0000SEGB02,2021-05-01,178.222
CUUR0000SEGB02,2021-06-01,178.072
CUUR0000SEGB02,2021-07-01,176.207
CUUR0000SEGB02,2021-08-01,178.556
CUUR0000SEGB02,2021-09-01,178.72
CUUR0000SEGB02,2021-10-01,178.309
CUUR0000SEGB02,2021-11-01,176.978
CUUR0000SEGB02,2021-12-01,176.243
CUUR0000SEGB02,2022-01-01,176.817
CUUR0000SEGB02,2022-02-01,178.891
CUUR0000SEGB02,2022-03-01,180.642
CUUR0000SEGB02,2022-04-01,179.464
CUUR0000SEGB02,2022-05-01,180.083
CUUR0000SEGB02,2022-06-01,180.437
CUUR0000SEGB02,2022-07-01,181.816
CUUR0000SEGB02,2022-08-01,186.043
CUUR0000SEGB02,2022-09-01,186.805
CUUR0000SEGB02,2022-10-01,186.811
CUUR0000SEGB02,2022-11-01,186.524
CUUR0000SEGB02,2022-12-01,185.069
CUUR0000SEGB02,2023-01-01,186.935
CUUR0000SEGB02,2023-02-01,187.494
CUUR0000SEGB02,2023-03-01,188.158
CUUR0000SEGB02,2023-04-01,188.647
CUUR0000SEGB02,2023-05-01,189.549
CUUR0000SEGB02,2023-06-01,189.937
CUUR0000SEGB02,2023-07-01,190.996
CUUR0000SEGB02,2023-08-01,190.978
CUUR0000SEGB02,2023-09-01,192.057
CUUR0000SEGB02,2023-10-01,193.472
CUUR0000SEGB02,2023-11-01,191.709
CUUR0000SEGB02,2023-12-01,187.349
CUUR0000SEGB02,2024-01-01,187.892
CUUR0000SEGB02,2024-02-01,191.222
CUUR0000SEGB02,2024-03-01,191.607
CUUR0000SEGB02,2024-04-01,190.319
CUUR0000SEGB02,2024-05-01,189.984
CUUR0000SEGB02,2024-06-01,190.421
CUUR0000SEGB02,2024-07-01,189.982
CUUR0000SEGB02,2024-08-01,190.812
CUUR0000SEGB02,2024-09-01,191.105
CUUR0000SEGB02,2024-10-01,191.813
CUUR0000SEGB02,2024-11-01,189.988
CUUR0000SEGB02,2024-12-01,187.819
CUUR0000SEGB02,2025-01-01,189.029
CUUR0000SEGB02,2025-02-01,189.627
CUUR0000SEGB02,2025-03-01,189.666
CUUR0000SEGB02,2025-04-01,190.631
CUUR0000SEGB02,2025-05-01,189.399
CUUR0000SEGB02,2025-06-01,191.072
CUUR0000SEGB02,2025-07-01,190.717
CUUR0000SEGB02,2025-08-01,191.367
CUUR0000SEGB02,2025-09-01,192.368
CUUR0000SEGB02,2025-11-01,190.307
CUUR0000SEGB02,2025-12-01,189.36
CUUR0000SEGB02,2026-01-01,191.697
CUUR0000SEGB02,2026-02-01,192.404
CUUR0000SEGB02,2026-03-01,193.373
CUUR0000SEGB,2020-01-01,159.47
CUUR0000SEGB,2020-02-01,161.196
CUUR0000SEGB,2020-03-01,161.018
CUUR0000SEGB,2020-04-01,160.797
CUUR0000SEGB,2020-05-01,160.212
CUUR0000SEGB,2020-06-01,159.331
CUUR0000SEGB,2020-07-01,160.218
CUUR0000SEGB,2020-08-01,160.328
CUUR0000SEGB,2020-09-01,159.878
CUUR0000SEGB,2020-10-01,159.704
CUUR0000SEGB,2020-11-01,159.758
CUUR0000SEGB,2020-12-01,158.846
CUUR0000SEGB,2021-01-01,159.785
CUUR0000SEGB,2021-02-01,160.214
CUUR0000SEGB,2021-03-01,159.962
CUUR0000SEGB,2021-04-01,160.308
CUUR0000SEGB,2021-05-01,159.678
CUUR0000SEGB,2021-06-01,159.296
CUUR0000SEGB,2021-07-01,159.111
CUUR0000SEGB,2021-08-01,159.966
CUUR0000SEGB,2021-09-01,159.755
CUUR0000SEGB,2021-10-01,160.038
CUUR0000SEGB,2021-11-01,159.359
CUUR0000SEGB,2021-12-01,159.06
CUUR0000SEGB,2022-01-01,160.224
CUUR0000SEGB,2022-02-01,161.496
CUUR0000SEGB,2022-03-01,163.175
CUUR0000SEGB,2022-04-01,163.713
CUUR0000SEGB,2022-05-01,164.174
CUUR0000SEGB,2022-06-01,165.353
CUUR0000SEGB,2022-07-01,167.052
CUUR0000SEGB,2022-08-01,169.576
CUUR0000SEGB,2022-09-01,170.217
CUUR0000SEGB,2022-10-01,170.89
CUUR0000SEGB,2022-11-01,171.226
CUUR0000SEGB,2022-12-01,171.058
CUUR0000SEGB,2023-01-01,171.539
CUUR0000SEGB,2023-02-01,172.394
CUUR0000SEGB,2023-03-01,173.801
CUUR0000SEGB,2023-04-01,174.724
CUUR0000SEGB,2023-05-01,176.484
CUUR0000SEGB,2023-06-01,176.846
CUUR0000SEGB,2023-07-01,177.651
CUUR0000SEGB,2023-08-01,178.14
CUUR0000SEGB,2023-09-01,178.898
CUUR0000SEGB,2023-10-01,179.617
CUUR0000SEGB,2023-11-01,178.553
CUUR0000SEGB,2023-12-01,176.62
CUUR0000SEGB,2024-01-01,177.546
CUUR0000SEGB,2024-02-01,179.311
CUUR0000SEGB,2024-03-01,179.706
CUUR0000SEGB,2024-04-01,179.28
CUUR0000SEGB,2024-05-01,178.83
CUUR0000SEGB,2024-06-01,178.682
CUUR0000SEGB,2024-07-01,179.079
CUUR0000SEGB,2024-08-01,178.452
CUUR0000SEGB,2024-09-01,179.154
CUUR0000SEGB,2024-10-01,179.634
CUUR0000SEGB,2024-11-01,179.444
CUUR0000SEGB,2024-12-01,177.536
CUUR0000SEGB,2025-01-01,178.259
CUUR0000SEGB,2025-02-01,179.824
CUUR0000SEGB,2025-03-01,179.746
CUUR0000SEGB,2025-04-01,180.004
CUUR0000SEGB,2025-05-01,179.673
CUUR0000SEGB,2025-06-01,179.83
CUUR0000SEGB,2025-07-01,179.777
CUUR0000SEGB,2025-08-01,180.503
CUUR0000SEGB,2025-09-01,181.816
CUUR0000SEGB,2025-11-01,180.752
CUUR0000SEGB,2025-12-01,180.246
CUUR0000SEGB,2026-01-01,181.597
CUUR0000SEGB,2026-02-01,182.953
CUUR0000SEGB,2026-03-01,183.762
