segment,metric,series,company_quarter,published,market_growth,company_growth
"Baby, Feminine & Family Care",organic_volume_growth,PCENDC96,2021-03-31,2021-04-20,6.575055187637968,-4.0
"Baby, Feminine & Family Care",organic_volume_growth,PCENDC96,2021-06-30,2021-07-30,14.016061969584781,-3.0
"Baby, Feminine & Family Care",organic_volume_growth,PCENDC96,2021-09-30,2021-10-19,7.004214906898576,1.0
"Baby, Feminine & Family Care",organic_volume_growth,PCENDC96,2021-12-31,2022-01-19,7.099598376506089,1.0
"Baby, Feminine & Family Care",organic_volume_growth,PCENDC96,2022-03-31,2022-04-20,3.598910488105478,2.0
"Baby, Feminine & Family Care",organic_volume_growth,PCENDC96,2022-06-30,2022-07-29,-0.03796621007303713,0.0
"Baby, Feminine & Family Care",organic_volume_growth,PCENDC96,2022-09-30,2022-10-19,-0.9742817539066029,-3.0
"Baby, Feminine & Family Care",organic_volume_growth,PCENDC96,2022-12-31,2023-01-19,-1.708333333333334,-6.0
"Baby, Feminine & Family Care",organic_volume_growth,PCENDC96,2023-03-31,2023-04-21,-0.5138355726167609,-4.0
"Baby, Feminine & Family Care",organic_volume_growth,PCENDC96,2023-06-30,2023-07-28,-0.38380425982749156,0.0
"Baby, Feminine & Family Care",organic_volume_growth,PCENDC96,2023-09-30,2023-10-18,1.1893013232362026,-3.0
"Baby, Feminine & Family Care",organic_volume_growth,PCENDC96,2023-12-31,2024-01-23,2.2255192878338326,-2.0
"Baby, Feminine & Family Care",organic_volume_growth,PCENDC96,2024-03-31,2024-04-19,1.3726160091641626,-3.0
"Baby, Feminine & Family Care",organic_volume_growth,PCENDC96,2024-06-30,2024-07-30,2.2805943792830297,-1.0
"Baby, Feminine & Family Care",organic_volume_growth,PCENDC96,2024-09-30,2024-10-18,2.650199536239972,-1.0
"Baby, Feminine & Family Care",organic_volume_growth,PCENDC96,2024-12-31,2025-01-22,2.787239714463441,4.0
"Baby, Feminine & Family Care",organic_volume_growth,PCENDC96,2025-03-31,2025-04-24,3.749851314380881,-2.0
"Baby, Feminine & Family Care",organic_volume_growth,PCENDC96,2025-06-30,2025-07-29,3.2332744751814912,0.0
"Baby, Feminine & Family Care",organic_volume_growth,PCENDC96,2025-09-30,2025-10-24,2.996723091540132,0.0
"Baby, Feminine & Family Care",organic_volume_growth,PCENDC96,2025-12-31,2026-01-23,2.1478108850594646,-5.0
Beauty,organic_sales_growth,RSHPCS,2021-03-31,2021-04-20,3.006774244367927,7.0
Beauty,organic_sales_growth,RSHPCS,2021-06-30,2021-07-30,17.71687473837138,6.0
Beauty,organic_sales_growth,RSHPCS,2021-09-30,2021-10-19,8.056507135922875,2.0
Beauty,organic_sales_growth,RSHPCS,2021-12-31,2022-01-19,8.614915945210399,2.0
Beauty,organic_sales_growth,RSHPCS,2022-03-31,2022-04-20,6.658436933295464,3.0
Beauty,organic_sales_growth,RSHPCS,2022-06-30,2022-07-29,3.235995481738696,0.0
Beauty,organic_sales_growth,RSHPCS,2022-09-30,2022-10-19,3.553393847393038,4.0
Beauty,organic_sales_growth,RSHPCS,2022-12-31,2023-01-19,3.8028851607049052,3.0
Beauty,organic_sales_growth,RSHPCS,2023-03-31,2023-04-21,7.4226951952721,7.0
Beauty,organic_sales_growth,RSHPCS,2023-06-30,2023-07-28,8.374364273701707,11.0
Beauty,organic_sales_growth,RSHPCS,2023-09-30,2023-10-18,7.2648038453100305,5.0
Beauty,organic_sales_growth,RSHPCS,2023-12-31,2024-01-23,9.924801573504727,1.0
Beauty,organic_sales_growth,RSHPCS,2024-03-31,2024-04-19,2.22730739893211,3.0
Beauty,organic_sales_growth,RSHPCS,2024-06-30,2024-07-30,0.7992745765246889,3.0
Beauty,organic_sales_growth,RSHPCS,2024-09-30,2024-10-18,5.587423184552298,-2.0
Beauty,organic_sales_growth,RSHPCS,2024-12-31,2025-01-22,3.121328778759791,2.0
Beauty,organic_sales_growth,RSHPCS,2025-03-31,2025-04-24,8.094873899417987,2.0
Beauty,organic_sales_growth,RSHPCS,2025-06-30,2025-07-29,8.972706279503285,1.0
Beauty,organic_sales_growth,RSHPCS,2025-09-30,2025-10-24,6.4839354424026885,6.0
Beauty,organic_sales_growth,RSHPCS,2025-12-31,2026-01-23,5.858279584969162,4.0
Beauty,organic_sales_growth,RSHPCS,2026-03-31,2026-04-24,2.2175244833685603,7.0
Beauty,organic_volume_growth,PCENDC96,2021-03-31,2021-04-20,6.575055187637968,2.0
Beauty,organic_volume_growth,PCENDC96,2021-06-30,2021-07-30,14.016061969584781,1.0
Beauty,organic_volume_growth,PCENDC96,2021-09-30,2021-10-19,7.004214906898576,0.0
Beauty,organic_volume_growth,PCENDC96,2021-12-31,2022-01-19,7.099598376506089,1.0
Beauty,organic_volume_growth,PCENDC96,2022-03-31,2022-04-20,3.598910488105478,-1.0
Beauty,organic_volume_growth,PCENDC96,2022-06-30,2022-07-29,-0.03796621007303713,-2.0
Beauty,organic_volume_growth,PCENDC96,2022-09-30,2022-10-19,-0.9742817539066029,-1.0
Beauty,organic_volume_growth,PCENDC96,2022-12-31,2023-01-19,-1.708333333333334,-4.0
Beauty,organic_volume_growth,PCENDC96,2023-03-31,2023-04-21,-0.5138355726167609,0.0
Beauty,organic_volume_growth,PCENDC96,2023-06-30,2023-07-28,-0.38380425982749156,-1.0
Beauty,organic_volume_growth,PCENDC96,2023-09-30,2023-10-18,1.1893013232362026,0.0
Beauty,organic_volume_growth,PCENDC96,2023-12-31,2024-01-23,2.2255192878338326,-1.0
Beauty,organic_volume_growth,PCENDC96,2024-03-31,2024-04-19,1.3726160091641626,1.0
Beauty,organic_volume_growth,PCENDC96,2024-06-30,2024-07-30,2.2805943792830297,1.0
Beauty,organic_volume_growth,PCENDC96,2024-09-30,2024-10-18,2.650199536239972,0.0
Beauty,organic_volume_growth,PCENDC96,2024-12-31,2025-01-22,2.787239714463441,0.0
Beauty,organic_volume_growth,PCENDC96,2025-03-31,2025-04-24,3.749851314380881,1.0
Beauty,organic_volume_growth,PCENDC96,2025-06-30,2025-07-29,3.2332744751814912,1.0
Beauty,organic_volume_growth,PCENDC96,2025-09-30,2025-10-24,2.996723091540132,4.0
Beauty,organic_volume_growth,PCENDC96,2025-12-31,2026-01-23,2.1478108850594646,3.0
Beauty,price_contribution,CUUR0000SEGB02,2021-03-31,2021-04-20,-0.41477337637689793,2.0
Beauty,price_contribution,CUUR0000SEGB02,2021-06-30,2021-07-30,-0.43530780492421206,4.0
Beauty,price_contribution,CUUR0000SEGB02,2021-09-30,2021-10-19,-0.5009614505874005,2.0
Beauty,price_contribution,CUUR0000SEGB02,2021-12-31,2022-01-19,-0.7911991921891626,2.0
Beauty,price_contribution,CUUR0000SEGB02,2022-03-31,2022-04-20,-0.7595451980275891,4.0
Beauty,price_contribution,CUUR0000SEGB02,2022-06-30,2022-07-29,0.6338255218670819,6.0
Beauty,price_contribution,CUUR0000SEGB02,2022-09-30,2022-10-19,3.970323328016079,7.0
Beauty,price_contribution,CUUR0000SEGB02,2022-12-31,2023-01-19,5.055970500253992,9.0
Beauty,price_contribution,CUUR0000SEGB02,2023-03-31,2023-04-21,4.891768434790711,8.0
Beauty,price_contribution,CUUR0000SEGB02,2023-06-30,2023-07-28,5.2129322350291885,8.0
Beauty,price_contribution,CUUR0000SEGB02,2023-09-30,2023-10-18,3.4916634214587683,7.0
Beauty,price_contribution,CUUR0000SEGB02,2023-12-31,2024-01-23,2.5297096725668045,4.0
Beauty,price_contribution,CUUR0000SEGB02,2024-03-31,2024-04-19,1.4458208241569626,4.0
Beauty,price_contribution,CUUR0000SEGB02,2024-06-30,2024-07-30,0.4560551842614391,3.0
Beauty,price_contribution,CUUR0000SEGB02,2024-09-30,2024-10-18,-0.3714085127806688,1.0
Beauty,price_contribution,CUUR0000SEGB02,2024-12-31,2025-01-22,-0.5082703089794416,2.0
Beauty,price_contribution,CUUR0000SEGB02,2025-03-31,2025-04-24,-0.42034549280647315,3.0
Beauty,price_contribution,CUUR0000SEGB02,2025-06-30,2025-07-29,0.06623166364128075,1.0
Beauty,price_contribution,CUUR0000SEGB02,2025-09-30,2025-10-24,0.44640749502971033,2.0
Beauty,price_contribution,CUUR0000SEGB02,2026-03-31,2026-04-24,1.6103546932900725,1.0
Fabric & Home Care,organic_volume_growth,PCENDC96,2024-03-31,2024-04-19,1.3726160091641626,1.0
Fabric & Home Care,organic_volume_growth,PCENDC96,2024-06-30,2024-07-30,2.2805943792830297,3.0
Fabric & Home Care,organic_volume_growth,PCENDC96,2024-09-30,2024-10-18,2.650199536239972,1.0
Fabric & Home Care,organic_volume_growth,PCENDC96,2024-12-31,2025-01-22,2.787239714463441,2.0
Fabric & Home Care,organic_volume_growth,PCENDC96,2025-03-31,2025-04-24,3.749851314380881,0.0
Fabric & Home Care,organic_volume_growth,PCENDC96,2025-06-30,2025-07-29,3.2332744751814912,0.0
Fabric & Home Care,organic_volume_growth,PCENDC96,2025-09-30,2025-10-24,2.996723091540132,-2.0
Fabric & Home Care,organic_volume_growth,PCENDC96,2025-12-31,2026-01-23,2.1478108850594646,0.0
Health Care,price_contribution,CUUR0000SEGB,2021-03-31,2021-04-20,-0.3577033906046245,0.0
Health Care,price_contribution,CUUR0000SEGB,2021-06-30,2021-07-30,-0.2202606487071601,1.0
Health Care,price_contribution,CUUR0000SEGB,2021-09-30,2021-10-19,-0.33137395300817385,1.0
Health Care,price_contribution,CUUR0000SEGB,2021-12-31,2022-01-19,0.031151475618229618,1.0
Health Care,price_contribution,CUUR0000SEGB,2022-03-31,2022-04-20,1.0280001916822323,3.0
Health Care,price_contribution,CUUR0000SEGB,2022-06-30,2022-07-29,2.912272941608496,5.0
Health Care,price_contribution,CUUR0000SEGB,2022-09-30,2022-10-19,5.850277341531052,6.0
Health Care,price_contribution,CUUR0000SEGB,2022-12-31,2023-01-19,7.25603345755208,5.0
Health Care,price_contribution,CUUR0000SEGB,2023-03-31,2023-04-21,6.77239402344838,6.0
Health Care,price_contribution,CUUR0000SEGB,2023-06-30,2023-07-28,7.05822723217906,6.0
Health Care,price_contribution,CUUR0000SEGB,2023-09-30,2023-10-18,5.4935927157217845,6.0
Health Care,price_contribution,CUUR0000SEGB,2023-12-31,2024-01-23,4.212216519153356,5.0
Health Care,price_contribution,CUUR0000SEGB,2024-03-31,2024-04-19,3.636809635836169,4.0
Health Care,price_contribution,CUUR0000SEGB,2024-06-30,2024-07-30,1.6547550061168037,2.0
Health Care,price_contribution,CUUR0000SEGB,2024-09-30,2024-10-18,0.373301115227731,1.0
Health Care,price_contribution,CUUR0000SEGB,2024-12-31,2025-01-22,0.341068456777438,1.0
Health Care,price_contribution,CUUR0000SEGB,2025-03-31,2025-04-24,0.23594619830289432,1.0
Health Care,price_contribution,CUUR0000SEGB,2025-06-30,2025-07-29,0.5057825004843641,1.0
Health Care,price_contribution,CUUR0000SEGB,2025-09-30,2025-10-24,1.0082264270475205,1.0
Health Care,price_contribution,CUUR0000SEGB,2026-03-31,2026-04-24,1.9491325309717533,2.0
