segment,metric,series,stage,method,quarters,rmse,baseline_rmse,last_actual_rmse,mae,bias,wins_vs_baseline
Beauty,organic_volume_growth,PCENDC96,Origin,baseline,8,2.05965713166051,2.05965713166051,1.6583123951777,1.59375,-1.53125,0
Beauty,organic_volume_growth,PCENDC96,Origin,last_actual,8,1.6583123951777,2.05965713166051,1.6583123951777,1.5,-1.0,3
Beauty,organic_volume_growth,PCENDC96,Origin,bridge,8,2.309924784807549,2.05965713166051,1.6583123951777,1.8495023192085198,-1.8495023192085198,2
Beauty,organic_volume_growth,PCENDC96,Origin,blend,8,2.180135660629228,2.05965713166051,1.6583123951777,1.7148430753430022,-1.69037615960426,2
Beauty,organic_volume_growth,PCENDC96,First month,baseline,8,1.741048534648015,1.741048534648015,1.4142135623730951,1.3125,-1.1875,0
Beauty,organic_volume_growth,PCENDC96,First month,last_actual,8,1.4142135623730951,1.741048534648015,1.4142135623730951,1.0,-0.5,6
Beauty,organic_volume_growth,PCENDC96,First month,bridge,8,2.3158154054127196,1.741048534648015,1.4142135623730951,1.739824912403238,-1.739824912403238,2
Beauty,organic_volume_growth,PCENDC96,First month,lagged,8,2.4015704875540758,1.741048534648015,1.4142135623730951,1.9642891410654573,-1.9642891410654573,0
Beauty,organic_volume_growth,PCENDC96,First month,blend,8,2.0101563849934005,1.741048534648015,1.4142135623730951,1.4908201735280056,-1.4636624562016192,3
Beauty,organic_volume_growth,PCENDC96,Second month,baseline,8,1.741048534648015,1.741048534648015,1.4142135623730951,1.3125,-1.1875,0
Beauty,organic_volume_growth,PCENDC96,Second month,last_actual,8,1.4142135623730951,1.741048534648015,1.4142135623730951,1.0,-0.5,6
Beauty,organic_volume_growth,PCENDC96,Second month,bridge,8,2.432073989779441,1.741048534648015,1.4142135623730951,1.761142515850435,-1.761142515850435,3
Beauty,organic_volume_growth,PCENDC96,Second month,lagged,8,2.41397576022705,1.741048534648015,1.4142135623730951,1.9607126245501427,-1.9607126245501427,0
Beauty,organic_volume_growth,PCENDC96,Second month,blend,8,2.0650971106553215,1.741048534648015,1.4142135623730951,1.5250520370942602,-1.4743212579252174,3
Beauty,organic_volume_growth,PCENDC96,Pre-earnings,baseline,8,1.741048534648015,1.741048534648015,1.4142135623730951,1.3125,-1.1875,0
Beauty,organic_volume_growth,PCENDC96,Pre-earnings,last_actual,8,1.4142135623730951,1.741048534648015,1.4142135623730951,1.0,-0.5,6
Beauty,organic_volume_growth,PCENDC96,Pre-earnings,bridge,8,2.426249415725427,1.741048534648015,1.4142135623730951,1.7526505410837458,-1.7526505410837458,3
Beauty,organic_volume_growth,PCENDC96,Pre-earnings,lagged,8,2.41397576022705,1.741048534648015,1.4142135623730951,1.9607126245501427,-1.9607126245501427,0
Beauty,organic_volume_growth,PCENDC96,Pre-earnings,blend,8,2.062097033627261,1.741048534648015,1.4142135623730951,1.5208060497109157,-1.470075270541873,3
Grooming,organic_volume_growth,PCENDC96,Origin,baseline,8,3.0477963350591524,3.0477963350591524,2.3717082451262845,2.78125,0.53125,0
Grooming,organic_volume_growth,PCENDC96,Origin,last_actual,8,2.3717082451262845,3.0477963350591524,2.3717082451262845,1.875,0.875,6
Grooming,organic_volume_growth,PCENDC96,Origin,bridge,8,2.984646847330314,3.0477963350591524,2.3717082451262845,2.6399501818425586,0.5984362833806365,6
Grooming,organic_volume_growth,PCENDC96,Origin,blend,8,3.0074185958391975,3.0477963350591524,2.3717082451262845,2.7106000909212793,0.5648431416903182,6
Grooming,organic_volume_growth,PCENDC96,First month,baseline,8,2.470134105671188,2.470134105671188,2.1213203435596424,2.15625,0.59375,0
Grooming,organic_volume_growth,PCENDC96,First month,last_actual,8,2.1213203435596424,2.470134105671188,2.1213203435596424,1.75,0.5,5
Grooming,organic_volume_growth,PCENDC96,First month,bridge,8,2.690490009755487,2.470134105671188,2.1213203435596424,2.2174126505618776,0.5533022821569233,3
Grooming,organic_volume_growth,PCENDC96,First month,lagged,8,2.707212935676186,2.470134105671188,2.1213203435596424,2.226601340718635,0.1013002999825933,3
Grooming,organic_volume_growth,PCENDC96,First month,blend,8,2.563687057855676,2.470134105671188,2.1213203435596424,2.161646813576213,0.5735261410784616,3
Grooming,organic_volume_growth,PCENDC96,Second month,baseline,8,2.470134105671188,2.470134105671188,2.1213203435596424,2.15625,0.59375,0
Grooming,organic_volume_growth,PCENDC96,Second month,last_actual,8,2.1213203435596424,2.470134105671188,2.1213203435596424,1.75,0.5,5
Grooming,organic_volume_growth,PCENDC96,Second month,bridge,8,2.4746547940297132,2.470134105671188,2.1213203435596424,2.133307881626358,0.5689310249611035,5
Grooming,organic_volume_growth,PCENDC96,Second month,lagged,8,2.652360818808434,2.470134105671188,2.1213203435596424,2.176888274238242,0.09502765454971218,3
Grooming,organic_volume_growth,PCENDC96,Second month,blend,8,2.4629906623397986,2.470134105671188,2.1213203435596424,2.116342036732503,0.5813405124805517,5
Grooming,organic_volume_growth,PCENDC96,Pre-earnings,baseline,8,2.470134105671188,2.470134105671188,2.1213203435596424,2.15625,0.59375,0
Grooming,organic_volume_growth,PCENDC96,Pre-earnings,last_actual,8,2.1213203435596424,2.470134105671188,2.1213203435596424,1.75,0.5,5
Grooming,organic_volume_growth,PCENDC96,Pre-earnings,bridge,8,2.4544843241363337,2.470134105671188,2.1213203435596424,2.1089836317247603,0.5932552748627012,6
Grooming,organic_volume_growth,PCENDC96,Pre-earnings,lagged,8,2.652360818808434,2.470134105671188,2.1213203435596424,2.176888274238242,0.09502765454971218,3
Grooming,organic_volume_growth,PCENDC96,Pre-earnings,blend,8,2.4529865449744377,2.470134105671188,2.1213203435596424,2.104179911781704,0.5935026374313507,6
Health Care,organic_volume_growth,PCENDC96,Origin,baseline,8,1.2624381172952597,1.2624381172952597,2.2638462845343543,1.125,-0.25,0
Health Care,organic_volume_growth,PCENDC96,Origin,last_actual,8,2.2638462845343543,1.2624381172952597,2.2638462845343543,1.625,-0.625,4
Health Care,organic_volume_growth,PCENDC96,Origin,bridge,8,2.0242372600919802,1.2624381172952597,2.2638462845343543,1.8749017452743455,1.8749017452743455,1
Health Care,organic_volume_growth,PCENDC96,Origin,blend,8,1.256801734078039,1.2624381172952597,2.2638462845343543,0.997973233189171,0.8124508726371727,4
Health Care,organic_volume_growth,PCENDC96,First month,baseline,8,1.541103500742244,1.541103500742244,2.0615528128088303,1.125,-0.3125,0
Health Care,organic_volume_growth,PCENDC96,First month,last_actual,8,2.0615528128088303,1.541103500742244,2.0615528128088303,1.5,-0.25,3
Health Care,organic_volume_growth,PCENDC96,First month,bridge,8,1.822059011093504,1.541103500742244,2.0615528128088303,1.6096914120331454,1.556953500351953,2
Health Care,organic_volume_growth,PCENDC96,First month,lagged,8,1.1953225887210288,1.541103500742244,2.0615528128088303,0.9025679636422916,-0.4329417779295962,4
Health Care,organic_volume_growth,PCENDC96,First month,blend,8,1.358200817839933,1.541103500742244,2.0615528128088303,1.187479163343204,0.6222267501759765,2
Health Care,organic_volume_growth,PCENDC96,Second month,baseline,8,1.541103500742244,1.541103500742244,2.0615528128088303,1.125,-0.3125,0
Health Care,organic_volume_growth,PCENDC96,Second month,last_actual,8,2.0615528128088303,1.541103500742244,2.0615528128088303,1.5,-0.25,3
Health Care,organic_volume_growth,PCENDC96,Second month,bridge,8,1.858708621509978,1.541103500742244,2.0615528128088303,1.668230819613023,1.5662268092910094,2
Health Care,organic_volume_growth,PCENDC96,Second month,lagged,8,1.1958272770067522,1.541103500742244,2.0615528128088303,0.9265812707217692,-0.43948982995525543,4
Health Care,organic_volume_growth,PCENDC96,Second month,blend,8,1.3725874207929807,1.541103500742244,2.0615528128088303,1.2190928712615774,0.6268634046455047,2
Health Care,organic_volume_growth,PCENDC96,Pre-earnings,baseline,8,1.541103500742244,1.541103500742244,2.0615528128088303,1.125,-0.3125,0
Health Care,organic_volume_growth,PCENDC96,Pre-earnings,last_actual,8,2.0615528128088303,1.541103500742244,2.0615528128088303,1.5,-0.25,3
Health Care,organic_volume_growth,PCENDC96,Pre-earnings,bridge,8,1.85442939286228,1.541103500742244,2.0615528128088303,1.6420286876361387,1.592428941267894,2
Health Care,organic_volume_growth,PCENDC96,Pre-earnings,lagged,8,1.1958272770067522,1.541103500742244,2.0615528128088303,0.9265812707217692,-0.43948982995525543,4
Health Care,organic_volume_growth,PCENDC96,Pre-earnings,blend,8,1.355524039482775,1.541103500742244,2.0615528128088303,1.205991805273135,0.639964470633947,2
Fabric & Home Care,organic_volume_growth,PCENDC96,Origin,baseline,8,2.3435416574065844,2.3435416574065844,1.9364916731037085,1.96875,-0.09375,0
Fabric & Home Care,organic_volume_growth,PCENDC96,Origin,last_actual,8,1.9364916731037085,2.3435416574065844,1.9364916731037085,1.5,0.0,5
Fabric & Home Care,organic_volume_growth,PCENDC96,Origin,bridge,8,2.4610339648109214,2.3435416574065844,1.9364916731037085,1.9663037570336843,1.214179140889354,4
Fabric & Home Care,organic_volume_growth,PCENDC96,Origin,blend,8,2.3042220886643463,2.3435416574065844,1.9364916731037085,1.9152980241620066,0.560214570444677,4
Fabric & Home Care,organic_volume_growth,PCENDC96,First month,baseline,8,1.8853878911247945,1.8853878911247945,1.7677669529663689,1.53125,0.03125,0
Fabric & Home Care,organic_volume_growth,PCENDC96,First month,last_actual,8,1.7677669529663689,1.8853878911247945,1.7677669529663689,1.625,-0.125,4
Fabric & Home Care,organic_volume_growth,PCENDC96,First month,bridge,8,2.3521004004285375,1.8853878911247945,1.7677669529663689,1.949816462690872,0.9474847266705797,3
Fabric & Home Care,organic_volume_growth,PCENDC96,First month,lagged,8,2.2806974067359094,1.8853878911247945,1.7677669529663689,1.9320101646977708,-0.18451441317390305,2
Fabric & Home Care,organic_volume_growth,PCENDC96,First month,blend,8,2.0565426464986705,1.8853878911247945,1.7677669529663689,1.7117131075059377,0.48936736333528985,3
Fabric & Home Care,organic_volume_growth,PCENDC96,Second month,baseline,8,1.8853878911247945,1.8853878911247945,1.7677669529663689,1.53125,0.03125,0
Fabric & Home Care,organic_volume_growth,PCENDC96,Second month,last_actual,8,1.7677669529663689,1.8853878911247945,1.7677669529663689,1.625,-0.125,4
Fabric & Home Care,organic_volume_growth,PCENDC96,Second month,bridge,8,2.6249960852939203,1.8853878911247945,1.7677669529663689,2.333623337500181,0.9664365000699151,2
Fabric & Home Care,organic_volume_growth,PCENDC96,Second month,lagged,8,2.2061051126146403,1.8853878911247945,1.7677669529663689,1.8492304999349152,-0.20980860304488042,2
Fabric & Home Care,organic_volume_growth,PCENDC96,Second month,blend,8,2.2152159011921584,1.8853878911247945,1.7677669529663689,1.9090204316116024,0.49884325003495755,2
Fabric & Home Care,organic_volume_growth,PCENDC96,Pre-earnings,baseline,8,1.8853878911247945,1.8853878911247945,1.7677669529663689,1.53125,0.03125,0
Fabric & Home Care,organic_volume_growth,PCENDC96,Pre-earnings,last_actual,8,1.7677669529663689,1.8853878911247945,1.7677669529663689,1.625,-0.125,4
Fabric & Home Care,organic_volume_growth,PCENDC96,Pre-earnings,bridge,8,2.5796899136900246,1.8853878911247945,1.7677669529663689,2.2846995065887405,1.0153603309813557,2
Fabric & Home Care,organic_volume_growth,PCENDC96,Pre-earnings,lagged,8,2.2061051126146403,1.8853878911247945,1.7677669529663689,1.8492304999349152,-0.20980860304488042,2
Fabric & Home Care,organic_volume_growth,PCENDC96,Pre-earnings,blend,8,2.1851417901989416,1.8853878911247945,1.7677669529663689,1.8845585161558822,0.5233051654906778,2
"Baby, Feminine & Family Care",organic_volume_growth,PCENDC96,Origin,baseline,8,3.073322713286062,3.073322713286062,3.2596012026013246,2.09375,-0.71875,0
"Baby, Feminine & Family Care",organic_volume_growth,PCENDC96,Origin,last_actual,8,3.2596012026013246,3.073322713286062,3.2596012026013246,2.875,-0.375,3
"Baby, Feminine & Family Care",organic_volume_growth,PCENDC96,Origin,bridge,8,2.7379066405628243,3.073322713286062,3.2596012026013246,1.8439805899997848,-0.10570941736859008,5
"Baby, Feminine & Family Care",organic_volume_growth,PCENDC96,Origin,blend,8,2.874378643772205,3.073322713286062,3.2596012026013246,1.941063798980741,-0.4122297086842951,5
"Baby, Feminine & Family Care",organic_volume_growth,PCENDC96,First month,baseline,8,3.3830921506810894,3.3830921506810894,4.444097208657794,2.53125,-0.65625,0
"Baby, Feminine & Family Care",organic_volume_growth,PCENDC96,First month,last_actual,8,4.444097208657794,3.3830921506810894,4.444097208657794,3.5,-0.75,4
"Baby, Feminine & Family Care",organic_volume_growth,PCENDC96,First month,bridge,8,2.880787160203864,3.3830921506810894,4.444097208657794,2.031857308123665,-0.23256014981477727,7
"Baby, Feminine & Family Care",organic_volume_growth,PCENDC96,First month,lagged,8,2.995768005314401,3.3830921506810894,4.444097208657794,2.2200299598945894,-0.5174411562145123,6
"Baby, Feminine & Family Care",organic_volume_growth,PCENDC96,First month,blend,8,3.121127501623454,3.3830921506810894,4.444097208657794,2.2815536540618324,-0.44440507490738873,7
"Baby, Feminine & Family Care",organic_volume_growth,PCENDC96,Second month,baseline,8,3.3830921506810894,3.3830921506810894,4.444097208657794,2.53125,-0.65625,0
"Baby, Feminine & Family Care",organic_volume_growth,PCENDC96,Second month,last_actual,8,4.444097208657794,3.3830921506810894,4.444097208657794,3.5,-0.75,4
"Baby, Feminine & Family Care",organic_volume_growth,PCENDC96,Second month,bridge,8,3.0428081130139346,3.3830921506810894,4.444097208657794,2.2154526413551383,-0.2291035729772355,6
"Baby, Feminine & Family Care",organic_volume_growth,PCENDC96,Second month,lagged,8,2.9986558007610644,3.3830921506810894,4.444097208657794,2.187604094559458,-0.5391483464501481,7
"Baby, Feminine & Family Care",organic_volume_growth,PCENDC96,Second month,blend,8,3.1943657570245647,3.3830921506810894,4.444097208657794,2.329788365652723,-0.4426767864886178,6
"Baby, Feminine & Family Care",organic_volume_growth,PCENDC96,Pre-earnings,baseline,8,3.3830921506810894,3.3830921506810894,4.444097208657794,2.53125,-0.65625,0
"Baby, Feminine & Family Care",organic_volume_growth,PCENDC96,Pre-earnings,last_actual,8,4.444097208657794,3.3830921506810894,4.444097208657794,3.5,-0.75,4
"Baby, Feminine & Family Care",organic_volume_growth,PCENDC96,Pre-earnings,bridge,8,3.040874422251283,3.3830921506810894,4.444097208657794,2.1942453941573703,-0.2078963257794675,6
"Baby, Feminine & Family Care",organic_volume_growth,PCENDC96,Pre-earnings,lagged,8,2.9986558007610644,3.3830921506810894,4.444097208657794,2.187604094559458,-0.5391483464501481,7
"Baby, Feminine & Family Care",organic_volume_growth,PCENDC96,Pre-earnings,blend,8,3.1922449742887684,3.3830921506810894,4.444097208657794,2.3191847420538387,-0.43207316288973385,6
Beauty,price_contribution,CUUR0000SEGB,Origin,baseline,8,2.404423007708918,2.404423007708918,1.541103500742244,1.75,1.6875,0
Beauty,price_contribution,CUUR0000SEGB,Origin,last_actual,8,1.541103500742244,2.404423007708918,1.541103500742244,1.375,0.625,4
Beauty,price_contribution,CUUR0000SEGB,Origin,bridge,8,1.721180868842201,2.404423007708918,1.541103500742244,1.3722294530181982,1.084063324882787,5
Beauty,price_contribution,CUUR0000SEGB,Origin,blend,8,2.0244747634286298,2.404423007708918,1.541103500742244,1.529864726509099,1.3857816624413934,6
Beauty,price_contribution,CUUR0000SEGB,First month,baseline,8,1.7207374872420256,1.7207374872420256,1.2747548783981961,1.28125,1.09375,0
Beauty,price_contribution,CUUR0000SEGB,First month,last_actual,8,1.2747548783981961,1.7207374872420256,1.2747548783981961,1.125,0.375,2
Beauty,price_contribution,CUUR0000SEGB,First month,bridge,8,1.3326286765629274,1.7207374872420256,1.2747548783981961,1.1108419785788837,0.8078654534700329,5
Beauty,price_contribution,CUUR0000SEGB,First month,lagged,7,2.0346060709570013,1.800297594446937,1.3093073414159542,1.591962544293474,1.4634487952085509,2
Beauty,price_contribution,CUUR0000SEGB,First month,blend,8,1.4736242669543744,1.7207374872420256,1.2747548783981961,1.148697918384702,0.9508077267350165,5
Beauty,price_contribution,CUUR0000SEGB,Second month,baseline,8,1.7207374872420256,1.7207374872420256,1.2747548783981961,1.28125,1.09375,0
Beauty,price_contribution,CUUR0000SEGB,Second month,last_actual,8,1.2747548783981961,1.7207374872420256,1.2747548783981961,1.125,0.375,2
Beauty,price_contribution,CUUR0000SEGB,Second month,bridge,8,1.2329813045334774,1.7207374872420256,1.2747548783981961,1.0544594611542333,0.7699633642582695,4
Beauty,price_contribution,CUUR0000SEGB,Second month,lagged,7,2.0346060709570013,1.800297594446937,1.3093073414159542,1.591962544293474,1.4634487952085509,2
Beauty,price_contribution,CUUR0000SEGB,Second month,blend,8,1.3883855106090408,1.7207374872420256,1.2747548783981961,1.1203418163998355,0.9318566821291346,5
Beauty,price_contribution,CUUR0000SEGB,Pre-earnings,baseline,8,1.7207374872420256,1.7207374872420256,1.2747548783981961,1.28125,1.09375,0
Beauty,price_contribution,CUUR0000SEGB,Pre-earnings,last_actual,8,1.2747548783981961,1.7207374872420256,1.2747548783981961,1.125,0.375,2
Beauty,price_contribution,CUUR0000SEGB,Pre-earnings,bridge,8,1.2373815951598037,1.7207374872420256,1.2747548783981961,1.0258371054753996,0.734982523626254,3
Beauty,price_contribution,CUUR0000SEGB,Pre-earnings,lagged,7,2.0346060709570013,1.800297594446937,1.3093073414159542,1.591962544293474,1.4634487952085509,2
Beauty,price_contribution,CUUR0000SEGB,Pre-earnings,blend,8,1.364492093702662,1.7207374872420256,1.2747548783981961,1.1175725826107974,0.914366261813127,4
Grooming,price_contribution,CUUR0000SEGB,Origin,baseline,8,4.137292290858841,4.137292290858841,3.872983346207417,3.03125,2.53125,0
Grooming,price_contribution,CUUR0000SEGB,Origin,last_actual,8,3.872983346207417,4.137292290858841,3.872983346207417,3.0,1.5,3
Grooming,price_contribution,CUUR0000SEGB,Origin,bridge,8,2.827753334153647,4.137292290858841,3.872983346207417,2.272923072719052,1.7289561465468513,5
Grooming,price_contribution,CUUR0000SEGB,Origin,blend,8,3.4428838460545332,4.137292290858841,3.872983346207417,2.5895865363595263,2.1301030732734256,5
Grooming,price_contribution,CUUR0000SEGB,First month,baseline,8,3.4437443284889775,3.4437443284889775,2.5248762345905194,2.75,1.8125,0
Grooming,price_contribution,CUUR0000SEGB,First month,last_actual,8,2.5248762345905194,3.4437443284889775,2.5248762345905194,1.875,0.875,4
Grooming,price_contribution,CUUR0000SEGB,First month,bridge,8,2.2056789291081995,3.4437443284889775,2.5248762345905194,1.9257103770067088,1.3934987962313914,6
Grooming,price_contribution,CUUR0000SEGB,First month,lagged,7,2.7435991127330612,3.6815175442433286,2.6726124191242437,2.30294059206187,1.5867767663096985,6
Grooming,price_contribution,CUUR0000SEGB,First month,blend,8,2.789172627861812,3.4437443284889775,2.5248762345905194,2.3378551885033545,1.6029993981156956,6
Grooming,price_contribution,CUUR0000SEGB,Second month,baseline,8,3.4437443284889775,3.4437443284889775,2.5248762345905194,2.75,1.8125,0
Grooming,price_contribution,CUUR0000SEGB,Second month,last_actual,8,2.5248762345905194,3.4437443284889775,2.5248762345905194,1.875,0.875,4
Grooming,price_contribution,CUUR0000SEGB,Second month,bridge,8,2.0957373369755046,3.4437443284889775,2.5248762345905194,1.8186091627972973,1.3954472568802094,6
Grooming,price_contribution,CUUR0000SEGB,Second month,lagged,7,2.7435991127330612,3.6815175442433286,2.6726124191242437,2.30294059206187,1.5867767663096985,6
Grooming,price_contribution,CUUR0000SEGB,Second month,blend,8,2.7154176914035055,3.4437443284889775,2.5248762345905194,2.284304581398649,1.6039736284401047,6
Grooming,price_contribution,CUUR0000SEGB,Pre-earnings,baseline,8,3.4437443284889775,3.4437443284889775,2.5248762345905194,2.75,1.8125,0
Grooming,price_contribution,CUUR0000SEGB,Pre-earnings,last_actual,8,2.5248762345905194,3.4437443284889775,2.5248762345905194,1.875,0.875,4
Grooming,price_contribution,CUUR0000SEGB,Pre-earnings,bridge,8,2.055215413229056,3.4437443284889775,2.5248762345905194,1.7664340082599606,1.3759056891776273,6
Grooming,price_contribution,CUUR0000SEGB,Pre-earnings,lagged,7,2.7435991127330612,3.6815175442433286,2.6726124191242437,2.30294059206187,1.5867767663096985,6
Grooming,price_contribution,CUUR0000SEGB,Pre-earnings,blend,8,2.6832220173802988,3.4437443284889775,2.5248762345905194,2.2582170041299805,1.5942028445888137,6
Beauty,organic_sales_growth,RSHPCS,Origin,baseline,8,3.724916106437835,3.724916106437835,3.020761493398643,3.0625,-0.1875,0
Beauty,organic_sales_growth,RSHPCS,Origin,last_actual,8,3.020761493398643,3.724916106437835,3.020761493398643,2.625,-0.875,5
Beauty,organic_sales_growth,RSHPCS,Origin,bridge,8,2.107889361927967,3.724916106437835,3.020761493398643,1.7655283985261252,0.26161928813900415,6
Beauty,organic_sales_growth,RSHPCS,Origin,blend,8,2.8156569198763566,3.724916106437835,3.020761493398643,2.377480364247388,0.03705964406950202,6
Beauty,organic_sales_growth,RSHPCS,First month,baseline,8,3.0220543509341455,3.0220543509341455,3.1622776601683795,2.34375,-0.53125,0
Beauty,organic_sales_growth,RSHPCS,First month,last_actual,8,3.1622776601683795,3.0220543509341455,3.1622776601683795,2.5,-0.5,4
Beauty,organic_sales_growth,RSHPCS,First month,bridge,8,2.7387983040491966,3.0220543509341455,3.1622776601683795,2.2603089678415675,0.02831937505172022,5
Beauty,organic_sales_growth,RSHPCS,First month,lagged,8,2.823570551677284,3.0220543509341455,3.1622776601683795,2.2044694326576857,0.7513966589531991,5
Beauty,organic_sales_growth,RSHPCS,First month,blend,8,2.6996281554356676,3.0220543509341455,3.1622776601683795,2.0016145032060906,-0.2514653124741399,6
Beauty,organic_sales_growth,RSHPCS,Second month,baseline,8,3.0220543509341455,3.0220543509341455,3.1622776601683795,2.34375,-0.53125,0
Beauty,organic_sales_growth,RSHPCS,Second month,last_actual,8,3.1622776601683795,3.0220543509341455,3.1622776601683795,2.5,-0.5,4
Beauty,organic_sales_growth,RSHPCS,Second month,bridge,8,3.0009295249916184,3.0220543509341455,3.1622776601683795,2.48705365859073,0.038437102245683,4
Beauty,organic_sales_growth,RSHPCS,Second month,lagged,8,2.812361345072576,3.0220543509341455,3.1622776601683795,2.20393688675381,0.7521066908342209,5
Beauty,organic_sales_growth,RSHPCS,Second month,blend,8,2.820967600837873,3.0220543509341455,3.1622776601683795,2.1077378041123835,-0.2464064488771584,4
Beauty,organic_sales_growth,RSHPCS,Pre-earnings,baseline,8,3.0220543509341455,3.0220543509341455,3.1622776601683795,2.34375,-0.53125,0
Beauty,organic_sales_growth,RSHPCS,Pre-earnings,last_actual,8,3.1622776601683795,3.0220543509341455,3.1622776601683795,2.5,-0.5,4
Beauty,organic_sales_growth,RSHPCS,Pre-earnings,bridge,8,3.0969201780266196,3.0220543509341455,3.1622776601683795,2.5495052065517783,0.09710744896330906,4
Beauty,organic_sales_growth,RSHPCS,Pre-earnings,lagged,8,2.8050358274782745,3.0220543509341455,3.1622776601683795,2.1987955174484566,0.7450658901658788,5
Beauty,organic_sales_growth,RSHPCS,Pre-earnings,blend,8,2.865784889613387,3.0220543509341455,3.1622776601683795,2.1494796152175075,-0.21707127551834537,4
Health Care,organic_sales_growth,RSHPCS,Origin,baseline,8,1.5612494995995996,1.5612494995995996,1.620185174601965,1.3125,1.0625,0
Health Care,organic_sales_growth,RSHPCS,Origin,last_actual,8,1.620185174601965,1.5612494995995996,1.620185174601965,1.375,-0.125,4
Health Care,organic_sales_growth,RSHPCS,Origin,bridge,8,4.177489288831844,1.5612494995995996,1.620185174601965,4.05027976752981,4.05027976752981,0
Health Care,organic_sales_growth,RSHPCS,Origin,blend,8,2.7677307084848066,1.5612494995995996,1.620185174601965,2.556389883764905,2.556389883764905,1
Health Care,organic_sales_growth,RSHPCS,First month,baseline,8,1.118033988749895,1.118033988749895,1.4142135623730951,0.875,0.5625,0
Health Care,organic_sales_growth,RSHPCS,First month,last_actual,8,1.4142135623730951,1.118033988749895,1.4142135623730951,1.25,0.0,2
Health Care,organic_sales_growth,RSHPCS,First month,bridge,8,3.7309605280678277,1.118033988749895,1.4142135623730951,3.6033259316097146,3.6033259316097146,0
Health Care,organic_sales_growth,RSHPCS,First month,lagged,8,3.457111073636007,1.118033988749895,1.4142135623730951,3.281737358143078,3.281737358143078,0
Health Care,organic_sales_growth,RSHPCS,First month,blend,8,2.28907865285486,1.118033988749895,1.4142135623730951,2.0829129658048573,2.0829129658048573,0
Health Care,organic_sales_growth,RSHPCS,Second month,baseline,8,1.118033988749895,1.118033988749895,1.4142135623730951,0.875,0.5625,0
Health Care,organic_sales_growth,RSHPCS,Second month,last_actual,8,1.4142135623730951,1.118033988749895,1.4142135623730951,1.25,0.0,2
Health Care,organic_sales_growth,RSHPCS,Second month,bridge,8,3.770894611017562,1.118033988749895,1.4142135623730951,3.6697208704126125,3.6697208704126125,0
Health Care,organic_sales_growth,RSHPCS,Second month,lagged,8,3.4434632167385626,1.118033988749895,1.4142135623730951,3.2694203677224625,3.2694203677224625,0
Health Care,organic_sales_growth,RSHPCS,Second month,blend,8,2.3018161417544944,1.118033988749895,1.4142135623730951,2.1161104352063065,2.1161104352063065,0
Health Care,organic_sales_growth,RSHPCS,Pre-earnings,baseline,8,1.118033988749895,1.118033988749895,1.4142135623730951,0.875,0.5625,0
Health Care,organic_sales_growth,RSHPCS,Pre-earnings,last_actual,8,1.4142135623730951,1.118033988749895,1.4142135623730951,1.25,0.0,2
Health Care,organic_sales_growth,RSHPCS,Pre-earnings,bridge,8,3.8101095777568066,1.118033988749895,1.4142135623730951,3.717933782151607,3.717933782151607,0
Health Care,organic_sales_growth,RSHPCS,Pre-earnings,lagged,8,3.434670217327637,1.118033988749895,1.4142135623730951,3.2631150092666754,3.2631150092666754,0
Health Care,organic_sales_growth,RSHPCS,Pre-earnings,blend,8,2.316916917476291,1.118033988749895,1.4142135623730951,2.1402168910758035,2.1402168910758035,0
