prediction_id,month,observed,value,prior_year,carry_yoy_pct
1,2024-04-01,False,3387.9469069618613,3332.3,1.6699248855703692
1,2024-05-01,False,3388.048576886747,3332.4,1.6699248855703692
1,2024-06-01,False,3397.402209976219,3341.6,1.6699248855703692
2,2024-04-01,False,3387.9469069618613,3332.3,1.6699248855703692
2,2024-05-01,False,3388.048576886747,3332.4,1.6699248855703692
2,2024-06-01,False,3397.402209976219,3341.6,1.6699248855703692
3,2024-04-01,False,3395.7948327766844,3332.3,1.9054356683577172
3,2024-05-01,False,3395.896738212353,3332.4,1.9054356683577172
3,2024-06-01,False,3405.2720382938414,3341.6,1.9054356683577172
4,2024-04-01,True,3391.0,3332.3,1.7816467624950298
4,2024-05-01,False,3391.7715967133845,3332.4,1.7816467624950298
4,2024-06-01,False,3401.135508215534,3341.6,1.7816467624950298
5,2024-04-01,True,3375.7,3332.3,1.8076142102986026
5,2024-05-01,True,3386.5,3332.4,1.8076142102986026
5,2024-06-01,False,3402.003236451338,3341.6,1.8076142102986026
6,2024-04-01,True,3384.8,3332.3,1.7457094853091215
6,2024-05-01,True,3389.4,3332.4,1.7457094853091215
6,2024-06-01,True,3406.8,3341.6,1.7457094853091215
7,2024-04-01,True,3384.8,3332.3,1.7457094853091215
7,2024-05-01,True,3389.4,3332.4,1.7457094853091215
7,2024-06-01,True,3406.8,3341.6,1.7457094853091215
8,2024-04-01,False,3387.9469069618613,3332.3,1.6699248855703692
8,2024-05-01,False,3388.048576886747,3332.4,1.6699248855703692
8,2024-06-01,False,3397.402209976219,3341.6,1.6699248855703692
9,2024-04-01,False,3387.9469069618613,3332.3,1.6699248855703692
9,2024-05-01,False,3388.048576886747,3332.4,1.6699248855703692
9,2024-06-01,False,3397.402209976219,3341.6,1.6699248855703692
10,2024-04-01,False,3395.7948327766844,3332.3,1.9054356683577172
10,2024-05-01,False,3395.896738212353,3332.4,1.9054356683577172
10,2024-06-01,False,3405.2720382938414,3341.6,1.9054356683577172
11,2024-04-01,True,3391.0,3332.3,1.7816467624950298
11,2024-05-01,False,3391.7715967133845,3332.4,1.7816467624950298
11,2024-06-01,False,3401.135508215534,3341.6,1.7816467624950298
12,2024-04-01,True,3375.7,3332.3,1.8076142102986026
12,2024-05-01,True,3386.5,3332.4,1.8076142102986026
12,2024-06-01,False,3402.003236451338,3341.6,1.8076142102986026
13,2024-04-01,True,3384.8,3332.3,1.7457094853091215
13,2024-05-01,True,3389.4,3332.4,1.7457094853091215
13,2024-06-01,True,3406.8,3341.6,1.7457094853091215
14,2024-04-01,True,3384.8,3332.3,1.7457094853091215
14,2024-05-01,True,3389.4,3332.4,1.7457094853091215
14,2024-06-01,True,3406.8,3341.6,1.7457094853091215
15,2024-04-01,False,3387.9469069618613,3332.3,1.6699248855703692
15,2024-05-01,False,3388.048576886747,3332.4,1.6699248855703692
15,2024-06-01,False,3397.402209976219,3341.6,1.6699248855703692
16,2024-04-01,False,3387.9469069618613,3332.3,1.6699248855703692
16,2024-05-01,False,3388.048576886747,3332.4,1.6699248855703692
16,2024-06-01,False,3397.402209976219,3341.6,1.6699248855703692
17,2024-04-01,False,3395.7948327766844,3332.3,1.9054356683577172
17,2024-05-01,False,3395.896738212353,3332.4,1.9054356683577172
17,2024-06-01,False,3405.2720382938414,3341.6,1.9054356683577172
18,2024-04-01,True,3391.0,3332.3,1.7816467624950298
18,2024-05-01,False,3391.7715967133845,3332.4,1.7816467624950298
18,2024-06-01,False,3401.135508215534,3341.6,1.7816467624950298
19,2024-04-01,True,3375.7,3332.3,1.8076142102986026
19,2024-05-01,True,3386.5,3332.4,1.8076142102986026
19,2024-06-01,False,3402.003236451338,3341.6,1.8076142102986026
20,2024-04-01,True,3384.8,3332.3,1.7457094853091215
20,2024-05-01,True,3389.4,3332.4,1.7457094853091215
20,2024-06-01,True,3406.8,3341.6,1.7457094853091215
21,2024-04-01,True,3384.8,3332.3,1.7457094853091215
21,2024-05-01,True,3389.4,3332.4,1.7457094853091215
21,2024-06-01,True,3406.8,3341.6,1.7457094853091215
22,2024-04-01,False,3387.9469069618613,3332.3,1.6699248855703692
22,2024-05-01,False,3388.048576886747,3332.4,1.6699248855703692
22,2024-06-01,False,3397.402209976219,3341.6,1.6699248855703692
23,2024-04-01,False,3387.9469069618613,3332.3,1.6699248855703692
23,2024-05-01,False,3388.048576886747,3332.4,1.6699248855703692
23,2024-06-01,False,3397.402209976219,3341.6,1.6699248855703692
24,2024-04-01,False,3395.7948327766844,3332.3,1.9054356683577172
24,2024-05-01,False,3395.896738212353,3332.4,1.9054356683577172
24,2024-06-01,False,3405.2720382938414,3341.6,1.9054356683577172
25,2024-04-01,True,3391.0,3332.3,1.7816467624950298
25,2024-05-01,False,3391.7715967133845,3332.4,1.7816467624950298
25,2024-06-01,False,3401.135508215534,3341.6,1.7816467624950298
26,2024-04-01,True,3375.7,3332.3,1.8076142102986026
26,2024-05-01,True,3386.5,3332.4,1.8076142102986026
26,2024-06-01,False,3402.003236451338,3341.6,1.8076142102986026
27,2024-04-01,True,3384.8,3332.3,1.7457094853091215
27,2024-05-01,True,3389.4,3332.4,1.7457094853091215
27,2024-06-01,True,3406.8,3341.6,1.7457094853091215
28,2024-04-01,True,3384.8,3332.3,1.7457094853091215
28,2024-05-01,True,3389.4,3332.4,1.7457094853091215
28,2024-06-01,True,3406.8,3341.6,1.7457094853091215
29,2024-04-01,False,3387.9469069618613,3332.3,1.6699248855703692
29,2024-05-01,False,3388.048576886747,3332.4,1.6699248855703692
29,2024-06-01,False,3397.402209976219,3341.6,1.6699248855703692
30,2024-04-01,False,3387.9469069618613,3332.3,1.6699248855703692
30,2024-05-01,False,3388.048576886747,3332.4,1.6699248855703692
30,2024-06-01,False,3397.402209976219,3341.6,1.6699248855703692
31,2024-04-01,False,3395.7948327766844,3332.3,1.9054356683577172
31,2024-05-01,False,3395.896738212353,3332.4,1.9054356683577172
31,2024-06-01,False,3405.2720382938414,3341.6,1.9054356683577172
32,2024-04-01,True,3391.0,3332.3,1.7816467624950298
32,2024-05-01,False,3391.7715967133845,3332.4,1.7816467624950298
32,2024-06-01,False,3401.135508215534,3341.6,1.7816467624950298
33,2024-04-01,True,3375.7,3332.3,1.8076142102986026
33,2024-05-01,True,3386.5,3332.4,1.8076142102986026
33,2024-06-01,False,3402.003236451338,3341.6,1.8076142102986026
34,2024-04-01,True,3384.8,3332.3,1.7457094853091215
34,2024-05-01,True,3389.4,3332.4,1.7457094853091215
34,2024-06-01,True,3406.8,3341.6,1.7457094853091215
35,2024-04-01,True,3384.8,3332.3,1.7457094853091215
35,2024-05-01,True,3389.4,3332.4,1.7457094853091215
35,2024-06-01,True,3406.8,3341.6,1.7457094853091215
36,2024-04-01,False,180.99407377380948,174.724,3.5885589694658457
36,2024-05-01,False,182.8172324116721,176.484,3.5885589694658457
36,2024-06-01,False,183.19222299514155,176.846,3.5885589694658457
37,2024-04-01,False,181.0791265977082,174.724,3.6372373558917057
37,2024-05-01,False,182.9031419751719,176.484,3.6372373558917057
37,2024-06-01,False,183.27830877440024,176.846,3.6372373558917057
38,2024-04-01,False,181.0791265977082,174.724,3.6372373558917057
38,2024-05-01,False,182.9031419751719,176.484,3.6372373558917057
38,2024-06-01,False,183.27830877440024,176.846,3.6372373558917057
39,2024-04-01,True,179.28,174.724,3.3391418436950002
39,2024-05-01,False,182.3770510914267,176.484,3.3391418436950002
39,2024-06-01,False,182.75113878490086,176.846,3.3391418436950002
40,2024-04-01,True,179.28,174.724,2.444801296652166
40,2024-05-01,True,178.83,176.484,2.444801296652166
40,2024-06-01,False,181.1695333010775,176.846,2.444801296652166
41,2024-04-01,True,179.28,174.724,1.6583438100702175
41,2024-05-01,True,178.83,176.484,1.6583438100702175
41,2024-06-01,True,178.682,176.846,1.6583438100702175
42,2024-04-01,True,179.28,174.724,1.6583438100702175
42,2024-05-01,True,178.83,176.484,1.6583438100702175
42,2024-06-01,True,178.682,176.846,1.6583438100702175
43,2024-04-01,False,180.99407377380948,174.724,3.5885589694658457
43,2024-05-01,False,182.8172324116721,176.484,3.5885589694658457
43,2024-06-01,False,183.19222299514155,176.846,3.5885589694658457
44,2024-04-01,False,181.0791265977082,174.724,3.6372373558917057
44,2024-05-01,False,182.9031419751719,176.484,3.6372373558917057
44,2024-06-01,False,183.27830877440024,176.846,3.6372373558917057
45,2024-04-01,False,181.0791265977082,174.724,3.6372373558917057
45,2024-05-01,False,182.9031419751719,176.484,3.6372373558917057
45,2024-06-01,False,183.27830877440024,176.846,3.6372373558917057
46,2024-04-01,True,179.28,174.724,3.3391418436950002
46,2024-05-01,False,182.3770510914267,176.484,3.3391418436950002
46,2024-06-01,False,182.75113878490086,176.846,3.3391418436950002
47,2024-04-01,True,179.28,174.724,2.444801296652166
47,2024-05-01,True,178.83,176.484,2.444801296652166
47,2024-06-01,False,181.1695333010775,176.846,2.444801296652166
48,2024-04-01,True,179.28,174.724,1.6583438100702175
48,2024-05-01,True,178.83,176.484,1.6583438100702175
48,2024-06-01,True,178.682,176.846,1.6583438100702175
49,2024-04-01,True,179.28,174.724,1.6583438100702175
49,2024-05-01,True,178.83,176.484,1.6583438100702175
49,2024-06-01,True,178.682,176.846,1.6583438100702175
50,2024-04-01,False,37462.987075483936,35542.0,5.40483674380714
50,2024-05-01,False,37869.84974531503,35928.0,5.40483674380714
50,2024-06-01,False,37966.82219511933,36020.0,5.40483674380714
51,2024-04-01,False,36502.76465159399,35542.0,2.703181170429329
51,2024-05-01,False,36899.19893091185,35928.0,2.703181170429329
51,2024-06-01,False,36993.68585758864,36020.0,2.703181170429329
52,2024-04-01,False,36502.76465159399,35542.0,2.703181170429329
52,2024-05-01,False,36899.19893091185,35928.0,2.703181170429329
52,2024-06-01,False,36993.68585758864,36020.0,2.703181170429329
53,2024-04-01,False,36857.55475563922,36036.0,2.2798167267155627
53,2024-05-01,False,37134.73305896862,36307.0,2.2798167267155627
53,2024-06-01,False,37129.619068132284,36302.0,2.2798167267155627
54,2024-04-01,True,36004.0,36112.0,0.9349810628871746
54,2024-05-01,False,36646.46357450245,36307.0,0.9349810628871746
54,2024-06-01,False,36641.416825449305,36302.0,0.9349810628871746
55,2024-04-01,True,36091.0,36074.0,0.28431670266137277
55,2024-05-01,True,36141.0,36378.0,0.28431670266137277
55,2024-06-01,False,36405.212649400135,36302.0,0.28431670266137277
56,2024-04-01,True,36117.0,36074.0,0.089848138600405
56,2024-05-01,True,36226.0,36414.0,0.089848138600405
56,2024-06-01,True,36544.0,36302.0,0.089848138600405
57,2024-04-01,True,36117.0,36074.0,0.089848138600405
57,2024-05-01,True,36226.0,36414.0,0.089848138600405
57,2024-06-01,True,36544.0,36302.0,0.089848138600405
58,2024-04-01,False,37462.987075483936,35542.0,5.40483674380714
58,2024-05-01,False,37869.84974531503,35928.0,5.40483674380714
58,2024-06-01,False,37966.82219511933,36020.0,5.40483674380714
59,2024-04-01,False,36502.76465159399,35542.0,2.703181170429329
59,2024-05-01,False,36899.19893091185,35928.0,2.703181170429329
59,2024-06-01,False,36993.68585758864,36020.0,2.703181170429329
60,2024-04-01,False,36502.76465159399,35542.0,2.703181170429329
60,2024-05-01,False,36899.19893091185,35928.0,2.703181170429329
60,2024-06-01,False,36993.68585758864,36020.0,2.703181170429329
61,2024-04-01,False,36857.55475563922,36036.0,2.2798167267155627
61,2024-05-01,False,37134.73305896862,36307.0,2.2798167267155627
61,2024-06-01,False,37129.619068132284,36302.0,2.2798167267155627
62,2024-04-01,True,36004.0,36112.0,0.9349810628871746
62,2024-05-01,False,36646.46357450245,36307.0,0.9349810628871746
62,2024-06-01,False,36641.416825449305,36302.0,0.9349810628871746
63,2024-04-01,True,36091.0,36074.0,0.28431670266137277
63,2024-05-01,True,36141.0,36378.0,0.28431670266137277
63,2024-06-01,False,36405.212649400135,36302.0,0.28431670266137277
64,2024-04-01,True,36117.0,36074.0,0.089848138600405
64,2024-05-01,True,36226.0,36414.0,0.089848138600405
64,2024-06-01,True,36544.0,36302.0,0.089848138600405
65,2024-04-01,True,36117.0,36074.0,0.089848138600405
65,2024-05-01,True,36226.0,36414.0,0.089848138600405
65,2024-06-01,True,36544.0,36302.0,0.089848138600405
66,2024-07-01,False,3424.2991039633935,3363.5,1.8076142102986026
66,2024-08-01,False,3423.07741259287,3362.3,1.8076142102986026
66,2024-09-01,False,3437.126863353891,3376.1,1.8076142102986026
67,2024-07-01,False,3422.2169385383722,3363.5,1.7457094853091215
67,2024-08-01,False,3420.995990024549,3362.3,1.7457094853091215
67,2024-09-01,False,3435.0368979335212,3376.1,1.7457094853091215
68,2024-07-01,False,3422.2169385383722,3363.5,1.7457094853091215
68,2024-08-01,False,3420.995990024549,3362.3,1.7457094853091215
68,2024-09-01,False,3435.0368979335212,3376.1,1.7457094853091215
69,2024-07-01,True,3421.7,3363.5,1.9501824084347936
69,2024-08-01,False,3427.870983118803,3362.3,1.9501824084347936
69,2024-09-01,False,3441.940108291167,3376.1,1.9501824084347936
70,2024-07-01,True,3419.5,3345.0,2.1970378321914286
70,2024-08-01,True,3420.8,3347.7,2.1970378321914286
70,2024-09-01,False,3435.966608956108,3362.1,2.1970378321914286
71,2024-07-01,True,3419.5,3345.0,2.1970378321914286
71,2024-08-01,True,3420.8,3347.7,2.1970378321914286
71,2024-09-01,False,3435.966608956108,3362.1,2.1970378321914286
72,2024-07-01,False,3424.2991039633935,3363.5,1.8076142102986026
72,2024-08-01,False,3423.07741259287,3362.3,1.8076142102986026
72,2024-09-01,False,3437.126863353891,3376.1,1.8076142102986026
73,2024-07-01,False,3422.2169385383722,3363.5,1.7457094853091215
73,2024-08-01,False,3420.995990024549,3362.3,1.7457094853091215
73,2024-09-01,False,3435.0368979335212,3376.1,1.7457094853091215
74,2024-07-01,False,3422.2169385383722,3363.5,1.7457094853091215
74,2024-08-01,False,3420.995990024549,3362.3,1.7457094853091215
74,2024-09-01,False,3435.0368979335212,3376.1,1.7457094853091215
75,2024-07-01,True,3421.7,3363.5,1.9501824084347936
75,2024-08-01,False,3427.870983118803,3362.3,1.9501824084347936
75,2024-09-01,False,3441.940108291167,3376.1,1.9501824084347936
76,2024-07-01,True,3419.5,3345.0,2.1970378321914286
76,2024-08-01,True,3420.8,3347.7,2.1970378321914286
76,2024-09-01,False,3435.966608956108,3362.1,2.1970378321914286
77,2024-07-01,True,3419.5,3345.0,2.1970378321914286
77,2024-08-01,True,3420.8,3347.7,2.1970378321914286
77,2024-09-01,False,3435.966608956108,3362.1,2.1970378321914286
78,2024-07-01,False,3424.2991039633935,3363.5,1.8076142102986026
78,2024-08-01,False,3423.07741259287,3362.3,1.8076142102986026
78,2024-09-01,False,3437.126863353891,3376.1,1.8076142102986026
79,2024-07-01,False,3422.2169385383722,3363.5,1.7457094853091215
79,2024-08-01,False,3420.995990024549,3362.3,1.7457094853091215
79,2024-09-01,False,3435.0368979335212,3376.1,1.7457094853091215
80,2024-07-01,False,3422.2169385383722,3363.5,1.7457094853091215
80,2024-08-01,False,3420.995990024549,3362.3,1.7457094853091215
80,2024-09-01,False,3435.0368979335212,3376.1,1.7457094853091215
81,2024-07-01,True,3421.7,3363.5,1.9501824084347936
81,2024-08-01,False,3427.870983118803,3362.3,1.9501824084347936
81,2024-09-01,False,3441.940108291167,3376.1,1.9501824084347936
82,2024-07-01,True,3419.5,3345.0,2.1970378321914286
82,2024-08-01,True,3420.8,3347.7,2.1970378321914286
82,2024-09-01,False,3435.966608956108,3362.1,2.1970378321914286
83,2024-07-01,True,3419.5,3345.0,2.1970378321914286
83,2024-08-01,True,3420.8,3347.7,2.1970378321914286
83,2024-09-01,False,3435.966608956108,3362.1,2.1970378321914286
84,2024-07-01,False,3424.2991039633935,3363.5,1.8076142102986026
84,2024-08-01,False,3423.07741259287,3362.3,1.8076142102986026
84,2024-09-01,False,3437.126863353891,3376.1,1.8076142102986026
85,2024-07-01,False,3422.2169385383722,3363.5,1.7457094853091215
85,2024-08-01,False,3420.995990024549,3362.3,1.7457094853091215
85,2024-09-01,False,3435.0368979335212,3376.1,1.7457094853091215
86,2024-07-01,False,3422.2169385383722,3363.5,1.7457094853091215
86,2024-08-01,False,3420.995990024549,3362.3,1.7457094853091215
86,2024-09-01,False,3435.0368979335212,3376.1,1.7457094853091215
87,2024-07-01,True,3421.7,3363.5,1.9501824084347936
87,2024-08-01,False,3427.870983118803,3362.3,1.9501824084347936
87,2024-09-01,False,3441.940108291167,3376.1,1.9501824084347936
88,2024-07-01,True,3419.5,3345.0,2.1970378321914286
88,2024-08-01,True,3420.8,3347.7,2.1970378321914286
88,2024-09-01,False,3435.966608956108,3362.1,2.1970378321914286
89,2024-07-01,True,3419.5,3345.0,2.1970378321914286
89,2024-08-01,True,3420.8,3347.7,2.1970378321914286
89,2024-09-01,False,3435.966608956108,3362.1,2.1970378321914286
90,2024-07-01,False,3424.2991039633935,3363.5,1.8076142102986026
90,2024-08-01,False,3423.07741259287,3362.3,1.8076142102986026
90,2024-09-01,False,3437.126863353891,3376.1,1.8076142102986026
91,2024-07-01,False,3422.2169385383722,3363.5,1.7457094853091215
91,2024-08-01,False,3420.995990024549,3362.3,1.7457094853091215
91,2024-09-01,False,3435.0368979335212,3376.1,1.7457094853091215
92,2024-07-01,False,3422.2169385383722,3363.5,1.7457094853091215
92,2024-08-01,False,3420.995990024549,3362.3,1.7457094853091215
92,2024-09-01,False,3435.0368979335212,3376.1,1.7457094853091215
93,2024-07-01,True,3421.7,3363.5,1.9501824084347936
93,2024-08-01,False,3427.870983118803,3362.3,1.9501824084347936
93,2024-09-01,False,3441.940108291167,3376.1,1.9501824084347936
94,2024-07-01,True,3419.5,3345.0,2.1970378321914286
94,2024-08-01,True,3420.8,3347.7,2.1970378321914286
94,2024-09-01,False,3435.966608956108,3362.1,2.1970378321914286
95,2024-07-01,True,3419.5,3345.0,2.1970378321914286
95,2024-08-01,True,3420.8,3347.7,2.1970378321914286
95,2024-09-01,False,3435.966608956108,3362.1,2.1970378321914286
96,2024-07-01,False,181.99421395151555,177.651,2.444801296652166
96,2024-08-01,False,182.49516902985616,178.14,2.444801296652166
96,2024-09-01,False,183.27170062368478,178.898,2.444801296652166
97,2024-07-01,False,180.59706436202785,177.651,1.6583438100702175
97,2024-08-01,False,181.09417366325908,178.14,1.6583438100702175
97,2024-09-01,False,181.8647439093394,178.898,1.6583438100702175
98,2024-07-01,False,180.59706436202785,177.651,1.6583438100702175
98,2024-08-01,False,181.09417366325908,178.14,1.6583438100702175
98,2024-09-01,False,181.8647439093394,178.898,1.6583438100702175
99,2024-07-01,True,179.079,177.651,1.0571045401668533
99,2024-08-01,False,180.0231260278532,178.14,1.0571045401668533
99,2024-09-01,False,180.7891388802677,178.898,1.0571045401668533
100,2024-07-01,True,179.079,177.651,0.6723859310209617
100,2024-08-01,True,178.452,178.14,0.6723859310209617
100,2024-09-01,False,180.1008849828779,178.898,0.6723859310209617
101,2024-07-01,True,179.079,177.651,0.37402155803477244
101,2024-08-01,True,178.452,178.14,0.37402155803477244
101,2024-09-01,True,179.154,178.898,0.37402155803477244
102,2024-07-01,True,179.079,177.651,0.37402155803477244
102,2024-08-01,True,178.452,178.14,0.37402155803477244
102,2024-09-01,True,179.154,178.898,0.37402155803477244
103,2024-07-01,False,181.99421395151555,177.651,2.444801296652166
103,2024-08-01,False,182.49516902985616,178.14,2.444801296652166
103,2024-09-01,False,183.27170062368478,178.898,2.444801296652166
104,2024-07-01,False,180.59706436202785,177.651,1.6583438100702175
104,2024-08-01,False,181.09417366325908,178.14,1.6583438100702175
104,2024-09-01,False,181.8647439093394,178.898,1.6583438100702175
105,2024-07-01,False,180.59706436202785,177.651,1.6583438100702175
105,2024-08-01,False,181.09417366325908,178.14,1.6583438100702175
105,2024-09-01,False,181.8647439093394,178.898,1.6583438100702175
106,2024-07-01,True,179.079,177.651,1.0571045401668533
106,2024-08-01,False,180.0231260278532,178.14,1.0571045401668533
106,2024-09-01,False,180.7891388802677,178.898,1.0571045401668533
107,2024-07-01,True,179.079,177.651,0.6723859310209617
107,2024-08-01,True,178.452,178.14,0.6723859310209617
107,2024-09-01,False,180.1008849828779,178.898,0.6723859310209617
108,2024-07-01,True,179.079,177.651,0.37402155803477244
108,2024-08-01,True,178.452,178.14,0.37402155803477244
108,2024-09-01,True,179.154,178.898,0.37402155803477244
109,2024-07-01,True,179.079,177.651,0.37402155803477244
109,2024-08-01,True,178.452,178.14,0.37402155803477244
109,2024-09-01,True,179.154,178.898,0.37402155803477244
110,2024-07-01,False,36095.334110788914,35993.0,0.28431670266137277
110,2024-08-01,False,36770.24756219782,36666.0,0.28431670266137277
110,2024-09-01,False,36859.50060406319,36755.0,0.28431670266137277
111,2024-07-01,False,36025.33904052644,35993.0,0.089848138600405
111,2024-08-01,False,36698.94371849922,36666.0,0.089848138600405
111,2024-09-01,False,36788.02368334258,36755.0,0.089848138600405
112,2024-07-01,False,36025.33904052644,35993.0,0.089848138600405
112,2024-08-01,False,36698.94371849922,36666.0,0.089848138600405
112,2024-09-01,False,36788.02368334258,36755.0,0.089848138600405
113,2024-07-01,True,37113.0,35881.0,1.816414458357481
113,2024-08-01,False,37332.00652530135,36666.0,1.816414458357481
113,2024-09-01,False,37422.62313416929,36755.0,1.816414458357481
114,2024-07-01,True,37543.0,35844.0,3.269310346680143
114,2024-08-01,True,37797.0,36521.0,3.269310346680143
114,2024-09-01,False,37956.635017922286,36755.0,3.269310346680143
115,2024-07-01,True,37605.0,35844.0,4.277630284581665
115,2024-08-01,True,37820.0,36593.0,4.277630284581665
115,2024-09-01,True,38238.0,36568.0,4.277630284581665
116,2024-07-01,False,36095.334110788914,35993.0,0.28431670266137277
116,2024-08-01,False,36770.24756219782,36666.0,0.28431670266137277
116,2024-09-01,False,36859.50060406319,36755.0,0.28431670266137277
117,2024-07-01,False,36025.33904052644,35993.0,0.089848138600405
117,2024-08-01,False,36698.94371849922,36666.0,0.089848138600405
117,2024-09-01,False,36788.02368334258,36755.0,0.089848138600405
118,2024-07-01,False,36025.33904052644,35993.0,0.089848138600405
118,2024-08-01,False,36698.94371849922,36666.0,0.089848138600405
118,2024-09-01,False,36788.02368334258,36755.0,0.089848138600405
119,2024-07-01,True,37113.0,35881.0,1.816414458357481
119,2024-08-01,False,37332.00652530135,36666.0,1.816414458357481
119,2024-09-01,False,37422.62313416929,36755.0,1.816414458357481
120,2024-07-01,True,37543.0,35844.0,3.269310346680143
120,2024-08-01,True,37797.0,36521.0,3.269310346680143
120,2024-09-01,False,37956.635017922286,36755.0,3.269310346680143
121,2024-07-01,True,37605.0,35844.0,4.277630284581665
121,2024-08-01,True,37820.0,36593.0,4.277630284581665
121,2024-09-01,True,38238.0,36568.0,4.277630284581665
122,2024-10-01,False,3443.6313867935223,3369.6,2.1970378321914286
122,2024-11-01,False,3449.9676031391186,3375.8,2.1970378321914286
122,2024-12-01,False,3474.3926951810117,3399.7,2.1970378321914286
123,2024-10-01,False,3443.6313867935223,3369.6,2.1970378321914286
123,2024-11-01,False,3449.9676031391186,3375.8,2.1970378321914286
123,2024-12-01,False,3474.3926951810117,3399.7,2.1970378321914286
124,2024-10-01,False,3447.5729947490663,3369.6,2.314013376930972
124,2024-11-01,False,3453.9164635784364,3375.8,2.314013376930972
124,2024-12-01,False,3478.3695127755223,3399.7,2.314013376930972
125,2024-10-01,True,3444.7,3369.6,2.2278080717336683
125,2024-11-01,False,3451.0063448855853,3375.8,2.2278080717336683
125,2024-12-01,False,3475.4387910147293,3399.7,2.2278080717336683
126,2024-10-01,True,3442.5,3369.6,2.3134618459836735
126,2024-11-01,True,3448.5,3375.8,2.3134618459836735
126,2024-12-01,False,3478.3507623779064,3399.7,2.3134618459836735
127,2024-10-01,True,3442.5,3369.6,2.3134618459836735
127,2024-11-01,True,3448.5,3375.8,2.3134618459836735
127,2024-12-01,False,3478.3507623779064,3399.7,2.3134618459836735
128,2024-10-01,False,3443.6313867935223,3369.6,2.1970378321914286
128,2024-11-01,False,3449.9676031391186,3375.8,2.1970378321914286
128,2024-12-01,False,3474.3926951810117,3399.7,2.1970378321914286
129,2024-10-01,False,3443.6313867935223,3369.6,2.1970378321914286
129,2024-11-01,False,3449.9676031391186,3375.8,2.1970378321914286
129,2024-12-01,False,3474.3926951810117,3399.7,2.1970378321914286
130,2024-10-01,False,3447.5729947490663,3369.6,2.314013376930972
130,2024-11-01,False,3453.9164635784364,3375.8,2.314013376930972
130,2024-12-01,False,3478.3695127755223,3399.7,2.314013376930972
131,2024-10-01,True,3444.7,3369.6,2.2278080717336683
131,2024-11-01,False,3451.0063448855853,3375.8,2.2278080717336683
131,2024-12-01,False,3475.4387910147293,3399.7,2.2278080717336683
132,2024-10-01,True,3442.5,3369.6,2.3134618459836735
132,2024-11-01,True,3448.5,3375.8,2.3134618459836735
132,2024-12-01,False,3478.3507623779064,3399.7,2.3134618459836735
133,2024-10-01,True,3442.5,3369.6,2.3134618459836735
133,2024-11-01,True,3448.5,3375.8,2.3134618459836735
133,2024-12-01,False,3478.3507623779064,3399.7,2.3134618459836735
134,2024-10-01,False,3443.6313867935223,3369.6,2.1970378321914286
134,2024-11-01,False,3449.9676031391186,3375.8,2.1970378321914286
134,2024-12-01,False,3474.3926951810117,3399.7,2.1970378321914286
135,2024-10-01,False,3443.6313867935223,3369.6,2.1970378321914286
135,2024-11-01,False,3449.9676031391186,3375.8,2.1970378321914286
135,2024-12-01,False,3474.3926951810117,3399.7,2.1970378321914286
136,2024-10-01,False,3447.5729947490663,3369.6,2.314013376930972
136,2024-11-01,False,3453.9164635784364,3375.8,2.314013376930972
136,2024-12-01,False,3478.3695127755223,3399.7,2.314013376930972
137,2024-10-01,True,3444.7,3369.6,2.2278080717336683
137,2024-11-01,False,3451.0063448855853,3375.8,2.2278080717336683
137,2024-12-01,False,3475.4387910147293,3399.7,2.2278080717336683
138,2024-10-01,True,3442.5,3369.6,2.3134618459836735
138,2024-11-01,True,3448.5,3375.8,2.3134618459836735
138,2024-12-01,False,3478.3507623779064,3399.7,2.3134618459836735
139,2024-10-01,True,3442.5,3369.6,2.3134618459836735
139,2024-11-01,True,3448.5,3375.8,2.3134618459836735
139,2024-12-01,False,3478.3507623779064,3399.7,2.3134618459836735
140,2024-10-01,False,3443.6313867935223,3369.6,2.1970378321914286
140,2024-11-01,False,3449.9676031391186,3375.8,2.1970378321914286
140,2024-12-01,False,3474.3926951810117,3399.7,2.1970378321914286
141,2024-10-01,False,3443.6313867935223,3369.6,2.1970378321914286
141,2024-11-01,False,3449.9676031391186,3375.8,2.1970378321914286
141,2024-12-01,False,3474.3926951810117,3399.7,2.1970378321914286
142,2024-10-01,False,3447.5729947490663,3369.6,2.314013376930972
142,2024-11-01,False,3453.9164635784364,3375.8,2.314013376930972
142,2024-12-01,False,3478.3695127755223,3399.7,2.314013376930972
143,2024-10-01,True,3444.7,3369.6,2.2278080717336683
143,2024-11-01,False,3451.0063448855853,3375.8,2.2278080717336683
143,2024-12-01,False,3475.4387910147293,3399.7,2.2278080717336683
144,2024-10-01,True,3442.5,3369.6,2.3134618459836735
144,2024-11-01,True,3448.5,3375.8,2.3134618459836735
144,2024-12-01,False,3478.3507623779064,3399.7,2.3134618459836735
145,2024-10-01,True,3442.5,3369.6,2.3134618459836735
145,2024-11-01,True,3448.5,3375.8,2.3134618459836735
145,2024-12-01,False,3478.3507623779064,3399.7,2.3134618459836735
146,2024-10-01,False,3443.6313867935223,3369.6,2.1970378321914286
146,2024-11-01,False,3449.9676031391186,3375.8,2.1970378321914286
146,2024-12-01,False,3474.3926951810117,3399.7,2.1970378321914286
147,2024-10-01,False,3443.6313867935223,3369.6,2.1970378321914286
147,2024-11-01,False,3449.9676031391186,3375.8,2.1970378321914286
147,2024-12-01,False,3474.3926951810117,3399.7,2.1970378321914286
148,2024-10-01,False,3447.5729947490663,3369.6,2.314013376930972
148,2024-11-01,False,3453.9164635784364,3375.8,2.314013376930972
148,2024-12-01,False,3478.3695127755223,3399.7,2.314013376930972
149,2024-10-01,True,3444.7,3369.6,2.2278080717336683
149,2024-11-01,False,3451.0063448855853,3375.8,2.2278080717336683
149,2024-12-01,False,3475.4387910147293,3399.7,2.2278080717336683
150,2024-10-01,True,3442.5,3369.6,2.3134618459836735
150,2024-11-01,True,3448.5,3375.8,2.3134618459836735
150,2024-12-01,False,3478.3507623779064,3399.7,2.3134618459836735
151,2024-10-01,True,3442.5,3369.6,2.3134618459836735
151,2024-11-01,True,3448.5,3375.8,2.3134618459836735
151,2024-12-01,False,3478.3507623779064,3399.7,2.3134618459836735
152,2024-10-01,False,180.8247194377219,179.617,0.6723859310209617
152,2024-11-01,False,179.75356525141586,178.553,0.6723859310209617
152,2024-12-01,False,177.80756803136924,176.62,0.6723859310209617
153,2024-10-01,False,180.2888063018953,179.617,0.37402155803477244
153,2024-11-01,False,179.2208267125178,178.553,0.37402155803477244
153,2024-12-01,False,177.280596875801,176.62,0.37402155803477244
154,2024-10-01,False,180.2888063018953,179.617,0.37402155803477244
154,2024-11-01,False,179.2208267125178,178.553,0.37402155803477244
154,2024-12-01,False,177.280596875801,176.62,0.37402155803477244
155,2024-10-01,True,179.634,179.617,0.1092353435465802
155,2024-11-01,False,178.74804298296274,178.553,0.1092353435465802
155,2024-12-01,False,176.81293146377197,176.62,0.1092353435465802
156,2024-10-01,True,179.634,179.617,0.21719146092865996
156,2024-11-01,True,179.444,178.553,0.21719146092865996
156,2024-12-01,False,177.0036035582922,176.62,0.21719146092865996
157,2024-10-01,True,179.634,179.617,0.3423678809859535
157,2024-11-01,True,179.444,178.553,0.3423678809859535
157,2024-12-01,True,177.536,176.62,0.3423678809859535
158,2024-10-01,True,179.634,179.617,0.3423678809859535
158,2024-11-01,True,179.444,178.553,0.3423678809859535
158,2024-12-01,True,177.536,176.62,0.3423678809859535
159,2024-10-01,False,180.8247194377219,179.617,0.6723859310209617
159,2024-11-01,False,179.75356525141586,178.553,0.6723859310209617
159,2024-12-01,False,177.80756803136924,176.62,0.6723859310209617
160,2024-10-01,False,180.2888063018953,179.617,0.37402155803477244
160,2024-11-01,False,179.2208267125178,178.553,0.37402155803477244
160,2024-12-01,False,177.280596875801,176.62,0.37402155803477244
161,2024-10-01,False,180.2888063018953,179.617,0.37402155803477244
161,2024-11-01,False,179.2208267125178,178.553,0.37402155803477244
161,2024-12-01,False,177.280596875801,176.62,0.37402155803477244
162,2024-10-01,True,179.634,179.617,0.1092353435465802
162,2024-11-01,False,178.74804298296274,178.553,0.1092353435465802
162,2024-12-01,False,176.81293146377197,176.62,0.1092353435465802
163,2024-10-01,True,179.634,179.617,0.21719146092865996
163,2024-11-01,True,179.444,178.553,0.21719146092865996
163,2024-12-01,False,177.0036035582922,176.62,0.21719146092865996
164,2024-10-01,True,179.634,179.617,0.3423678809859535
164,2024-11-01,True,179.444,178.553,0.3423678809859535
164,2024-12-01,True,177.536,176.62,0.3423678809859535
165,2024-10-01,True,179.634,179.617,0.3423678809859535
165,2024-11-01,True,179.444,178.553,0.3423678809859535
165,2024-12-01,True,177.536,176.62,0.3423678809859535
166,2024-10-01,False,38836.489542076,37607.0,3.269310346680143
166,2024-11-01,False,38679.520190349045,37455.0,3.269310346680143
166,2024-12-01,False,38002.073514474825,36799.0,3.269310346680143
167,2024-10-01,False,39215.68842112262,37607.0,4.277630284581665
167,2024-11-01,False,39057.18642309006,37455.0,4.277630284581665
167,2024-12-01,False,38373.125168423205,36799.0,4.277630284581665
168,2024-10-01,False,39215.68842112262,37607.0,4.277630284581665
168,2024-11-01,False,39057.18642309006,37455.0,4.277630284581665
168,2024-12-01,False,38373.125168423205,36799.0,4.277630284581665
169,2024-10-01,True,38179.0,37570.0,3.4374068880820654
169,2024-11-01,False,38742.48074993114,37455.0,3.4374068880820654
169,2024-12-01,False,38063.93136074532,36799.0,3.4374068880820654
170,2024-10-01,True,38099.0,37533.0,2.89445786126461
170,2024-11-01,True,38083.0,37417.0,2.89445786126461
170,2024-12-01,False,37864.131548366764,36799.0,2.89445786126461
171,2024-10-01,True,38057.0,37533.0,2.3333601668064237
171,2024-11-01,True,38153.0,37342.0,2.3333601668064237
171,2024-12-01,True,38062.0,36799.0,2.3333601668064237
172,2024-10-01,True,38057.0,37533.0,2.3333601668064237
172,2024-11-01,True,38153.0,37342.0,2.3333601668064237
172,2024-12-01,True,38062.0,36799.0,2.3333601668064237
173,2024-10-01,False,38836.489542076,37607.0,3.269310346680143
173,2024-11-01,False,38679.520190349045,37455.0,3.269310346680143
173,2024-12-01,False,38002.073514474825,36799.0,3.269310346680143
174,2024-10-01,False,39215.68842112262,37607.0,4.277630284581665
174,2024-11-01,False,39057.18642309006,37455.0,4.277630284581665
174,2024-12-01,False,38373.125168423205,36799.0,4.277630284581665
175,2024-10-01,False,39215.68842112262,37607.0,4.277630284581665
175,2024-11-01,False,39057.18642309006,37455.0,4.277630284581665
175,2024-12-01,False,38373.125168423205,36799.0,4.277630284581665
176,2024-10-01,True,38179.0,37570.0,3.4374068880820654
176,2024-11-01,False,38742.48074993114,37455.0,3.4374068880820654
176,2024-12-01,False,38063.93136074532,36799.0,3.4374068880820654
177,2024-10-01,True,38099.0,37533.0,2.89445786126461
177,2024-11-01,True,38083.0,37417.0,2.89445786126461
177,2024-12-01,False,37864.131548366764,36799.0,2.89445786126461
178,2024-10-01,True,38057.0,37533.0,2.3333601668064237
178,2024-11-01,True,38153.0,37342.0,2.3333601668064237
178,2024-12-01,True,38062.0,36799.0,2.3333601668064237
179,2024-10-01,True,38057.0,37533.0,2.3333601668064237
179,2024-11-01,True,38153.0,37342.0,2.3333601668064237
179,2024-12-01,True,38062.0,36799.0,2.3333601668064237
180,2025-01-01,False,3453.488591149333,3375.4,2.3134618459836735
180,2025-02-01,False,3433.6397795512116,3356.0,2.3134618459836735
180,2025-03-01,False,3470.677252739458,3392.2,2.3134618459836735
181,2025-01-01,False,3453.488591149333,3375.4,2.3134618459836735
181,2025-02-01,False,3433.6397795512116,3356.0,2.3134618459836735
181,2025-03-01,False,3470.677252739458,3392.2,2.3134618459836735
182,2025-01-01,False,3452.233276969293,3375.4,2.2762717594742243
182,2025-02-01,False,3432.391680247955,3356.0,2.2762717594742243
182,2025-03-01,False,3469.4156906248845,3392.2,2.2762717594742243
183,2025-01-01,True,3442.8,3375.4,2.023380975938564
183,2025-02-01,False,3423.9046655524985,3356.0,2.023380975938564
183,2025-03-01,False,3460.837129465788,3392.2,2.023380975938564
184,2025-01-01,True,3443.8,3375.4,2.4263020900480674
184,2025-02-01,True,3461.1,3356.0,2.4263020900480674
184,2025-03-01,False,3474.50501949861,3392.2,2.4263020900480674
185,2025-01-01,True,3443.8,3375.4,2.4263020900480674
185,2025-02-01,True,3461.1,3356.0,2.4263020900480674
185,2025-03-01,False,3474.50501949861,3392.2,2.4263020900480674
186,2025-01-01,False,3453.488591149333,3375.4,2.3134618459836735
186,2025-02-01,False,3433.6397795512116,3356.0,2.3134618459836735
186,2025-03-01,False,3470.677252739458,3392.2,2.3134618459836735
187,2025-01-01,False,3453.488591149333,3375.4,2.3134618459836735
187,2025-02-01,False,3433.6397795512116,3356.0,2.3134618459836735
187,2025-03-01,False,3470.677252739458,3392.2,2.3134618459836735
188,2025-01-01,False,3452.233276969293,3375.4,2.2762717594742243
188,2025-02-01,False,3432.391680247955,3356.0,2.2762717594742243
188,2025-03-01,False,3469.4156906248845,3392.2,2.2762717594742243
189,2025-01-01,True,3442.8,3375.4,2.023380975938564
189,2025-02-01,False,3423.9046655524985,3356.0,2.023380975938564
189,2025-03-01,False,3460.837129465788,3392.2,2.023380975938564
190,2025-01-01,True,3443.8,3375.4,2.4263020900480674
190,2025-02-01,True,3461.1,3356.0,2.4263020900480674
190,2025-03-01,False,3474.50501949861,3392.2,2.4263020900480674
191,2025-01-01,True,3443.8,3375.4,2.4263020900480674
191,2025-02-01,True,3461.1,3356.0,2.4263020900480674
191,2025-03-01,False,3474.50501949861,3392.2,2.4263020900480674
192,2025-01-01,False,3453.488591149333,3375.4,2.3134618459836735
192,2025-02-01,False,3433.6397795512116,3356.0,2.3134618459836735
192,2025-03-01,False,3470.677252739458,3392.2,2.3134618459836735
193,2025-01-01,False,3453.488591149333,3375.4,2.3134618459836735
193,2025-02-01,False,3433.6397795512116,3356.0,2.3134618459836735
193,2025-03-01,False,3470.677252739458,3392.2,2.3134618459836735
194,2025-01-01,False,3452.233276969293,3375.4,2.2762717594742243
194,2025-02-01,False,3432.391680247955,3356.0,2.2762717594742243
194,2025-03-01,False,3469.4156906248845,3392.2,2.2762717594742243
195,2025-01-01,True,3442.8,3375.4,2.023380975938564
195,2025-02-01,False,3423.9046655524985,3356.0,2.023380975938564
195,2025-03-01,False,3460.837129465788,3392.2,2.023380975938564
196,2025-01-01,True,3443.8,3375.4,2.4263020900480674
196,2025-02-01,True,3461.1,3356.0,2.4263020900480674
196,2025-03-01,False,3474.50501949861,3392.2,2.4263020900480674
197,2025-01-01,True,3443.8,3375.4,2.4263020900480674
197,2025-02-01,True,3461.1,3356.0,2.4263020900480674
197,2025-03-01,False,3474.50501949861,3392.2,2.4263020900480674
198,2025-01-01,False,3453.488591149333,3375.4,2.3134618459836735
198,2025-02-01,False,3433.6397795512116,3356.0,2.3134618459836735
198,2025-03-01,False,3470.677252739458,3392.2,2.3134618459836735
199,2025-01-01,False,3453.488591149333,3375.4,2.3134618459836735
199,2025-02-01,False,3433.6397795512116,3356.0,2.3134618459836735
199,2025-03-01,False,3470.677252739458,3392.2,2.3134618459836735
200,2025-01-01,False,3452.233276969293,3375.4,2.2762717594742243
200,2025-02-01,False,3432.391680247955,3356.0,2.2762717594742243
200,2025-03-01,False,3469.4156906248845,3392.2,2.2762717594742243
201,2025-01-01,True,3442.8,3375.4,2.023380975938564
201,2025-02-01,False,3423.9046655524985,3356.0,2.023380975938564
201,2025-03-01,False,3460.837129465788,3392.2,2.023380975938564
202,2025-01-01,True,3443.8,3375.4,2.4263020900480674
202,2025-02-01,True,3461.1,3356.0,2.4263020900480674
202,2025-03-01,False,3474.50501949861,3392.2,2.4263020900480674
203,2025-01-01,True,3443.8,3375.4,2.4263020900480674
203,2025-02-01,True,3461.1,3356.0,2.4263020900480674
203,2025-03-01,False,3474.50501949861,3392.2,2.4263020900480674
204,2025-01-01,False,3453.488591149333,3375.4,2.3134618459836735
204,2025-02-01,False,3433.6397795512116,3356.0,2.3134618459836735
204,2025-03-01,False,3470.677252739458,3392.2,2.3134618459836735
205,2025-01-01,False,3453.488591149333,3375.4,2.3134618459836735
205,2025-02-01,False,3433.6397795512116,3356.0,2.3134618459836735
205,2025-03-01,False,3470.677252739458,3392.2,2.3134618459836735
206,2025-01-01,False,3452.233276969293,3375.4,2.2762717594742243
206,2025-02-01,False,3432.391680247955,3356.0,2.2762717594742243
206,2025-03-01,False,3469.4156906248845,3392.2,2.2762717594742243
207,2025-01-01,True,3442.8,3375.4,2.023380975938564
207,2025-02-01,False,3423.9046655524985,3356.0,2.023380975938564
207,2025-03-01,False,3460.837129465788,3392.2,2.023380975938564
208,2025-01-01,True,3443.8,3375.4,2.4263020900480674
208,2025-02-01,True,3461.1,3356.0,2.4263020900480674
208,2025-03-01,False,3474.50501949861,3392.2,2.4263020900480674
209,2025-01-01,True,3443.8,3375.4,2.4263020900480674
209,2025-02-01,True,3461.1,3356.0,2.4263020900480674
209,2025-03-01,False,3474.50501949861,3392.2,2.4263020900480674
210,2025-01-01,False,177.9316147512204,177.546,0.21719146092865996
210,2025-02-01,False,179.70044818050582,179.311,0.21719146092865996
210,2025-03-01,False,180.09630608677645,179.706,0.21719146092865996
211,2025-01-01,False,178.15386047797531,177.546,0.3423678809859535
211,2025-02-01,False,179.92490327107475,179.311,0.3423678809859535
211,2025-03-01,False,180.3212556242046,179.706,0.3423678809859535
212,2025-01-01,False,178.15386047797531,177.546,0.3423678809859535
212,2025-02-01,False,179.92490327107475,179.311,0.3423678809859535
212,2025-03-01,False,180.3212556242046,179.706,0.3423678809859535
213,2025-01-01,True,178.259,177.546,0.4730750426066743
213,2025-02-01,False,180.15927558964847,179.311,0.4730750426066743
213,2025-03-01,False,180.55614423606673,179.706,0.4730750426066743
214,2025-01-01,True,178.259,177.546,0.4021029127773579
214,2025-02-01,True,179.824,179.311,0.4021029127773579
214,2025-03-01,False,180.42860306043568,179.706,0.4021029127773579
215,2025-01-01,True,178.259,177.546,0.23664658474467823
215,2025-02-01,True,179.824,179.311,0.23664658474467823
215,2025-03-01,True,179.746,179.706,0.23664658474467823
216,2025-01-01,True,178.259,177.546,0.23664658474467823
216,2025-02-01,True,179.824,179.311,0.23664658474467823
216,2025-03-01,True,179.746,179.706,0.23664658474467823
217,2025-01-01,False,177.9316147512204,177.546,0.21719146092865996
217,2025-02-01,False,179.70044818050582,179.311,0.21719146092865996
217,2025-03-01,False,180.09630608677645,179.706,0.21719146092865996
218,2025-01-01,False,178.15386047797531,177.546,0.3423678809859535
218,2025-02-01,False,179.92490327107475,179.311,0.3423678809859535
218,2025-03-01,False,180.3212556242046,179.706,0.3423678809859535
219,2025-01-01,False,178.15386047797531,177.546,0.3423678809859535
219,2025-02-01,False,179.92490327107475,179.311,0.3423678809859535
219,2025-03-01,False,180.3212556242046,179.706,0.3423678809859535
220,2025-01-01,True,178.259,177.546,0.4730750426066743
220,2025-02-01,False,180.15927558964847,179.311,0.4730750426066743
220,2025-03-01,False,180.55614423606673,179.706,0.4730750426066743
221,2025-01-01,True,178.259,177.546,0.4021029127773579
221,2025-02-01,True,179.824,179.311,0.4021029127773579
221,2025-03-01,False,180.42860306043568,179.706,0.4021029127773579
222,2025-01-01,True,178.259,177.546,0.23664658474467823
222,2025-02-01,True,179.824,179.311,0.23664658474467823
222,2025-03-01,True,179.746,179.706,0.23664658474467823
223,2025-01-01,True,178.259,177.546,0.23664658474467823
223,2025-02-01,True,179.824,179.311,0.23664658474467823
223,2025-03-01,True,179.746,179.706,0.23664658474467823
224,2025-01-01,False,37261.170025299754,36213.0,2.89445786126461
224,2025-02-01,False,37188.114960218256,36142.0,2.89445786126461
224,2025-03-01,False,37249.85163493502,36202.0,2.89445786126461
225,2025-01-01,False,37057.97971720561,36213.0,2.3333601668064237
225,2025-02-01,False,36985.32303148718,36142.0,2.3333601668064237
225,2025-03-01,False,37046.723047587264,36202.0,2.3333601668064237
226,2025-01-01,False,37057.97971720561,36213.0,2.3333601668064237
226,2025-02-01,False,36985.32303148718,36142.0,2.3333601668064237
226,2025-03-01,False,37046.723047587264,36202.0,2.3333601668064237
227,2025-01-01,True,38122.0,36358.0,3.780936163916119
227,2025-02-01,False,37508.50594836257,36142.0,3.780936163916119
227,2025-03-01,False,37570.77451006092,36202.0,3.780936163916119
228,2025-01-01,True,37963.0,36358.0,5.267727303523273
228,2025-02-01,True,38627.0,36218.0,5.267727303523273
228,2025-03-01,False,38109.0226384215,36202.0,5.267727303523273
229,2025-01-01,True,37894.0,36358.0,6.0208310391030615
229,2025-02-01,True,38667.0,36256.0,6.0208310391030615
229,2025-03-01,True,38921.0,36311.0,6.0208310391030615
230,2025-01-01,True,37894.0,36358.0,6.0208310391030615
230,2025-02-01,True,38667.0,36256.0,6.0208310391030615
230,2025-03-01,True,38921.0,36311.0,6.0208310391030615
231,2025-01-01,False,37261.170025299754,36213.0,2.89445786126461
231,2025-02-01,False,37188.114960218256,36142.0,2.89445786126461
231,2025-03-01,False,37249.85163493502,36202.0,2.89445786126461
232,2025-01-01,False,37057.97971720561,36213.0,2.3333601668064237
232,2025-02-01,False,36985.32303148718,36142.0,2.3333601668064237
232,2025-03-01,False,37046.723047587264,36202.0,2.3333601668064237
233,2025-01-01,False,37057.97971720561,36213.0,2.3333601668064237
233,2025-02-01,False,36985.32303148718,36142.0,2.3333601668064237
233,2025-03-01,False,37046.723047587264,36202.0,2.3333601668064237
234,2025-01-01,True,38122.0,36358.0,3.780936163916119
234,2025-02-01,False,37508.50594836257,36142.0,3.780936163916119
234,2025-03-01,False,37570.77451006092,36202.0,3.780936163916119
235,2025-01-01,True,37963.0,36358.0,5.267727303523273
235,2025-02-01,True,38627.0,36218.0,5.267727303523273
235,2025-03-01,False,38109.0226384215,36202.0,5.267727303523273
236,2025-01-01,True,37894.0,36358.0,6.0208310391030615
236,2025-02-01,True,38667.0,36256.0,6.0208310391030615
236,2025-03-01,True,38921.0,36311.0,6.0208310391030615
237,2025-01-01,True,37894.0,36358.0,6.0208310391030615
237,2025-02-01,True,38667.0,36256.0,6.0208310391030615
237,2025-03-01,True,38921.0,36311.0,6.0208310391030615
238,2025-04-01,False,3459.038647883013,3377.1,2.4263020900480674
238,2025-05-01,False,3473.17347757144,3390.9,2.4263020900480674
238,2025-06-01,False,3480.1384661135626,3397.7,2.4263020900480674
239,2025-04-01,False,3459.038647883013,3377.1,2.4263020900480674
239,2025-05-01,False,3473.17347757144,3390.9,2.4263020900480674
239,2025-06-01,False,3480.1384661135626,3397.7,2.4263020900480674
240,2025-04-01,False,3478.8905988515344,3377.1,3.014142277443203
240,2025-05-01,False,3493.106550485822,3390.9,3.014142277443203
240,2025-06-01,False,3500.1115121606877,3397.7,3.014142277443203
241,2025-04-01,True,3486.0,3377.1,3.134077096889961
241,2025-05-01,False,3497.1734202784414,3390.9,3.134077096889961
241,2025-06-01,False,3504.1865375210295,3397.7,3.134077096889961
242,2025-04-01,True,3486.2,3377.1,2.8115539262481226
242,2025-05-01,True,3476.4,3390.9,2.8115539262481226
242,2025-06-01,False,3493.2281677521323,3397.7,2.8115539262481226
243,2025-04-01,True,3486.2,3377.1,2.8115539262481226
243,2025-05-01,True,3476.4,3390.9,2.8115539262481226
243,2025-06-01,False,3493.2281677521323,3397.7,2.8115539262481226
244,2025-04-01,False,3459.038647883013,3377.1,2.4263020900480674
244,2025-05-01,False,3473.17347757144,3390.9,2.4263020900480674
244,2025-06-01,False,3480.1384661135626,3397.7,2.4263020900480674
245,2025-04-01,False,3459.038647883013,3377.1,2.4263020900480674
245,2025-05-01,False,3473.17347757144,3390.9,2.4263020900480674
245,2025-06-01,False,3480.1384661135626,3397.7,2.4263020900480674
246,2025-04-01,False,3478.8905988515344,3377.1,3.014142277443203
246,2025-05-01,False,3493.106550485822,3390.9,3.014142277443203
246,2025-06-01,False,3500.1115121606877,3397.7,3.014142277443203
247,2025-04-01,True,3486.0,3377.1,3.134077096889961
247,2025-05-01,False,3497.1734202784414,3390.9,3.134077096889961
247,2025-06-01,False,3504.1865375210295,3397.7,3.134077096889961
248,2025-04-01,True,3486.2,3377.1,2.8115539262481226
248,2025-05-01,True,3476.4,3390.9,2.8115539262481226
248,2025-06-01,False,3493.2281677521323,3397.7,2.8115539262481226
249,2025-04-01,True,3486.2,3377.1,2.8115539262481226
249,2025-05-01,True,3476.4,3390.9,2.8115539262481226
249,2025-06-01,False,3493.2281677521323,3397.7,2.8115539262481226
250,2025-04-01,False,3459.038647883013,3377.1,2.4263020900480674
250,2025-05-01,False,3473.17347757144,3390.9,2.4263020900480674
250,2025-06-01,False,3480.1384661135626,3397.7,2.4263020900480674
251,2025-04-01,False,3459.038647883013,3377.1,2.4263020900480674
251,2025-05-01,False,3473.17347757144,3390.9,2.4263020900480674
251,2025-06-01,False,3480.1384661135626,3397.7,2.4263020900480674
252,2025-04-01,False,3478.8905988515344,3377.1,3.014142277443203
252,2025-05-01,False,3493.106550485822,3390.9,3.014142277443203
252,2025-06-01,False,3500.1115121606877,3397.7,3.014142277443203
253,2025-04-01,True,3486.0,3377.1,3.134077096889961
253,2025-05-01,False,3497.1734202784414,3390.9,3.134077096889961
253,2025-06-01,False,3504.1865375210295,3397.7,3.134077096889961
254,2025-04-01,True,3486.2,3377.1,2.8115539262481226
254,2025-05-01,True,3476.4,3390.9,2.8115539262481226
254,2025-06-01,False,3493.2281677521323,3397.7,2.8115539262481226
255,2025-04-01,True,3486.2,3377.1,2.8115539262481226
255,2025-05-01,True,3476.4,3390.9,2.8115539262481226
255,2025-06-01,False,3493.2281677521323,3397.7,2.8115539262481226
256,2025-04-01,False,3459.038647883013,3377.1,2.4263020900480674
256,2025-05-01,False,3473.17347757144,3390.9,2.4263020900480674
256,2025-06-01,False,3480.1384661135626,3397.7,2.4263020900480674
257,2025-04-01,False,3459.038647883013,3377.1,2.4263020900480674
257,2025-05-01,False,3473.17347757144,3390.9,2.4263020900480674
257,2025-06-01,False,3480.1384661135626,3397.7,2.4263020900480674
258,2025-04-01,False,3478.8905988515344,3377.1,3.014142277443203
258,2025-05-01,False,3493.106550485822,3390.9,3.014142277443203
258,2025-06-01,False,3500.1115121606877,3397.7,3.014142277443203
259,2025-04-01,True,3486.0,3377.1,3.134077096889961
259,2025-05-01,False,3497.1734202784414,3390.9,3.134077096889961
259,2025-06-01,False,3504.1865375210295,3397.7,3.134077096889961
260,2025-04-01,True,3486.2,3377.1,2.8115539262481226
260,2025-05-01,True,3476.4,3390.9,2.8115539262481226
260,2025-06-01,False,3493.2281677521323,3397.7,2.8115539262481226
261,2025-04-01,True,3486.2,3377.1,2.8115539262481226
261,2025-05-01,True,3476.4,3390.9,2.8115539262481226
261,2025-06-01,False,3493.2281677521323,3397.7,2.8115539262481226
262,2025-04-01,False,3459.038647883013,3377.1,2.4263020900480674
262,2025-05-01,False,3473.17347757144,3390.9,2.4263020900480674
262,2025-06-01,False,3480.1384661135626,3397.7,2.4263020900480674
263,2025-04-01,False,3459.038647883013,3377.1,2.4263020900480674
263,2025-05-01,False,3473.17347757144,3390.9,2.4263020900480674
263,2025-06-01,False,3480.1384661135626,3397.7,2.4263020900480674
264,2025-04-01,False,3478.8905988515344,3377.1,3.014142277443203
264,2025-05-01,False,3493.106550485822,3390.9,3.014142277443203
264,2025-06-01,False,3500.1115121606877,3397.7,3.014142277443203
265,2025-04-01,True,3486.0,3377.1,3.134077096889961
265,2025-05-01,False,3497.1734202784414,3390.9,3.134077096889961
265,2025-06-01,False,3504.1865375210295,3397.7,3.134077096889961
266,2025-04-01,True,3486.2,3377.1,2.8115539262481226
266,2025-05-01,True,3476.4,3390.9,2.8115539262481226
266,2025-06-01,False,3493.2281677521323,3397.7,2.8115539262481226
267,2025-04-01,True,3486.2,3377.1,2.8115539262481226
267,2025-05-01,True,3476.4,3390.9,2.8115539262481226
267,2025-06-01,False,3493.2281677521323,3397.7,2.8115539262481226
268,2025-04-01,False,180.00089010202726,179.28,0.4021029127773579
268,2025-05-01,False,179.54908063891978,178.83,0.4021029127773579
268,2025-06-01,False,179.40048552660883,178.682,0.4021029127773579
269,2025-04-01,False,179.70425999713024,179.28,0.23664658474467823
269,2025-05-01,False,179.2531950874989,178.83,0.23664658474467823
269,2025-06-01,False,179.10484485055346,178.682,0.23664658474467823
270,2025-04-01,False,179.70425999713024,179.28,0.23664658474467823
270,2025-05-01,False,179.2531950874989,178.83,0.23664658474467823
270,2025-06-01,False,179.10484485055346,178.682,0.23664658474467823
271,2025-04-01,True,180.004,179.28,0.23739708630345172
271,2025-05-01,False,179.25453720943648,178.83,0.23739708630345172
271,2025-06-01,False,179.10618586174874,178.682,0.23739708630345172
272,2025-04-01,True,180.004,179.28,0.29916452231752244
272,2025-05-01,True,179.673,178.83,0.29916452231752244
272,2025-06-01,False,179.21655315176739,178.682,0.29916452231752244
273,2025-04-01,True,180.004,179.28,0.5059057213634495
273,2025-05-01,True,179.673,178.83,0.5059057213634495
273,2025-06-01,True,179.83,178.682,0.5059057213634495
274,2025-04-01,True,180.004,179.28,0.5059057213634495
274,2025-05-01,True,179.673,178.83,0.5059057213634495
274,2025-06-01,True,179.83,178.682,0.5059057213634495
275,2025-04-01,False,180.00089010202726,179.28,0.4021029127773579
275,2025-05-01,False,179.54908063891978,178.83,0.4021029127773579
275,2025-06-01,False,179.40048552660883,178.682,0.4021029127773579
276,2025-04-01,False,179.70425999713024,179.28,0.23664658474467823
276,2025-05-01,False,179.2531950874989,178.83,0.23664658474467823
276,2025-06-01,False,179.10484485055346,178.682,0.23664658474467823
277,2025-04-01,False,179.70425999713024,179.28,0.23664658474467823
277,2025-05-01,False,179.2531950874989,178.83,0.23664658474467823
277,2025-06-01,False,179.10484485055346,178.682,0.23664658474467823
278,2025-04-01,True,180.004,179.28,0.23739708630345172
278,2025-05-01,False,179.25453720943648,178.83,0.23739708630345172
278,2025-06-01,False,179.10618586174874,178.682,0.23739708630345172
279,2025-04-01,True,180.004,179.28,0.29916452231752244
279,2025-05-01,True,179.673,178.83,0.29916452231752244
279,2025-06-01,False,179.21655315176739,178.682,0.29916452231752244
280,2025-04-01,True,180.004,179.28,0.5059057213634495
280,2025-05-01,True,179.673,178.83,0.5059057213634495
280,2025-06-01,True,179.83,178.682,0.5059057213634495
281,2025-04-01,True,180.004,179.28,0.5059057213634495
281,2025-05-01,True,179.673,178.83,0.5059057213634495
281,2025-06-01,True,179.83,178.682,0.5059057213634495
282,2025-04-01,False,38019.5450702135,36117.0,5.267727303523273
282,2025-05-01,False,38600.622924928946,36669.0,5.267727303523273
282,2025-06-01,False,38855.370825003476,36911.0,5.267727303523273
283,2025-04-01,False,38291.54354639286,36117.0,6.0208310391030615
283,2025-05-01,False,38876.778533728706,36669.0,6.0208310391030615
283,2025-06-01,False,39133.34894484333,36911.0,6.0208310391030615
284,2025-04-01,False,38291.54354639286,36117.0,6.0208310391030615
284,2025-05-01,False,38876.778533728706,36669.0,6.0208310391030615
284,2025-06-01,False,39133.34894484333,36911.0,6.0208310391030615
285,2025-04-01,False,38054.027864281714,35851.0,6.1449551317444815
285,2025-05-01,False,38203.69225101748,35992.0,6.1449551317444815
285,2025-06-01,False,38313.02155480317,36095.0,6.1449551317444815
286,2025-04-01,True,38872.0,35815.0,8.570662756429385
286,2025-05-01,False,39076.75293929407,35992.0,8.570662756429385
286,2025-06-01,False,39188.58072193319,36095.0,8.570662756429385
287,2025-04-01,True,38852.0,35778.0,8.582796428221402
287,2025-05-01,True,38807.0,36028.0,8.582796428221402
287,2025-06-01,False,39192.960370766516,36095.0,8.582796428221402
288,2025-04-01,True,38881.0,35778.0,8.248404459382597
288,2025-05-01,True,38844.0,36028.0,8.248404459382597
288,2025-06-01,True,39035.0,36058.0,8.248404459382597
289,2025-04-01,True,38881.0,35778.0,8.248404459382597
289,2025-05-01,True,38844.0,36028.0,8.248404459382597
289,2025-06-01,True,39035.0,36058.0,8.248404459382597
290,2025-04-01,False,38019.5450702135,36117.0,5.267727303523273
290,2025-05-01,False,38600.622924928946,36669.0,5.267727303523273
290,2025-06-01,False,38855.370825003476,36911.0,5.267727303523273
291,2025-04-01,False,38291.54354639286,36117.0,6.0208310391030615
291,2025-05-01,False,38876.778533728706,36669.0,6.0208310391030615
291,2025-06-01,False,39133.34894484333,36911.0,6.0208310391030615
292,2025-04-01,False,38291.54354639286,36117.0,6.0208310391030615
292,2025-05-01,False,38876.778533728706,36669.0,6.0208310391030615
292,2025-06-01,False,39133.34894484333,36911.0,6.0208310391030615
293,2025-04-01,False,38054.027864281714,35851.0,6.1449551317444815
293,2025-05-01,False,38203.69225101748,35992.0,6.1449551317444815
293,2025-06-01,False,38313.02155480317,36095.0,6.1449551317444815
294,2025-04-01,True,38872.0,35815.0,8.570662756429385
294,2025-05-01,False,39076.75293929407,35992.0,8.570662756429385
294,2025-06-01,False,39188.58072193319,36095.0,8.570662756429385
295,2025-04-01,True,38852.0,35778.0,8.582796428221402
295,2025-05-01,True,38807.0,36028.0,8.582796428221402
295,2025-06-01,False,39192.960370766516,36095.0,8.582796428221402
296,2025-04-01,True,38881.0,35778.0,8.248404459382597
296,2025-05-01,True,38844.0,36028.0,8.248404459382597
296,2025-06-01,True,39035.0,36058.0,8.248404459382597
297,2025-04-01,True,38881.0,35778.0,8.248404459382597
297,2025-05-01,True,38844.0,36028.0,8.248404459382597
297,2025-06-01,True,39035.0,36058.0,8.248404459382597
298,2025-07-01,False,3516.257955831612,3420.1,2.8115539262481226
298,2025-08-01,False,3506.285235100766,3410.4,2.8115539262481226
298,2025-09-01,False,3547.3070451173394,3450.3,2.8115539262481226
299,2025-07-01,False,3516.257955831612,3420.1,2.8115539262481226
299,2025-08-01,False,3506.285235100766,3410.4,2.8115539262481226
299,2025-09-01,False,3547.3070451173394,3450.3,2.8115539262481226
300,2025-07-01,False,3515.165657692699,3420.1,2.7796163180228444
300,2025-08-01,False,3505.196034909851,3410.4,2.7796163180228444
300,2025-09-01,False,3546.205101820742,3450.3,2.7796163180228444
301,2025-07-01,True,3513.6,3420.1,2.8604950085929186
301,2025-08-01,False,3507.954321773053,3410.4,2.8604950085929186
301,2025-09-01,False,3548.9956592814815,3450.3,2.8604950085929186
302,2025-07-01,True,3528.1,3428.5,3.2996786594750396
302,2025-08-01,True,3547.1,3421.8,3.2996786594750396
302,2025-09-01,False,3578.610767800194,3464.3,3.2996786594750396
303,2025-07-01,True,3528.1,3428.5,3.2996786594750396
303,2025-08-01,True,3547.1,3421.8,3.2996786594750396
303,2025-09-01,False,3578.610767800194,3464.3,3.2996786594750396
304,2025-07-01,False,3516.257955831612,3420.1,2.8115539262481226
304,2025-08-01,False,3506.285235100766,3410.4,2.8115539262481226
304,2025-09-01,False,3547.3070451173394,3450.3,2.8115539262481226
305,2025-07-01,False,3516.257955831612,3420.1,2.8115539262481226
305,2025-08-01,False,3506.285235100766,3410.4,2.8115539262481226
305,2025-09-01,False,3547.3070451173394,3450.3,2.8115539262481226
306,2025-07-01,False,3515.165657692699,3420.1,2.7796163180228444
306,2025-08-01,False,3505.196034909851,3410.4,2.7796163180228444
306,2025-09-01,False,3546.205101820742,3450.3,2.7796163180228444
307,2025-07-01,True,3513.6,3420.1,2.8604950085929186
307,2025-08-01,False,3507.954321773053,3410.4,2.8604950085929186
307,2025-09-01,False,3548.9956592814815,3450.3,2.8604950085929186
308,2025-07-01,True,3528.1,3428.5,3.2996786594750396
308,2025-08-01,True,3547.1,3421.8,3.2996786594750396
308,2025-09-01,False,3578.610767800194,3464.3,3.2996786594750396
309,2025-07-01,True,3528.1,3428.5,3.2996786594750396
309,2025-08-01,True,3547.1,3421.8,3.2996786594750396
309,2025-09-01,False,3578.610767800194,3464.3,3.2996786594750396
310,2025-07-01,False,3516.257955831612,3420.1,2.8115539262481226
310,2025-08-01,False,3506.285235100766,3410.4,2.8115539262481226
310,2025-09-01,False,3547.3070451173394,3450.3,2.8115539262481226
311,2025-07-01,False,3516.257955831612,3420.1,2.8115539262481226
311,2025-08-01,False,3506.285235100766,3410.4,2.8115539262481226
311,2025-09-01,False,3547.3070451173394,3450.3,2.8115539262481226
312,2025-07-01,False,3515.165657692699,3420.1,2.7796163180228444
312,2025-08-01,False,3505.196034909851,3410.4,2.7796163180228444
312,2025-09-01,False,3546.205101820742,3450.3,2.7796163180228444
313,2025-07-01,True,3513.6,3420.1,2.8604950085929186
313,2025-08-01,False,3507.954321773053,3410.4,2.8604950085929186
313,2025-09-01,False,3548.9956592814815,3450.3,2.8604950085929186
314,2025-07-01,True,3528.1,3428.5,3.2996786594750396
314,2025-08-01,True,3547.1,3421.8,3.2996786594750396
314,2025-09-01,False,3578.610767800194,3464.3,3.2996786594750396
315,2025-07-01,True,3528.1,3428.5,3.2996786594750396
315,2025-08-01,True,3547.1,3421.8,3.2996786594750396
315,2025-09-01,False,3578.610767800194,3464.3,3.2996786594750396
316,2025-07-01,False,3516.257955831612,3420.1,2.8115539262481226
316,2025-08-01,False,3506.285235100766,3410.4,2.8115539262481226
316,2025-09-01,False,3547.3070451173394,3450.3,2.8115539262481226
317,2025-07-01,False,3516.257955831612,3420.1,2.8115539262481226
317,2025-08-01,False,3506.285235100766,3410.4,2.8115539262481226
317,2025-09-01,False,3547.3070451173394,3450.3,2.8115539262481226
318,2025-07-01,False,3515.165657692699,3420.1,2.7796163180228444
318,2025-08-01,False,3505.196034909851,3410.4,2.7796163180228444
318,2025-09-01,False,3546.205101820742,3450.3,2.7796163180228444
319,2025-07-01,True,3513.6,3420.1,2.8604950085929186
319,2025-08-01,False,3507.954321773053,3410.4,2.8604950085929186
319,2025-09-01,False,3548.9956592814815,3450.3,2.8604950085929186
320,2025-07-01,True,3528.1,3428.5,3.2996786594750396
320,2025-08-01,True,3547.1,3421.8,3.2996786594750396
320,2025-09-01,False,3578.610767800194,3464.3,3.2996786594750396
321,2025-07-01,True,3528.1,3428.5,3.2996786594750396
321,2025-08-01,True,3547.1,3421.8,3.2996786594750396
321,2025-09-01,False,3578.610767800194,3464.3,3.2996786594750396
322,2025-07-01,False,3516.257955831612,3420.1,2.8115539262481226
322,2025-08-01,False,3506.285235100766,3410.4,2.8115539262481226
322,2025-09-01,False,3547.3070451173394,3450.3,2.8115539262481226
323,2025-07-01,False,3516.257955831612,3420.1,2.8115539262481226
323,2025-08-01,False,3506.285235100766,3410.4,2.8115539262481226
323,2025-09-01,False,3547.3070451173394,3450.3,2.8115539262481226
324,2025-07-01,False,3515.165657692699,3420.1,2.7796163180228444
324,2025-08-01,False,3505.196034909851,3410.4,2.7796163180228444
324,2025-09-01,False,3546.205101820742,3450.3,2.7796163180228444
325,2025-07-01,True,3513.6,3420.1,2.8604950085929186
325,2025-08-01,False,3507.954321773053,3410.4,2.8604950085929186
325,2025-09-01,False,3548.9956592814815,3450.3,2.8604950085929186
326,2025-07-01,True,3528.1,3428.5,3.2996786594750396
326,2025-08-01,True,3547.1,3421.8,3.2996786594750396
326,2025-09-01,False,3578.610767800194,3464.3,3.2996786594750396
327,2025-07-01,True,3528.1,3428.5,3.2996786594750396
327,2025-08-01,True,3547.1,3421.8,3.2996786594750396
327,2025-09-01,False,3578.610767800194,3464.3,3.2996786594750396
328,2025-07-01,False,179.614740834921,179.079,0.29916452231752244
328,2025-08-01,False,178.98586507336609,178.452,0.29916452231752244
328,2025-09-01,False,179.68996520831274,179.154,0.29916452231752244
329,2025-07-01,False,179.98497090676045,179.079,0.5059057213634495
329,2025-08-01,False,179.35479887788748,178.452,0.5059057213634495
329,2025-09-01,False,180.06035033605147,179.154,0.5059057213634495
330,2025-07-01,False,179.98497090676045,179.079,0.5059057213634495
330,2025-08-01,False,179.35479887788748,178.452,0.5059057213634495
330,2025-09-01,False,180.06035033605147,179.154,0.5059057213634495
331,2025-07-01,True,179.777,179.079,0.5012172344425487
331,2025-08-01,False,179.3464321792074,178.452,0.5012172344425487
331,2025-09-01,False,180.05195072419318,179.154,0.5012172344425487
332,2025-07-01,True,179.777,179.079,0.7271943192673176
332,2025-08-01,True,180.503,178.452,0.7271943192673176
332,2025-09-01,False,180.45679771074015,179.154,0.7271943192673176
333,2025-07-01,True,179.777,179.079,0.7271943192673176
333,2025-08-01,True,180.503,178.452,0.7271943192673176
333,2025-09-01,False,180.45679771074015,179.154,0.7271943192673176
334,2025-07-01,False,179.614740834921,179.079,0.29916452231752244
334,2025-08-01,False,178.98586507336609,178.452,0.29916452231752244
334,2025-09-01,False,179.68996520831274,179.154,0.29916452231752244
335,2025-07-01,False,179.98497090676045,179.079,0.5059057213634495
335,2025-08-01,False,179.35479887788748,178.452,0.5059057213634495
335,2025-09-01,False,180.06035033605147,179.154,0.5059057213634495
336,2025-07-01,False,179.98497090676045,179.079,0.5059057213634495
336,2025-08-01,False,179.35479887788748,178.452,0.5059057213634495
336,2025-09-01,False,180.06035033605147,179.154,0.5059057213634495
337,2025-07-01,True,179.777,179.079,0.5012172344425487
337,2025-08-01,False,179.3464321792074,178.452,0.5012172344425487
337,2025-09-01,False,180.05195072419318,179.154,0.5012172344425487
338,2025-07-01,True,179.777,179.079,0.7271943192673176
338,2025-08-01,True,180.503,178.452,0.7271943192673176
338,2025-09-01,False,180.45679771074015,179.154,0.7271943192673176
339,2025-07-01,True,179.777,179.079,0.7271943192673176
339,2025-08-01,True,180.503,178.452,0.7271943192673176
339,2025-09-01,False,180.45679771074015,179.154,0.7271943192673176
340,2025-07-01,False,40921.598489903794,37687.0,8.582796428221402
340,2025-08-01,False,40952.0016729037,37715.0,8.582796428221402
340,2025-09-01,False,41865.18299086504,38556.0,8.582796428221402
341,2025-07-01,False,40795.57618860752,37687.0,8.248404459382597
341,2025-08-01,False,40825.885741856146,37715.0,8.248404459382597
341,2025-09-01,False,41736.25482335955,38556.0,8.248404459382597
342,2025-07-01,False,40795.57618860752,37687.0,8.248404459382597
342,2025-08-01,False,40825.885741856146,37715.0,8.248404459382597
342,2025-09-01,False,41736.25482335955,38556.0,8.248404459382597
343,2025-07-01,True,39655.0,37535.0,7.9489656014889
343,2025-08-01,False,40712.95237660154,37715.0,7.9489656014889
343,2025-09-01,False,41620.80317731006,38556.0,7.9489656014889
344,2025-07-01,True,39683.0,37535.0,6.8475947696650845
344,2025-08-01,True,39644.0,37715.0,6.8475947696650845
344,2025-09-01,False,41196.158639392066,38556.0,6.8475947696650845
345,2025-07-01,True,39683.0,37535.0,6.8475947696650845
345,2025-08-01,True,39644.0,37715.0,6.8475947696650845
345,2025-09-01,False,41196.158639392066,38556.0,6.8475947696650845
346,2025-07-01,False,40921.598489903794,37687.0,8.582796428221402
346,2025-08-01,False,40952.0016729037,37715.0,8.582796428221402
346,2025-09-01,False,41865.18299086504,38556.0,8.582796428221402
347,2025-07-01,False,40795.57618860752,37687.0,8.248404459382597
347,2025-08-01,False,40825.885741856146,37715.0,8.248404459382597
347,2025-09-01,False,41736.25482335955,38556.0,8.248404459382597
348,2025-07-01,False,40795.57618860752,37687.0,8.248404459382597
348,2025-08-01,False,40825.885741856146,37715.0,8.248404459382597
348,2025-09-01,False,41736.25482335955,38556.0,8.248404459382597
349,2025-07-01,True,39655.0,37535.0,7.9489656014889
349,2025-08-01,False,40712.95237660154,37715.0,7.9489656014889
349,2025-09-01,False,41620.80317731006,38556.0,7.9489656014889
350,2025-07-01,True,39683.0,37535.0,6.8475947696650845
350,2025-08-01,True,39644.0,37715.0,6.8475947696650845
350,2025-09-01,False,41196.158639392066,38556.0,6.8475947696650845
351,2025-07-01,True,39683.0,37535.0,6.8475947696650845
351,2025-08-01,True,39644.0,37715.0,6.8475947696650845
351,2025-09-01,False,41196.158639392066,38556.0,6.8475947696650845
352,2025-10-01,False,3573.6523832245393,3459.5,3.2996786594750396
352,2025-11-01,False,3573.0325851525827,3458.9,3.2996786594750396
352,2025-12-01,False,3607.4313781461874,3492.2,3.2996786594750396
353,2025-10-01,False,3573.6523832245393,3459.5,3.2996786594750396
353,2025-11-01,False,3573.0325851525827,3458.9,3.2996786594750396
353,2025-12-01,False,3607.4313781461874,3492.2,3.2996786594750396
354,2025-10-01,False,3561.916025282311,3459.5,2.960428538294857
354,2025-11-01,False,3561.298262711081,3458.9,2.960428538294857
354,2025-12-01,False,3595.584085414333,3492.2,2.960428538294857
355,2025-10-01,False,3563.8910639927644,3459.5,3.0175188319920387
355,2025-11-01,False,3563.272958879773,3458.9,3.0175188319920387
355,2025-12-01,False,3597.577792650826,3492.2,3.0175188319920387
356,2025-10-01,True,3554.4,3459.5,2.7279121275772438
356,2025-11-01,True,3572.6,3458.9,2.7279121275772438
356,2025-12-01,False,3587.464147319252,3492.2,2.7279121275772438
357,2025-10-01,False,3573.6523832245393,3459.5,3.2996786594750396
357,2025-11-01,False,3573.0325851525827,3458.9,3.2996786594750396
357,2025-12-01,False,3607.4313781461874,3492.2,3.2996786594750396
358,2025-10-01,False,3573.6523832245393,3459.5,3.2996786594750396
358,2025-11-01,False,3573.0325851525827,3458.9,3.2996786594750396
358,2025-12-01,False,3607.4313781461874,3492.2,3.2996786594750396
359,2025-10-01,False,3561.916025282311,3459.5,2.960428538294857
359,2025-11-01,False,3561.298262711081,3458.9,2.960428538294857
359,2025-12-01,False,3595.584085414333,3492.2,2.960428538294857
360,2025-10-01,False,3563.8910639927644,3459.5,3.0175188319920387
360,2025-11-01,False,3563.272958879773,3458.9,3.0175188319920387
360,2025-12-01,False,3597.577792650826,3492.2,3.0175188319920387
361,2025-10-01,True,3554.4,3459.5,2.7279121275772438
361,2025-11-01,True,3572.6,3458.9,2.7279121275772438
361,2025-12-01,False,3587.464147319252,3492.2,2.7279121275772438
362,2025-10-01,False,3573.6523832245393,3459.5,3.2996786594750396
362,2025-11-01,False,3573.0325851525827,3458.9,3.2996786594750396
362,2025-12-01,False,3607.4313781461874,3492.2,3.2996786594750396
363,2025-10-01,False,3573.6523832245393,3459.5,3.2996786594750396
363,2025-11-01,False,3573.0325851525827,3458.9,3.2996786594750396
363,2025-12-01,False,3607.4313781461874,3492.2,3.2996786594750396
364,2025-10-01,False,3561.916025282311,3459.5,2.960428538294857
364,2025-11-01,False,3561.298262711081,3458.9,2.960428538294857
364,2025-12-01,False,3595.584085414333,3492.2,2.960428538294857
365,2025-10-01,False,3563.8910639927644,3459.5,3.0175188319920387
365,2025-11-01,False,3563.272958879773,3458.9,3.0175188319920387
365,2025-12-01,False,3597.577792650826,3492.2,3.0175188319920387
366,2025-10-01,True,3554.4,3459.5,2.7279121275772438
366,2025-11-01,True,3572.6,3458.9,2.7279121275772438
366,2025-12-01,False,3587.464147319252,3492.2,2.7279121275772438
367,2025-10-01,False,3573.6523832245393,3459.5,3.2996786594750396
367,2025-11-01,False,3573.0325851525827,3458.9,3.2996786594750396
367,2025-12-01,False,3607.4313781461874,3492.2,3.2996786594750396
368,2025-10-01,False,3573.6523832245393,3459.5,3.2996786594750396
368,2025-11-01,False,3573.0325851525827,3458.9,3.2996786594750396
368,2025-12-01,False,3607.4313781461874,3492.2,3.2996786594750396
369,2025-10-01,False,3561.916025282311,3459.5,2.960428538294857
369,2025-11-01,False,3561.298262711081,3458.9,2.960428538294857
369,2025-12-01,False,3595.584085414333,3492.2,2.960428538294857
370,2025-10-01,False,3563.8910639927644,3459.5,3.0175188319920387
370,2025-11-01,False,3563.272958879773,3458.9,3.0175188319920387
370,2025-12-01,False,3597.577792650826,3492.2,3.0175188319920387
371,2025-10-01,True,3554.4,3459.5,2.7279121275772438
371,2025-11-01,True,3572.6,3458.9,2.7279121275772438
371,2025-12-01,False,3587.464147319252,3492.2,2.7279121275772438
372,2025-10-01,False,3573.6523832245393,3459.5,3.2996786594750396
372,2025-11-01,False,3573.0325851525827,3458.9,3.2996786594750396
372,2025-12-01,False,3607.4313781461874,3492.2,3.2996786594750396
373,2025-10-01,False,3573.6523832245393,3459.5,3.2996786594750396
373,2025-11-01,False,3573.0325851525827,3458.9,3.2996786594750396
373,2025-12-01,False,3607.4313781461874,3492.2,3.2996786594750396
374,2025-10-01,False,3561.916025282311,3459.5,2.960428538294857
374,2025-11-01,False,3561.298262711081,3458.9,2.960428538294857
374,2025-12-01,False,3595.584085414333,3492.2,2.960428538294857
375,2025-10-01,False,3563.8910639927644,3459.5,3.0175188319920387
375,2025-11-01,False,3563.272958879773,3458.9,3.0175188319920387
375,2025-12-01,False,3597.577792650826,3492.2,3.0175188319920387
376,2025-10-01,True,3554.4,3459.5,2.7279121275772438
376,2025-11-01,True,3572.6,3458.9,2.7279121275772438
376,2025-12-01,False,3587.464147319252,3492.2,2.7279121275772438
377,2025-10-01,False,180.94028824347262,179.634,0.7271943192673176
377,2025-11-01,False,180.74890657426602,179.444,0.7271943192673176
377,2025-12-01,False,178.82703170665442,177.536,0.7271943192673176
378,2025-10-01,False,181.44529349602053,179.634,1.0083244241182232
378,2025-11-01,False,181.2533776796147,179.444,1.0083244241182232
378,2025-12-01,False,179.32613884960253,177.536,1.0083244241182232
379,2025-10-01,False,181.64836739914932,179.634,1.1213731248813494
379,2025-11-01,True,180.752,179.444,1.1213731248813494
379,2025-12-01,False,179.52684099098934,177.536,1.1213731248813494
380,2025-10-01,False,181.87418069132568,179.634,1.2470805589842073
380,2025-11-01,True,180.752,179.444,1.2470805589842073
380,2025-12-01,True,180.246,177.536,1.2470805589842073
381,2025-10-01,False,181.87418069132568,179.634,1.2470805589842073
381,2025-11-01,True,180.752,179.444,1.2470805589842073
381,2025-12-01,True,180.246,177.536,1.2470805589842073
382,2025-10-01,False,180.94028824347262,179.634,0.7271943192673176
382,2025-11-01,False,180.74890657426602,179.444,0.7271943192673176
382,2025-12-01,False,178.82703170665442,177.536,0.7271943192673176
383,2025-10-01,False,181.44529349602053,179.634,1.0083244241182232
383,2025-11-01,False,181.2533776796147,179.444,1.0083244241182232
383,2025-12-01,False,179.32613884960253,177.536,1.0083244241182232
384,2025-10-01,False,181.64836739914932,179.634,1.1213731248813494
384,2025-11-01,True,180.752,179.444,1.1213731248813494
384,2025-12-01,False,179.52684099098934,177.536,1.1213731248813494
385,2025-10-01,False,181.87418069132568,179.634,1.2470805589842073
385,2025-11-01,True,180.752,179.444,1.2470805589842073
385,2025-12-01,True,180.246,177.536,1.2470805589842073
386,2025-10-01,False,181.87418069132568,179.634,1.2470805589842073
386,2025-11-01,True,180.752,179.444,1.2470805589842073
386,2025-12-01,True,180.246,177.536,1.2470805589842073
387,2025-10-01,False,40849.97243233835,38232.0,6.8475947696650845
387,2025-11-01,False,40692.906468026944,38085.0,6.8475947696650845
387,2025-12-01,False,40494.16994175537,37899.0,6.8475947696650845
388,2025-10-01,False,40849.97243233835,38232.0,6.8475947696650845
388,2025-11-01,False,40692.906468026944,38085.0,6.8475947696650845
388,2025-12-01,False,40494.16994175537,37899.0,6.8475947696650845
389,2025-10-01,False,40678.33305602274,38232.0,6.398653107404106
389,2025-11-01,False,40521.92703595485,38085.0,6.398653107404106
389,2025-12-01,False,40324.025541175084,37899.0,6.398653107404106
390,2025-10-01,True,40399.0,38232.0,6.018787713325432
390,2025-11-01,False,40377.25530061999,38085.0,6.018787713325432
390,2025-12-01,False,40180.0603554732,37899.0,6.018787713325432
391,2025-10-01,True,40557.0,38196.0,6.27123843840478
391,2025-11-01,True,40677.0,38124.0,6.27123843840478
391,2025-12-01,False,40275.73665577103,37899.0,6.27123843840478
392,2025-10-01,True,40557.0,38196.0,6.27123843840478
392,2025-11-01,True,40677.0,38124.0,6.27123843840478
392,2025-12-01,False,40275.73665577103,37899.0,6.27123843840478
393,2025-10-01,False,40849.97243233835,38232.0,6.8475947696650845
393,2025-11-01,False,40692.906468026944,38085.0,6.8475947696650845
393,2025-12-01,False,40494.16994175537,37899.0,6.8475947696650845
394,2025-10-01,False,40849.97243233835,38232.0,6.8475947696650845
394,2025-11-01,False,40692.906468026944,38085.0,6.8475947696650845
394,2025-12-01,False,40494.16994175537,37899.0,6.8475947696650845
395,2025-10-01,False,40678.33305602274,38232.0,6.398653107404106
395,2025-11-01,False,40521.92703595485,38085.0,6.398653107404106
395,2025-12-01,False,40324.025541175084,37899.0,6.398653107404106
396,2025-10-01,True,40399.0,38232.0,6.018787713325432
396,2025-11-01,False,40377.25530061999,38085.0,6.018787713325432
396,2025-12-01,False,40180.0603554732,37899.0,6.018787713325432
397,2025-10-01,True,40557.0,38196.0,6.27123843840478
397,2025-11-01,True,40677.0,38124.0,6.27123843840478
397,2025-12-01,False,40275.73665577103,37899.0,6.27123843840478
398,2025-10-01,True,40557.0,38196.0,6.27123843840478
398,2025-11-01,True,40677.0,38124.0,6.27123843840478
398,2025-12-01,False,40275.73665577103,37899.0,6.27123843840478
399,2026-01-01,False,3579.0346392610672,3474.2,3.0175188319920387
399,2026-02-01,False,3594.796319642362,3489.5,3.0175188319920387
399,2026-03-01,False,3608.7036846846813,3503.0,3.0175188319920387
400,2026-01-01,False,3568.973123136288,3474.2,2.7279121275772438
400,2026-02-01,False,3584.6904936918077,3489.5,2.7279121275772438
400,2026-03-01,False,3598.5587618290306,3503.0,2.7279121275772438
401,2026-01-01,False,3568.973123136288,3474.2,2.7279121275772438
401,2026-02-01,False,3584.6904936918077,3489.5,2.7279121275772438
401,2026-03-01,False,3598.5587618290306,3503.0,2.7279121275772438
402,2026-01-01,False,3548.638935310049,3474.2,2.14262090006474
402,2026-02-01,False,3564.266756307759,3489.5,2.14262090006474
402,2026-03-01,False,3578.0560101292676,3503.0,2.14262090006474
403,2026-01-01,True,3544.3,3474.2,2.047712184251786
403,2026-02-01,False,3560.9549166694665,3489.5,2.047712184251786
403,2026-03-01,False,3574.7313578143403,3503.0,2.047712184251786
404,2026-01-01,True,3529.7,3474.2,1.3039748661953712
404,2026-02-01,True,3521.4,3489.5,1.3039748661953712
404,2026-03-01,False,3548.6782395628243,3503.0,1.3039748661953712
405,2026-01-01,True,3529.7,3474.2,1.3039748661953712
405,2026-02-01,True,3521.4,3489.5,1.3039748661953712
405,2026-03-01,False,3548.6782395628243,3503.0,1.3039748661953712
406,2026-01-01,False,3579.0346392610672,3474.2,3.0175188319920387
406,2026-02-01,False,3594.796319642362,3489.5,3.0175188319920387
406,2026-03-01,False,3608.7036846846813,3503.0,3.0175188319920387
407,2026-01-01,False,3568.973123136288,3474.2,2.7279121275772438
407,2026-02-01,False,3584.6904936918077,3489.5,2.7279121275772438
407,2026-03-01,False,3598.5587618290306,3503.0,2.7279121275772438
408,2026-01-01,False,3568.973123136288,3474.2,2.7279121275772438
408,2026-02-01,False,3584.6904936918077,3489.5,2.7279121275772438
408,2026-03-01,False,3598.5587618290306,3503.0,2.7279121275772438
409,2026-01-01,False,3548.638935310049,3474.2,2.14262090006474
409,2026-02-01,False,3564.266756307759,3489.5,2.14262090006474
409,2026-03-01,False,3578.0560101292676,3503.0,2.14262090006474
410,2026-01-01,True,3544.3,3474.2,2.047712184251786
410,2026-02-01,False,3560.9549166694665,3489.5,2.047712184251786
410,2026-03-01,False,3574.7313578143403,3503.0,2.047712184251786
411,2026-01-01,True,3529.7,3474.2,1.3039748661953712
411,2026-02-01,True,3521.4,3489.5,1.3039748661953712
411,2026-03-01,False,3548.6782395628243,3503.0,1.3039748661953712
412,2026-01-01,True,3529.7,3474.2,1.3039748661953712
412,2026-02-01,True,3521.4,3489.5,1.3039748661953712
412,2026-03-01,False,3548.6782395628243,3503.0,1.3039748661953712
413,2026-01-01,False,3579.0346392610672,3474.2,3.0175188319920387
413,2026-02-01,False,3594.796319642362,3489.5,3.0175188319920387
413,2026-03-01,False,3608.7036846846813,3503.0,3.0175188319920387
414,2026-01-01,False,3568.973123136288,3474.2,2.7279121275772438
414,2026-02-01,False,3584.6904936918077,3489.5,2.7279121275772438
414,2026-03-01,False,3598.5587618290306,3503.0,2.7279121275772438
415,2026-01-01,False,3568.973123136288,3474.2,2.7279121275772438
415,2026-02-01,False,3584.6904936918077,3489.5,2.7279121275772438
415,2026-03-01,False,3598.5587618290306,3503.0,2.7279121275772438
416,2026-01-01,False,3548.638935310049,3474.2,2.14262090006474
416,2026-02-01,False,3564.266756307759,3489.5,2.14262090006474
416,2026-03-01,False,3578.0560101292676,3503.0,2.14262090006474
417,2026-01-01,True,3544.3,3474.2,2.047712184251786
417,2026-02-01,False,3560.9549166694665,3489.5,2.047712184251786
417,2026-03-01,False,3574.7313578143403,3503.0,2.047712184251786
418,2026-01-01,True,3529.7,3474.2,1.3039748661953712
418,2026-02-01,True,3521.4,3489.5,1.3039748661953712
418,2026-03-01,False,3548.6782395628243,3503.0,1.3039748661953712
419,2026-01-01,True,3529.7,3474.2,1.3039748661953712
419,2026-02-01,True,3521.4,3489.5,1.3039748661953712
419,2026-03-01,False,3548.6782395628243,3503.0,1.3039748661953712
420,2026-01-01,False,3579.0346392610672,3474.2,3.0175188319920387
420,2026-02-01,False,3594.796319642362,3489.5,3.0175188319920387
420,2026-03-01,False,3608.7036846846813,3503.0,3.0175188319920387
421,2026-01-01,False,3568.973123136288,3474.2,2.7279121275772438
421,2026-02-01,False,3584.6904936918077,3489.5,2.7279121275772438
421,2026-03-01,False,3598.5587618290306,3503.0,2.7279121275772438
422,2026-01-01,False,3568.973123136288,3474.2,2.7279121275772438
422,2026-02-01,False,3584.6904936918077,3489.5,2.7279121275772438
422,2026-03-01,False,3598.5587618290306,3503.0,2.7279121275772438
423,2026-01-01,False,3548.638935310049,3474.2,2.14262090006474
423,2026-02-01,False,3564.266756307759,3489.5,2.14262090006474
423,2026-03-01,False,3578.0560101292676,3503.0,2.14262090006474
424,2026-01-01,True,3544.3,3474.2,2.047712184251786
424,2026-02-01,False,3560.9549166694665,3489.5,2.047712184251786
424,2026-03-01,False,3574.7313578143403,3503.0,2.047712184251786
425,2026-01-01,True,3529.7,3474.2,1.3039748661953712
425,2026-02-01,True,3521.4,3489.5,1.3039748661953712
425,2026-03-01,False,3548.6782395628243,3503.0,1.3039748661953712
426,2026-01-01,True,3529.7,3474.2,1.3039748661953712
426,2026-02-01,True,3521.4,3489.5,1.3039748661953712
426,2026-03-01,False,3548.6782395628243,3503.0,1.3039748661953712
427,2026-01-01,False,3579.0346392610672,3474.2,3.0175188319920387
427,2026-02-01,False,3594.796319642362,3489.5,3.0175188319920387
427,2026-03-01,False,3608.7036846846813,3503.0,3.0175188319920387
428,2026-01-01,False,3568.973123136288,3474.2,2.7279121275772438
428,2026-02-01,False,3584.6904936918077,3489.5,2.7279121275772438
428,2026-03-01,False,3598.5587618290306,3503.0,2.7279121275772438
429,2026-01-01,False,3568.973123136288,3474.2,2.7279121275772438
429,2026-02-01,False,3584.6904936918077,3489.5,2.7279121275772438
429,2026-03-01,False,3598.5587618290306,3503.0,2.7279121275772438
430,2026-01-01,False,3548.638935310049,3474.2,2.14262090006474
430,2026-02-01,False,3564.266756307759,3489.5,2.14262090006474
430,2026-03-01,False,3578.0560101292676,3503.0,2.14262090006474
431,2026-01-01,True,3544.3,3474.2,2.047712184251786
431,2026-02-01,False,3560.9549166694665,3489.5,2.047712184251786
431,2026-03-01,False,3574.7313578143403,3503.0,2.047712184251786
432,2026-01-01,True,3529.7,3474.2,1.3039748661953712
432,2026-02-01,True,3521.4,3489.5,1.3039748661953712
432,2026-03-01,False,3548.6782395628243,3503.0,1.3039748661953712
433,2026-01-01,True,3529.7,3474.2,1.3039748661953712
433,2026-02-01,True,3521.4,3489.5,1.3039748661953712
433,2026-03-01,False,3548.6782395628243,3503.0,1.3039748661953712
434,2026-01-01,False,180.2579485186822,178.259,1.1213731248813494
434,2026-02-01,False,181.84049800808663,179.824,1.1213731248813494
434,2026-03-01,False,181.76162333704923,179.746,1.1213731248813494
435,2026-01-01,False,180.48203333363966,178.259,1.2470805589842073
435,2026-02-01,False,182.06655014438778,179.824,1.2470805589842073
435,2026-03-01,False,181.98757742155178,179.746,1.2470805589842073
436,2026-01-01,False,180.48203333363966,178.259,1.2470805589842073
436,2026-02-01,False,182.06655014438778,179.824,1.2470805589842073
436,2026-03-01,False,181.98757742155178,179.746,1.2470805589842073
437,2026-01-01,True,181.597,178.259,1.3759751372442786
437,2026-02-01,False,182.29833353079817,179.824,1.3759751372442786
437,2026-03-01,False,182.2192602701911,179.746,1.3759751372442786
438,2026-01-01,True,181.597,178.259,1.7130139660966808
438,2026-02-01,True,182.953,179.824,1.7130139660966808
438,2026-03-01,False,182.82507408350017,179.746,1.7130139660966808
439,2026-01-01,True,181.597,178.259,1.9489516102333182
439,2026-02-01,True,182.953,179.824,1.9489516102333182
439,2026-03-01,True,183.762,179.746,1.9489516102333182
440,2026-01-01,True,181.597,178.259,1.9489516102333182
440,2026-02-01,True,182.953,179.824,1.9489516102333182
440,2026-03-01,True,183.762,179.746,1.9489516102333182
441,2026-01-01,False,180.2579485186822,178.259,1.1213731248813494
441,2026-02-01,False,181.84049800808663,179.824,1.1213731248813494
441,2026-03-01,False,181.76162333704923,179.746,1.1213731248813494
442,2026-01-01,False,180.48203333363966,178.259,1.2470805589842073
442,2026-02-01,False,182.06655014438778,179.824,1.2470805589842073
442,2026-03-01,False,181.98757742155178,179.746,1.2470805589842073
443,2026-01-01,False,180.48203333363966,178.259,1.2470805589842073
443,2026-02-01,False,182.06655014438778,179.824,1.2470805589842073
443,2026-03-01,False,181.98757742155178,179.746,1.2470805589842073
444,2026-01-01,True,181.597,178.259,1.3759751372442786
444,2026-02-01,False,182.29833353079817,179.824,1.3759751372442786
444,2026-03-01,False,182.2192602701911,179.746,1.3759751372442786
445,2026-01-01,True,181.597,178.259,1.7130139660966808
445,2026-02-01,True,182.953,179.824,1.7130139660966808
445,2026-03-01,False,182.82507408350017,179.746,1.7130139660966808
446,2026-01-01,True,181.597,178.259,1.9489516102333182
446,2026-02-01,True,182.953,179.824,1.9489516102333182
446,2026-03-01,True,183.762,179.746,1.9489516102333182
447,2026-01-01,True,181.597,178.259,1.9489516102333182
447,2026-02-01,True,182.953,179.824,1.9489516102333182
447,2026-03-01,True,183.762,179.746,1.9489516102333182
448,2026-01-01,False,39718.87862892024,37464.0,6.018787713325432
448,2026-02-01,False,40891.446421029614,38570.0,6.018787713325432
448,2026-03-01,False,41334.60495367132,38988.0,6.018787713325432
449,2026-01-01,False,39813.45676856397,37464.0,6.27123843840478
449,2026-02-01,False,40988.81666569272,38570.0,6.27123843840478
449,2026-03-01,False,41433.030442365256,38988.0,6.27123843840478
450,2026-01-01,False,39813.45676856397,37464.0,6.27123843840478
450,2026-02-01,False,40988.81666569272,38570.0,6.27123843840478
450,2026-03-01,False,41433.030442365256,38988.0,6.27123843840478
451,2026-01-01,False,39822.39382403185,37464.0,6.295093487165948
451,2026-02-01,False,40998.017557999905,38570.0,6.295093487165948
451,2026-03-01,False,41442.33104877626,38988.0,6.295093487165948
452,2026-01-01,True,38910.0,37806.0,4.846534821575502
452,2026-02-01,False,40439.30848068168,38570.0,4.846534821575502
452,2026-03-01,False,40877.56699623586,38988.0,4.846534821575502
453,2026-01-01,True,38949.0,37806.0,3.905539609054931
453,2026-02-01,True,39850.0,38823.0,3.905539609054931
453,2026-03-01,False,40510.69178277834,38988.0,3.905539609054931
454,2026-01-01,True,38913.0,37806.0,2.2257667190880444
454,2026-02-01,True,39686.0,38865.0,2.2257667190880444
454,2026-03-01,True,39866.0,39224.0,2.2257667190880444
455,2026-01-01,True,38913.0,37806.0,2.2257667190880444
455,2026-02-01,True,39686.0,38865.0,2.2257667190880444
455,2026-03-01,True,39866.0,39224.0,2.2257667190880444
456,2026-01-01,False,39718.87862892024,37464.0,6.018787713325432
456,2026-02-01,False,40891.446421029614,38570.0,6.018787713325432
456,2026-03-01,False,41334.60495367132,38988.0,6.018787713325432
457,2026-01-01,False,39813.45676856397,37464.0,6.27123843840478
457,2026-02-01,False,40988.81666569272,38570.0,6.27123843840478
457,2026-03-01,False,41433.030442365256,38988.0,6.27123843840478
458,2026-01-01,False,39813.45676856397,37464.0,6.27123843840478
458,2026-02-01,False,40988.81666569272,38570.0,6.27123843840478
458,2026-03-01,False,41433.030442365256,38988.0,6.27123843840478
459,2026-01-01,False,39822.39382403185,37464.0,6.295093487165948
459,2026-02-01,False,40998.017557999905,38570.0,6.295093487165948
459,2026-03-01,False,41442.33104877626,38988.0,6.295093487165948
460,2026-01-01,True,38910.0,37806.0,4.846534821575502
460,2026-02-01,False,40439.30848068168,38570.0,4.846534821575502
460,2026-03-01,False,40877.56699623586,38988.0,4.846534821575502
461,2026-01-01,True,38949.0,37806.0,3.905539609054931
461,2026-02-01,True,39850.0,38823.0,3.905539609054931
461,2026-03-01,False,40510.69178277834,38988.0,3.905539609054931
462,2026-01-01,True,38913.0,37806.0,2.2257667190880444
462,2026-02-01,True,39686.0,38865.0,2.2257667190880444
462,2026-03-01,True,39866.0,39224.0,2.2257667190880444
463,2026-01-01,True,38913.0,37806.0,2.2257667190880444
463,2026-02-01,True,39686.0,38865.0,2.2257667190880444
463,2026-03-01,True,39866.0,39224.0,2.2257667190880444
464,2026-04-01,False,3574.221119253419,3502.5,2.047712184251786
464,2026-05-01,False,3569.9351153416806,3498.3,2.047712184251786
464,2026-06-01,False,3594.9368048268225,3522.8,2.047712184251786
465,2026-04-01,False,3548.1717196884933,3502.5,1.3039748661953712
465,2026-05-01,False,3543.916952744113,3498.3,1.3039748661953712
465,2026-06-01,False,3568.736426586331,3522.8,1.3039748661953712
466,2026-04-01,False,3548.1717196884933,3502.5,1.3039748661953712
466,2026-05-01,False,3543.916952744113,3498.3,1.3039748661953712
466,2026-06-01,False,3568.736426586331,3522.8,1.3039748661953712
467,2026-04-01,False,3556.734338615015,3502.5,1.5484464986442514
467,2026-05-01,False,3552.469303862072,3498.3,1.5484464986442514
467,2026-06-01,False,3577.3486732542397,3522.8,1.5484464986442514
468,2026-04-01,False,3556.734338615015,3502.5,1.5484464986442514
468,2026-05-01,False,3552.469303862072,3498.3,1.5484464986442514
468,2026-06-01,False,3577.3486732542397,3522.8,1.5484464986442514
469,2026-04-01,False,3574.221119253419,3502.5,2.047712184251786
469,2026-05-01,False,3569.9351153416806,3498.3,2.047712184251786
469,2026-06-01,False,3594.9368048268225,3522.8,2.047712184251786
470,2026-04-01,False,3548.1717196884933,3502.5,1.3039748661953712
470,2026-05-01,False,3543.916952744113,3498.3,1.3039748661953712
470,2026-06-01,False,3568.736426586331,3522.8,1.3039748661953712
471,2026-04-01,False,3548.1717196884933,3502.5,1.3039748661953712
471,2026-05-01,False,3543.916952744113,3498.3,1.3039748661953712
471,2026-06-01,False,3568.736426586331,3522.8,1.3039748661953712
472,2026-04-01,False,3556.734338615015,3502.5,1.5484464986442514
472,2026-05-01,False,3552.469303862072,3498.3,1.5484464986442514
472,2026-06-01,False,3577.3486732542397,3522.8,1.5484464986442514
473,2026-04-01,False,3556.734338615015,3502.5,1.5484464986442514
473,2026-05-01,False,3552.469303862072,3498.3,1.5484464986442514
473,2026-06-01,False,3577.3486732542397,3522.8,1.5484464986442514
474,2026-04-01,False,3574.221119253419,3502.5,2.047712184251786
474,2026-05-01,False,3569.9351153416806,3498.3,2.047712184251786
474,2026-06-01,False,3594.9368048268225,3522.8,2.047712184251786
475,2026-04-01,False,3548.1717196884933,3502.5,1.3039748661953712
475,2026-05-01,False,3543.916952744113,3498.3,1.3039748661953712
475,2026-06-01,False,3568.736426586331,3522.8,1.3039748661953712
476,2026-04-01,False,3548.1717196884933,3502.5,1.3039748661953712
476,2026-05-01,False,3543.916952744113,3498.3,1.3039748661953712
476,2026-06-01,False,3568.736426586331,3522.8,1.3039748661953712
477,2026-04-01,False,3556.734338615015,3502.5,1.5484464986442514
477,2026-05-01,False,3552.469303862072,3498.3,1.5484464986442514
477,2026-06-01,False,3577.3486732542397,3522.8,1.5484464986442514
478,2026-04-01,False,3556.734338615015,3502.5,1.5484464986442514
478,2026-05-01,False,3552.469303862072,3498.3,1.5484464986442514
478,2026-06-01,False,3577.3486732542397,3522.8,1.5484464986442514
479,2026-04-01,False,3574.221119253419,3502.5,2.047712184251786
479,2026-05-01,False,3569.9351153416806,3498.3,2.047712184251786
479,2026-06-01,False,3594.9368048268225,3522.8,2.047712184251786
480,2026-04-01,False,3548.1717196884933,3502.5,1.3039748661953712
480,2026-05-01,False,3543.916952744113,3498.3,1.3039748661953712
480,2026-06-01,False,3568.736426586331,3522.8,1.3039748661953712
481,2026-04-01,False,3548.1717196884933,3502.5,1.3039748661953712
481,2026-05-01,False,3543.916952744113,3498.3,1.3039748661953712
481,2026-06-01,False,3568.736426586331,3522.8,1.3039748661953712
482,2026-04-01,False,3556.734338615015,3502.5,1.5484464986442514
482,2026-05-01,False,3552.469303862072,3498.3,1.5484464986442514
482,2026-06-01,False,3577.3486732542397,3522.8,1.5484464986442514
483,2026-04-01,False,3556.734338615015,3502.5,1.5484464986442514
483,2026-05-01,False,3552.469303862072,3498.3,1.5484464986442514
483,2026-06-01,False,3577.3486732542397,3522.8,1.5484464986442514
484,2026-04-01,False,3574.221119253419,3502.5,2.047712184251786
484,2026-05-01,False,3569.9351153416806,3498.3,2.047712184251786
484,2026-06-01,False,3594.9368048268225,3522.8,2.047712184251786
485,2026-04-01,False,3548.1717196884933,3502.5,1.3039748661953712
485,2026-05-01,False,3543.916952744113,3498.3,1.3039748661953712
485,2026-06-01,False,3568.736426586331,3522.8,1.3039748661953712
486,2026-04-01,False,3548.1717196884933,3502.5,1.3039748661953712
486,2026-05-01,False,3543.916952744113,3498.3,1.3039748661953712
486,2026-06-01,False,3568.736426586331,3522.8,1.3039748661953712
487,2026-04-01,False,3556.734338615015,3502.5,1.5484464986442514
487,2026-05-01,False,3552.469303862072,3498.3,1.5484464986442514
487,2026-06-01,False,3577.3486732542397,3522.8,1.5484464986442514
488,2026-04-01,False,3556.734338615015,3502.5,1.5484464986442514
488,2026-05-01,False,3552.469303862072,3498.3,1.5484464986442514
488,2026-06-01,False,3577.3486732542397,3522.8,1.5484464986442514
489,2026-04-01,False,183.08749365953267,180.004,1.7130139660966808
489,2026-05-01,False,182.7508235833049,179.673,1.7130139660966808
489,2026-06-01,False,182.9105130152317,179.83,1.7130139660966808
490,2026-04-01,False,183.51219085648438,180.004,1.9489516102333182
490,2026-05-01,False,183.1747398266545,179.673,1.9489516102333182
490,2026-06-01,False,183.33479968068258,179.83,1.9489516102333182
491,2026-04-01,False,183.51219085648438,180.004,1.9489516102333182
491,2026-05-01,False,183.1747398266545,179.673,1.9489516102333182
491,2026-06-01,False,183.33479968068258,179.83,1.9489516102333182
492,2026-04-01,True,184.895,180.004,2.2304868157259223
492,2026-05-01,False,183.68058257641925,179.673,2.2304868157259223
492,2026-06-01,False,183.84108444071995,179.83,2.2304868157259223
493,2026-04-01,True,184.895,180.004,2.2304868157259223
493,2026-05-01,False,183.68058257641925,179.673,2.2304868157259223
493,2026-06-01,False,183.84108444071995,179.83,2.2304868157259223
494,2026-04-01,False,183.08749365953267,180.004,1.7130139660966808
494,2026-05-01,False,182.7508235833049,179.673,1.7130139660966808
494,2026-06-01,False,182.9105130152317,179.83,1.7130139660966808
495,2026-04-01,False,183.51219085648438,180.004,1.9489516102333182
495,2026-05-01,False,183.1747398266545,179.673,1.9489516102333182
495,2026-06-01,False,183.33479968068258,179.83,1.9489516102333182
496,2026-04-01,False,183.51219085648438,180.004,1.9489516102333182
496,2026-05-01,False,183.1747398266545,179.673,1.9489516102333182
496,2026-06-01,False,183.33479968068258,179.83,1.9489516102333182
497,2026-04-01,True,184.895,180.004,2.2304868157259223
497,2026-05-01,False,183.68058257641925,179.673,2.2304868157259223
497,2026-06-01,False,183.84108444071995,179.83,2.2304868157259223
498,2026-04-01,True,184.895,180.004,2.2304868157259223
498,2026-05-01,False,183.68058257641925,179.673,2.2304868157259223
498,2026-06-01,False,183.84108444071995,179.83,2.2304868157259223
499,2026-04-01,False,40399.51285539665,38881.0,3.905539609054931
499,2026-05-01,False,40631.22220872484,39104.0,3.905539609054931
499,2026-06-01,False,41060.35208731024,39517.0,3.905539609054931
500,2026-04-01,False,39746.400358048624,38881.0,2.2257667190880444
500,2026-05-01,False,39974.36381783219,39104.0,2.2257667190880444
500,2026-06-01,False,40396.55623438203,39517.0,2.2257667190880444
501,2026-04-01,False,39746.400358048624,38881.0,2.2257667190880444
501,2026-05-01,False,39974.36381783219,39104.0,2.2257667190880444
501,2026-06-01,False,40396.55623438203,39517.0,2.2257667190880444
502,2026-04-01,True,40099.0,39198.0,2.2843790695607007
502,2026-05-01,False,39997.28359136101,39104.0,2.2843790695607007
502,2026-06-01,False,40419.718076918296,39517.0,2.2843790695607007
503,2026-04-01,True,40099.0,39198.0,2.2843790695607007
503,2026-05-01,False,39997.28359136101,39104.0,2.2843790695607007
503,2026-06-01,False,40419.718076918296,39517.0,2.2843790695607007
504,2026-04-01,False,40399.51285539665,38881.0,3.905539609054931
504,2026-05-01,False,40631.22220872484,39104.0,3.905539609054931
504,2026-06-01,False,41060.35208731024,39517.0,3.905539609054931
505,2026-04-01,False,39746.400358048624,38881.0,2.2257667190880444
505,2026-05-01,False,39974.36381783219,39104.0,2.2257667190880444
505,2026-06-01,False,40396.55623438203,39517.0,2.2257667190880444
506,2026-04-01,False,39746.400358048624,38881.0,2.2257667190880444
506,2026-05-01,False,39974.36381783219,39104.0,2.2257667190880444
506,2026-06-01,False,40396.55623438203,39517.0,2.2257667190880444
507,2026-04-01,True,40099.0,39198.0,2.2843790695607007
507,2026-05-01,False,39997.28359136101,39104.0,2.2843790695607007
507,2026-06-01,False,40419.718076918296,39517.0,2.2843790695607007
508,2026-04-01,True,40099.0,39198.0,2.2843790695607007
508,2026-05-01,False,39997.28359136101,39104.0,2.2843790695607007
508,2026-06-01,False,40419.718076918296,39517.0,2.2843790695607007
