Metric,FY2025,FY2026,Source
Revenue,46309,46398,"FY2026 annual report, PDF p. 58"
Cost of sales,26519,26487,"FY2026 annual report, PDF p. 58"
Selling and administrative expense,16088,16114,"FY2026 annual report, PDF p. 58"
Operating profit: sales less COGS and SG&A,3702,3797,"Calculated: revenue - cost of sales - SG&A; not NIKE-defined EBIT (PDF pp. 34, 58)"
Profit before tax,3885,3900,"FY2026 annual report, PDF p. 58"
Income tax expense,666,792,"FY2026 annual report, PDF p. 58"
Consolidated net income,3219,3108,"FY2026 annual report, PDF p. 58"
Net income attributable to parent,3219,3108,"FY2026 annual report, PDF p. 58"
Diluted EPS ($ per share),2.16,2.1,"FY2026 annual report, PDF p. 58"
Interest expense / (net interest income),-107,-50,"FY2026 annual report, PDF p. 58"
Interest income,0,0,"FY2026 annual report, PDF p. 58"
Other non-operating income,76,53,"FY2026 annual report, PDF p. 58"
Earnings attributable to noncontrolling interests,0,0,"FY2026 annual report, PDF p. 58"
Advertising (PG) / demand creation (NIKE),4689,4754,"FY2026 annual report, PDF p. 58"
Cash and equivalents,7464,7563,"FY2026 annual report, PDF p. 60"
Short-term investments (separately reported),1687,1464,"FY2026 annual report, PDF p. 60"
Accounts receivable,4717,5931,"FY2026 annual report, PDF p. 60"
Inventory,7489,7501,"FY2026 annual report, PDF p. 60"
Accounts payable,3479,3600,"FY2026 annual report, PDF p. 60"
Current assets,23362,24603,"FY2026 annual report, PDF p. 60"
Current liabilities,10566,12547,"FY2026 annual report, PDF p. 60"
Total assets,36579,38410,"FY2026 annual report, PDF p. 60"
Total liabilities,23366,23545,Calculated: total assets - shareholders equity (PDF p. 60)
Total equity including noncontrolling interests,13213,14865,"FY2026 annual report, PDF p. 60"
Debt due within one year,0,2000,"FY2026 annual report, PDF p. 60"
Long-term debt,7961,5942,"FY2026 annual report, PDF p. 60"
Goodwill,240,240,"FY2026 annual report, PDF p. 60"
Identifiable intangible assets,259,259,"FY2026 annual report, PDF p. 60"
Reported operating cash flow,3698,2868,"FY2026 annual report, PDF p. 61"
Depreciation and amortisation,775,747,"FY2026 annual report, PDF p. 61"
Share-based compensation,709,715,"FY2026 annual report, PDF p. 61"
Deferred tax adjustment,-288,-96,"FY2026 annual report, PDF p. 61"
Asset gain/loss (PG) / impairment and other (NIKE),33,50,"FY2026 annual report, PDF p. 61"
Noncash foreign currency adjustment,37,22,"FY2026 annual report, PDF p. 61"
Cash-flow effect: receivables,-257,-1207,"FY2026 annual report, PDF p. 61"
Cash-flow effect: inventory,120,-31,"FY2026 annual report, PDF p. 61"
Cash-flow effect: other assets,-224,519,"FY2026 annual report, PDF p. 61"
Cash-flow effect: payables and other liabilities,-426,-959,"FY2026 annual report, PDF p. 61"
Capital expenditure paid,430,684,"FY2026 annual report, PDF p. 61"
Cash dividends paid,2300,2407,"FY2026 annual report, PDF p. 61"
Cash used for share repurchases,2985,146,"FY2026 annual report, PDF p. 61"
Net investing cash flow,-275,-488,"FY2026 annual report, PDF p. 61"
Net financing cash flow,-5820,-2292,"FY2026 annual report, PDF p. 61"
FX effect on cash,1,11,"FY2026 annual report, PDF p. 61"
Opening cash,9860,7464,"FY2026 annual report, PDF p. 61"
Reported cash change,-2396,99,"FY2026 annual report, PDF p. 61"
NIKE Brand wholesale revenue,25883,27453,"FY2026 annual report, PDF p. 35"
NIKE Direct revenue,18783,17720,"FY2026 annual report, PDF p. 35"
Global Brand Divisions revenue,48,49,"FY2026 annual report, PDF p. 35"
Converse revenue,1692,1174,"FY2026 annual report, PDF p. 35"
Corporate revenue,-97,2,"FY2026 annual report, PDF p. 35"
Operating overhead expense,11399,11360,"FY2026 annual report, PDF p. 58"
IEEPA recovery recognised in cost of sales,0,986,"FY2026 annual report, PDF p. 33"
Outstanding IEEPA tariff receivable,0,684,"FY2026 annual report, PDF p. 33"
Company-defined EBIT,3778,3850,"FY2026 annual report, PDF p. 34"
Company-reported currency-neutral revenue growth,0,-0.02,"FY2026 annual report, PDF p. 35; FY2025 slot not used; FY2026 is the disclosed year-on-year driver"
Opening ar,4427.0,4717,FY2024 and FY2025 closing balances; SEC provenance and FY2026 comparative balance sheet
Opening inventory,7519.0,7489,FY2024 and FY2025 closing balances; SEC provenance and FY2026 comparative balance sheet
Opening ap,2851.0,3479,FY2024 and FY2025 closing balances; SEC provenance and FY2026 comparative balance sheet
Days,365,365,Analyst convention: 365 days for annual turnover ratios
