series,vintage,month,value,unit,source_url
RSHPCS,2026-04-24,2021-01-01,29812.0,"USD million, monthly flow, seasonally adjusted",https://alfred.stlouisfed.org/graph/alfredgraph.csv?id=RSHPCS&cosd=2021-01-01&coed=2026-04-01&vintage_date=2026-04-24
RSHPCS,2026-04-24,2021-02-01,29636.0,"USD million, monthly flow, seasonally adjusted",https://alfred.stlouisfed.org/graph/alfredgraph.csv?id=RSHPCS&cosd=2021-01-01&coed=2026-04-01&vintage_date=2026-04-24
RSHPCS,2026-04-24,2021-03-01,32090.0,"USD million, monthly flow, seasonally adjusted",https://alfred.stlouisfed.org/graph/alfredgraph.csv?id=RSHPCS&cosd=2021-01-01&coed=2026-04-01&vintage_date=2026-04-24
RSHPCS,2026-04-24,2021-04-01,31957.0,"USD million, monthly flow, seasonally adjusted",https://alfred.stlouisfed.org/graph/alfredgraph.csv?id=RSHPCS&cosd=2021-01-01&coed=2026-04-01&vintage_date=2026-04-24
RSHPCS,2026-04-24,2021-05-01,31321.0,"USD million, monthly flow, seasonally adjusted",https://alfred.stlouisfed.org/graph/alfredgraph.csv?id=RSHPCS&cosd=2021-01-01&coed=2026-04-01&vintage_date=2026-04-24
RSHPCS,2026-04-24,2021-06-01,32334.0,"USD million, monthly flow, seasonally adjusted",https://alfred.stlouisfed.org/graph/alfredgraph.csv?id=RSHPCS&cosd=2021-01-01&coed=2026-04-01&vintage_date=2026-04-24
RSHPCS,2026-04-24,2021-07-01,32225.0,"USD million, monthly flow, seasonally adjusted",https://alfred.stlouisfed.org/graph/alfredgraph.csv?id=RSHPCS&cosd=2021-01-01&coed=2026-04-01&vintage_date=2026-04-24
RSHPCS,2026-04-24,2021-08-01,32429.0,"USD million, monthly flow, seasonally adjusted",https://alfred.stlouisfed.org/graph/alfredgraph.csv?id=RSHPCS&cosd=2021-01-01&coed=2026-04-01&vintage_date=2026-04-24
RSHPCS,2026-04-24,2021-09-01,32183.0,"USD million, monthly flow, seasonally adjusted",https://alfred.stlouisfed.org/graph/alfredgraph.csv?id=RSHPCS&cosd=2021-01-01&coed=2026-04-01&vintage_date=2026-04-24
RSHPCS,2026-04-24,2021-10-01,32099.0,"USD million, monthly flow, seasonally adjusted",https://alfred.stlouisfed.org/graph/alfredgraph.csv?id=RSHPCS&cosd=2021-01-01&coed=2026-04-01&vintage_date=2026-04-24
RSHPCS,2026-04-24,2021-11-01,32490.0,"USD million, monthly flow, seasonally adjusted",https://alfred.stlouisfed.org/graph/alfredgraph.csv?id=RSHPCS&cosd=2021-01-01&coed=2026-04-01&vintage_date=2026-04-24
RSHPCS,2026-04-24,2021-12-01,32390.0,"USD million, monthly flow, seasonally adjusted",https://alfred.stlouisfed.org/graph/alfredgraph.csv?id=RSHPCS&cosd=2021-01-01&coed=2026-04-01&vintage_date=2026-04-24
RSHPCS,2026-04-24,2022-01-01,32664.0,"USD million, monthly flow, seasonally adjusted",https://alfred.stlouisfed.org/graph/alfredgraph.csv?id=RSHPCS&cosd=2021-01-01&coed=2026-04-01&vintage_date=2026-04-24
RSHPCS,2026-04-24,2022-02-01,32416.0,"USD million, monthly flow, seasonally adjusted",https://alfred.stlouisfed.org/graph/alfredgraph.csv?id=RSHPCS&cosd=2021-01-01&coed=2026-04-01&vintage_date=2026-04-24
RSHPCS,2026-04-24,2022-03-01,32553.0,"USD million, monthly flow, seasonally adjusted",https://alfred.stlouisfed.org/graph/alfredgraph.csv?id=RSHPCS&cosd=2021-01-01&coed=2026-04-01&vintage_date=2026-04-24
RSHPCS,2026-04-24,2022-04-01,32838.0,"USD million, monthly flow, seasonally adjusted",https://alfred.stlouisfed.org/graph/alfredgraph.csv?id=RSHPCS&cosd=2021-01-01&coed=2026-04-01&vintage_date=2026-04-24
RSHPCS,2026-04-24,2022-05-01,32656.0,"USD million, monthly flow, seasonally adjusted",https://alfred.stlouisfed.org/graph/alfredgraph.csv?id=RSHPCS&cosd=2021-01-01&coed=2026-04-01&vintage_date=2026-04-24
RSHPCS,2026-04-24,2022-06-01,33212.0,"USD million, monthly flow, seasonally adjusted",https://alfred.stlouisfed.org/graph/alfredgraph.csv?id=RSHPCS&cosd=2021-01-01&coed=2026-04-01&vintage_date=2026-04-24
RSHPCS,2026-04-24,2022-07-01,33431.0,"USD million, monthly flow, seasonally adjusted",https://alfred.stlouisfed.org/graph/alfredgraph.csv?id=RSHPCS&cosd=2021-01-01&coed=2026-04-01&vintage_date=2026-04-24
RSHPCS,2026-04-24,2022-08-01,33318.0,"USD million, monthly flow, seasonally adjusted",https://alfred.stlouisfed.org/graph/alfredgraph.csv?id=RSHPCS&cosd=2021-01-01&coed=2026-04-01&vintage_date=2026-04-24
RSHPCS,2026-04-24,2022-09-01,33529.0,"USD million, monthly flow, seasonally adjusted",https://alfred.stlouisfed.org/graph/alfredgraph.csv?id=RSHPCS&cosd=2021-01-01&coed=2026-04-01&vintage_date=2026-04-24
RSHPCS,2026-04-24,2022-10-01,33673.0,"USD million, monthly flow, seasonally adjusted",https://alfred.stlouisfed.org/graph/alfredgraph.csv?id=RSHPCS&cosd=2021-01-01&coed=2026-04-01&vintage_date=2026-04-24
RSHPCS,2026-04-24,2022-11-01,33896.0,"USD million, monthly flow, seasonally adjusted",https://alfred.stlouisfed.org/graph/alfredgraph.csv?id=RSHPCS&cosd=2021-01-01&coed=2026-04-01&vintage_date=2026-04-24
RSHPCS,2026-04-24,2022-12-01,33098.0,"USD million, monthly flow, seasonally adjusted",https://alfred.stlouisfed.org/graph/alfredgraph.csv?id=RSHPCS&cosd=2021-01-01&coed=2026-04-01&vintage_date=2026-04-24
RSHPCS,2026-04-24,2023-01-01,34603.0,"USD million, monthly flow, seasonally adjusted",https://alfred.stlouisfed.org/graph/alfredgraph.csv?id=RSHPCS&cosd=2021-01-01&coed=2026-04-01&vintage_date=2026-04-24
RSHPCS,2026-04-24,2023-02-01,35070.0,"USD million, monthly flow, seasonally adjusted",https://alfred.stlouisfed.org/graph/alfredgraph.csv?id=RSHPCS&cosd=2021-01-01&coed=2026-04-01&vintage_date=2026-04-24
RSHPCS,2026-04-24,2023-03-01,35207.0,"USD million, monthly flow, seasonally adjusted",https://alfred.stlouisfed.org/graph/alfredgraph.csv?id=RSHPCS&cosd=2021-01-01&coed=2026-04-01&vintage_date=2026-04-24
RSHPCS,2026-04-24,2023-04-01,35493.0,"USD million, monthly flow, seasonally adjusted",https://alfred.stlouisfed.org/graph/alfredgraph.csv?id=RSHPCS&cosd=2021-01-01&coed=2026-04-01&vintage_date=2026-04-24
RSHPCS,2026-04-24,2023-05-01,35745.0,"USD million, monthly flow, seasonally adjusted",https://alfred.stlouisfed.org/graph/alfredgraph.csv?id=RSHPCS&cosd=2021-01-01&coed=2026-04-01&vintage_date=2026-04-24
RSHPCS,2026-04-24,2023-06-01,35734.0,"USD million, monthly flow, seasonally adjusted",https://alfred.stlouisfed.org/graph/alfredgraph.csv?id=RSHPCS&cosd=2021-01-01&coed=2026-04-01&vintage_date=2026-04-24
RSHPCS,2026-04-24,2023-07-01,35455.0,"USD million, monthly flow, seasonally adjusted",https://alfred.stlouisfed.org/graph/alfredgraph.csv?id=RSHPCS&cosd=2021-01-01&coed=2026-04-01&vintage_date=2026-04-24
RSHPCS,2026-04-24,2023-08-01,36097.0,"USD million, monthly flow, seasonally adjusted",https://alfred.stlouisfed.org/graph/alfredgraph.csv?id=RSHPCS&cosd=2021-01-01&coed=2026-04-01&vintage_date=2026-04-24
RSHPCS,2026-04-24,2023-09-01,36011.0,"USD million, monthly flow, seasonally adjusted",https://alfred.stlouisfed.org/graph/alfredgraph.csv?id=RSHPCS&cosd=2021-01-01&coed=2026-04-01&vintage_date=2026-04-24
RSHPCS,2026-04-24,2023-10-01,37298.0,"USD million, monthly flow, seasonally adjusted",https://alfred.stlouisfed.org/graph/alfredgraph.csv?id=RSHPCS&cosd=2021-01-01&coed=2026-04-01&vintage_date=2026-04-24
RSHPCS,2026-04-24,2023-11-01,37150.0,"USD million, monthly flow, seasonally adjusted",https://alfred.stlouisfed.org/graph/alfredgraph.csv?id=RSHPCS&cosd=2021-01-01&coed=2026-04-01&vintage_date=2026-04-24
RSHPCS,2026-04-24,2023-12-01,36210.0,"USD million, monthly flow, seasonally adjusted",https://alfred.stlouisfed.org/graph/alfredgraph.csv?id=RSHPCS&cosd=2021-01-01&coed=2026-04-01&vintage_date=2026-04-24
RSHPCS,2026-04-24,2024-01-01,35827.0,"USD million, monthly flow, seasonally adjusted",https://alfred.stlouisfed.org/graph/alfredgraph.csv?id=RSHPCS&cosd=2021-01-01&coed=2026-04-01&vintage_date=2026-04-24
RSHPCS,2026-04-24,2024-02-01,35765.0,"USD million, monthly flow, seasonally adjusted",https://alfred.stlouisfed.org/graph/alfredgraph.csv?id=RSHPCS&cosd=2021-01-01&coed=2026-04-01&vintage_date=2026-04-24
RSHPCS,2026-04-24,2024-03-01,35624.0,"USD million, monthly flow, seasonally adjusted",https://alfred.stlouisfed.org/graph/alfredgraph.csv?id=RSHPCS&cosd=2021-01-01&coed=2026-04-01&vintage_date=2026-04-24
RSHPCS,2026-04-24,2024-04-01,35778.0,"USD million, monthly flow, seasonally adjusted",https://alfred.stlouisfed.org/graph/alfredgraph.csv?id=RSHPCS&cosd=2021-01-01&coed=2026-04-01&vintage_date=2026-04-24
RSHPCS,2026-04-24,2024-05-01,36028.0,"USD million, monthly flow, seasonally adjusted",https://alfred.stlouisfed.org/graph/alfredgraph.csv?id=RSHPCS&cosd=2021-01-01&coed=2026-04-01&vintage_date=2026-04-24
RSHPCS,2026-04-24,2024-06-01,36021.0,"USD million, monthly flow, seasonally adjusted",https://alfred.stlouisfed.org/graph/alfredgraph.csv?id=RSHPCS&cosd=2021-01-01&coed=2026-04-01&vintage_date=2026-04-24
RSHPCS,2026-04-24,2024-07-01,37535.0,"USD million, monthly flow, seasonally adjusted",https://alfred.stlouisfed.org/graph/alfredgraph.csv?id=RSHPCS&cosd=2021-01-01&coed=2026-04-01&vintage_date=2026-04-24
RSHPCS,2026-04-24,2024-08-01,37678.0,"USD million, monthly flow, seasonally adjusted",https://alfred.stlouisfed.org/graph/alfredgraph.csv?id=RSHPCS&cosd=2021-01-01&coed=2026-04-01&vintage_date=2026-04-24
RSHPCS,2026-04-24,2024-09-01,38360.0,"USD million, monthly flow, seasonally adjusted",https://alfred.stlouisfed.org/graph/alfredgraph.csv?id=RSHPCS&cosd=2021-01-01&coed=2026-04-01&vintage_date=2026-04-24
RSHPCS,2026-04-24,2024-10-01,38196.0,"USD million, monthly flow, seasonally adjusted",https://alfred.stlouisfed.org/graph/alfredgraph.csv?id=RSHPCS&cosd=2021-01-01&coed=2026-04-01&vintage_date=2026-04-24
RSHPCS,2026-04-24,2024-11-01,38085.0,"USD million, monthly flow, seasonally adjusted",https://alfred.stlouisfed.org/graph/alfredgraph.csv?id=RSHPCS&cosd=2021-01-01&coed=2026-04-01&vintage_date=2026-04-24
RSHPCS,2026-04-24,2024-12-01,37831.0,"USD million, monthly flow, seasonally adjusted",https://alfred.stlouisfed.org/graph/alfredgraph.csv?id=RSHPCS&cosd=2021-01-01&coed=2026-04-01&vintage_date=2026-04-24
RSHPCS,2026-04-24,2025-01-01,37806.0,"USD million, monthly flow, seasonally adjusted",https://alfred.stlouisfed.org/graph/alfredgraph.csv?id=RSHPCS&cosd=2021-01-01&coed=2026-04-01&vintage_date=2026-04-24
RSHPCS,2026-04-24,2025-02-01,38865.0,"USD million, monthly flow, seasonally adjusted",https://alfred.stlouisfed.org/graph/alfredgraph.csv?id=RSHPCS&cosd=2021-01-01&coed=2026-04-01&vintage_date=2026-04-24
RSHPCS,2026-04-24,2025-03-01,39224.0,"USD million, monthly flow, seasonally adjusted",https://alfred.stlouisfed.org/graph/alfredgraph.csv?id=RSHPCS&cosd=2021-01-01&coed=2026-04-01&vintage_date=2026-04-24
RSHPCS,2026-04-24,2025-04-01,38881.0,"USD million, monthly flow, seasonally adjusted",https://alfred.stlouisfed.org/graph/alfredgraph.csv?id=RSHPCS&cosd=2021-01-01&coed=2026-04-01&vintage_date=2026-04-24
RSHPCS,2026-04-24,2025-05-01,39104.0,"USD million, monthly flow, seasonally adjusted",https://alfred.stlouisfed.org/graph/alfredgraph.csv?id=RSHPCS&cosd=2021-01-01&coed=2026-04-01&vintage_date=2026-04-24
RSHPCS,2026-04-24,2025-06-01,39517.0,"USD million, monthly flow, seasonally adjusted",https://alfred.stlouisfed.org/graph/alfredgraph.csv?id=RSHPCS&cosd=2021-01-01&coed=2026-04-01&vintage_date=2026-04-24
RSHPCS,2026-04-24,2025-07-01,40182.0,"USD million, monthly flow, seasonally adjusted",https://alfred.stlouisfed.org/graph/alfredgraph.csv?id=RSHPCS&cosd=2021-01-01&coed=2026-04-01&vintage_date=2026-04-24
RSHPCS,2026-04-24,2025-08-01,40118.0,"USD million, monthly flow, seasonally adjusted",https://alfred.stlouisfed.org/graph/alfredgraph.csv?id=RSHPCS&cosd=2021-01-01&coed=2026-04-01&vintage_date=2026-04-24
RSHPCS,2026-04-24,2025-09-01,40637.0,"USD million, monthly flow, seasonally adjusted",https://alfred.stlouisfed.org/graph/alfredgraph.csv?id=RSHPCS&cosd=2021-01-01&coed=2026-04-01&vintage_date=2026-04-24
RSHPCS,2026-04-24,2025-10-01,40456.0,"USD million, monthly flow, seasonally adjusted",https://alfred.stlouisfed.org/graph/alfredgraph.csv?id=RSHPCS&cosd=2021-01-01&coed=2026-04-01&vintage_date=2026-04-24
RSHPCS,2026-04-24,2025-11-01,40222.0,"USD million, monthly flow, seasonally adjusted",https://alfred.stlouisfed.org/graph/alfredgraph.csv?id=RSHPCS&cosd=2021-01-01&coed=2026-04-01&vintage_date=2026-04-24
RSHPCS,2026-04-24,2025-12-01,40119.0,"USD million, monthly flow, seasonally adjusted",https://alfred.stlouisfed.org/graph/alfredgraph.csv?id=RSHPCS&cosd=2021-01-01&coed=2026-04-01&vintage_date=2026-04-24
RSHPCS,2026-04-24,2026-01-01,38913.0,"USD million, monthly flow, seasonally adjusted",https://alfred.stlouisfed.org/graph/alfredgraph.csv?id=RSHPCS&cosd=2021-01-01&coed=2026-04-01&vintage_date=2026-04-24
RSHPCS,2026-04-24,2026-02-01,39686.0,"USD million, monthly flow, seasonally adjusted",https://alfred.stlouisfed.org/graph/alfredgraph.csv?id=RSHPCS&cosd=2021-01-01&coed=2026-04-01&vintage_date=2026-04-24
RSHPCS,2026-04-24,2026-03-01,39866.0,"USD million, monthly flow, seasonally adjusted",https://alfred.stlouisfed.org/graph/alfredgraph.csv?id=RSHPCS&cosd=2021-01-01&coed=2026-04-01&vintage_date=2026-04-24
RSHPCS,2026-05-15,2021-01-01,29812.0,"USD million, monthly flow, seasonally adjusted",https://alfred.stlouisfed.org/graph/alfredgraph.csv?id=RSHPCS&cosd=2021-01-01&coed=2026-04-01&vintage_date=2026-05-15
RSHPCS,2026-05-15,2021-02-01,29636.0,"USD million, monthly flow, seasonally adjusted",https://alfred.stlouisfed.org/graph/alfredgraph.csv?id=RSHPCS&cosd=2021-01-01&coed=2026-04-01&vintage_date=2026-05-15
RSHPCS,2026-05-15,2021-03-01,32090.0,"USD million, monthly flow, seasonally adjusted",https://alfred.stlouisfed.org/graph/alfredgraph.csv?id=RSHPCS&cosd=2021-01-01&coed=2026-04-01&vintage_date=2026-05-15
RSHPCS,2026-05-15,2021-04-01,31957.0,"USD million, monthly flow, seasonally adjusted",https://alfred.stlouisfed.org/graph/alfredgraph.csv?id=RSHPCS&cosd=2021-01-01&coed=2026-04-01&vintage_date=2026-05-15
RSHPCS,2026-05-15,2021-05-01,31321.0,"USD million, monthly flow, seasonally adjusted",https://alfred.stlouisfed.org/graph/alfredgraph.csv?id=RSHPCS&cosd=2021-01-01&coed=2026-04-01&vintage_date=2026-05-15
RSHPCS,2026-05-15,2021-06-01,32334.0,"USD million, monthly flow, seasonally adjusted",https://alfred.stlouisfed.org/graph/alfredgraph.csv?id=RSHPCS&cosd=2021-01-01&coed=2026-04-01&vintage_date=2026-05-15
RSHPCS,2026-05-15,2021-07-01,32225.0,"USD million, monthly flow, seasonally adjusted",https://alfred.stlouisfed.org/graph/alfredgraph.csv?id=RSHPCS&cosd=2021-01-01&coed=2026-04-01&vintage_date=2026-05-15
RSHPCS,2026-05-15,2021-08-01,32429.0,"USD million, monthly flow, seasonally adjusted",https://alfred.stlouisfed.org/graph/alfredgraph.csv?id=RSHPCS&cosd=2021-01-01&coed=2026-04-01&vintage_date=2026-05-15
RSHPCS,2026-05-15,2021-09-01,32183.0,"USD million, monthly flow, seasonally adjusted",https://alfred.stlouisfed.org/graph/alfredgraph.csv?id=RSHPCS&cosd=2021-01-01&coed=2026-04-01&vintage_date=2026-05-15
RSHPCS,2026-05-15,2021-10-01,32099.0,"USD million, monthly flow, seasonally adjusted",https://alfred.stlouisfed.org/graph/alfredgraph.csv?id=RSHPCS&cosd=2021-01-01&coed=2026-04-01&vintage_date=2026-05-15
RSHPCS,2026-05-15,2021-11-01,32490.0,"USD million, monthly flow, seasonally adjusted",https://alfred.stlouisfed.org/graph/alfredgraph.csv?id=RSHPCS&cosd=2021-01-01&coed=2026-04-01&vintage_date=2026-05-15
RSHPCS,2026-05-15,2021-12-01,32390.0,"USD million, monthly flow, seasonally adjusted",https://alfred.stlouisfed.org/graph/alfredgraph.csv?id=RSHPCS&cosd=2021-01-01&coed=2026-04-01&vintage_date=2026-05-15
RSHPCS,2026-05-15,2022-01-01,32664.0,"USD million, monthly flow, seasonally adjusted",https://alfred.stlouisfed.org/graph/alfredgraph.csv?id=RSHPCS&cosd=2021-01-01&coed=2026-04-01&vintage_date=2026-05-15
RSHPCS,2026-05-15,2022-02-01,32416.0,"USD million, monthly flow, seasonally adjusted",https://alfred.stlouisfed.org/graph/alfredgraph.csv?id=RSHPCS&cosd=2021-01-01&coed=2026-04-01&vintage_date=2026-05-15
RSHPCS,2026-05-15,2022-03-01,32553.0,"USD million, monthly flow, seasonally adjusted",https://alfred.stlouisfed.org/graph/alfredgraph.csv?id=RSHPCS&cosd=2021-01-01&coed=2026-04-01&vintage_date=2026-05-15
RSHPCS,2026-05-15,2022-04-01,32838.0,"USD million, monthly flow, seasonally adjusted",https://alfred.stlouisfed.org/graph/alfredgraph.csv?id=RSHPCS&cosd=2021-01-01&coed=2026-04-01&vintage_date=2026-05-15
RSHPCS,2026-05-15,2022-05-01,32656.0,"USD million, monthly flow, seasonally adjusted",https://alfred.stlouisfed.org/graph/alfredgraph.csv?id=RSHPCS&cosd=2021-01-01&coed=2026-04-01&vintage_date=2026-05-15
RSHPCS,2026-05-15,2022-06-01,33212.0,"USD million, monthly flow, seasonally adjusted",https://alfred.stlouisfed.org/graph/alfredgraph.csv?id=RSHPCS&cosd=2021-01-01&coed=2026-04-01&vintage_date=2026-05-15
RSHPCS,2026-05-15,2022-07-01,33431.0,"USD million, monthly flow, seasonally adjusted",https://alfred.stlouisfed.org/graph/alfredgraph.csv?id=RSHPCS&cosd=2021-01-01&coed=2026-04-01&vintage_date=2026-05-15
RSHPCS,2026-05-15,2022-08-01,33318.0,"USD million, monthly flow, seasonally adjusted",https://alfred.stlouisfed.org/graph/alfredgraph.csv?id=RSHPCS&cosd=2021-01-01&coed=2026-04-01&vintage_date=2026-05-15
RSHPCS,2026-05-15,2022-09-01,33529.0,"USD million, monthly flow, seasonally adjusted",https://alfred.stlouisfed.org/graph/alfredgraph.csv?id=RSHPCS&cosd=2021-01-01&coed=2026-04-01&vintage_date=2026-05-15
RSHPCS,2026-05-15,2022-10-01,33673.0,"USD million, monthly flow, seasonally adjusted",https://alfred.stlouisfed.org/graph/alfredgraph.csv?id=RSHPCS&cosd=2021-01-01&coed=2026-04-01&vintage_date=2026-05-15
RSHPCS,2026-05-15,2022-11-01,33896.0,"USD million, monthly flow, seasonally adjusted",https://alfred.stlouisfed.org/graph/alfredgraph.csv?id=RSHPCS&cosd=2021-01-01&coed=2026-04-01&vintage_date=2026-05-15
RSHPCS,2026-05-15,2022-12-01,33098.0,"USD million, monthly flow, seasonally adjusted",https://alfred.stlouisfed.org/graph/alfredgraph.csv?id=RSHPCS&cosd=2021-01-01&coed=2026-04-01&vintage_date=2026-05-15
RSHPCS,2026-05-15,2023-01-01,34603.0,"USD million, monthly flow, seasonally adjusted",https://alfred.stlouisfed.org/graph/alfredgraph.csv?id=RSHPCS&cosd=2021-01-01&coed=2026-04-01&vintage_date=2026-05-15
RSHPCS,2026-05-15,2023-02-01,35070.0,"USD million, monthly flow, seasonally adjusted",https://alfred.stlouisfed.org/graph/alfredgraph.csv?id=RSHPCS&cosd=2021-01-01&coed=2026-04-01&vintage_date=2026-05-15
RSHPCS,2026-05-15,2023-03-01,35207.0,"USD million, monthly flow, seasonally adjusted",https://alfred.stlouisfed.org/graph/alfredgraph.csv?id=RSHPCS&cosd=2021-01-01&coed=2026-04-01&vintage_date=2026-05-15
RSHPCS,2026-05-15,2023-04-01,35493.0,"USD million, monthly flow, seasonally adjusted",https://alfred.stlouisfed.org/graph/alfredgraph.csv?id=RSHPCS&cosd=2021-01-01&coed=2026-04-01&vintage_date=2026-05-15
RSHPCS,2026-05-15,2023-05-01,35745.0,"USD million, monthly flow, seasonally adjusted",https://alfred.stlouisfed.org/graph/alfredgraph.csv?id=RSHPCS&cosd=2021-01-01&coed=2026-04-01&vintage_date=2026-05-15
RSHPCS,2026-05-15,2023-06-01,35734.0,"USD million, monthly flow, seasonally adjusted",https://alfred.stlouisfed.org/graph/alfredgraph.csv?id=RSHPCS&cosd=2021-01-01&coed=2026-04-01&vintage_date=2026-05-15
RSHPCS,2026-05-15,2023-07-01,35455.0,"USD million, monthly flow, seasonally adjusted",https://alfred.stlouisfed.org/graph/alfredgraph.csv?id=RSHPCS&cosd=2021-01-01&coed=2026-04-01&vintage_date=2026-05-15
RSHPCS,2026-05-15,2023-08-01,36097.0,"USD million, monthly flow, seasonally adjusted",https://alfred.stlouisfed.org/graph/alfredgraph.csv?id=RSHPCS&cosd=2021-01-01&coed=2026-04-01&vintage_date=2026-05-15
RSHPCS,2026-05-15,2023-09-01,36011.0,"USD million, monthly flow, seasonally adjusted",https://alfred.stlouisfed.org/graph/alfredgraph.csv?id=RSHPCS&cosd=2021-01-01&coed=2026-04-01&vintage_date=2026-05-15
RSHPCS,2026-05-15,2023-10-01,37298.0,"USD million, monthly flow, seasonally adjusted",https://alfred.stlouisfed.org/graph/alfredgraph.csv?id=RSHPCS&cosd=2021-01-01&coed=2026-04-01&vintage_date=2026-05-15
RSHPCS,2026-05-15,2023-11-01,37150.0,"USD million, monthly flow, seasonally adjusted",https://alfred.stlouisfed.org/graph/alfredgraph.csv?id=RSHPCS&cosd=2021-01-01&coed=2026-04-01&vintage_date=2026-05-15
RSHPCS,2026-05-15,2023-12-01,36210.0,"USD million, monthly flow, seasonally adjusted",https://alfred.stlouisfed.org/graph/alfredgraph.csv?id=RSHPCS&cosd=2021-01-01&coed=2026-04-01&vintage_date=2026-05-15
RSHPCS,2026-05-15,2024-01-01,35827.0,"USD million, monthly flow, seasonally adjusted",https://alfred.stlouisfed.org/graph/alfredgraph.csv?id=RSHPCS&cosd=2021-01-01&coed=2026-04-01&vintage_date=2026-05-15
RSHPCS,2026-05-15,2024-02-01,35765.0,"USD million, monthly flow, seasonally adjusted",https://alfred.stlouisfed.org/graph/alfredgraph.csv?id=RSHPCS&cosd=2021-01-01&coed=2026-04-01&vintage_date=2026-05-15
RSHPCS,2026-05-15,2024-03-01,35624.0,"USD million, monthly flow, seasonally adjusted",https://alfred.stlouisfed.org/graph/alfredgraph.csv?id=RSHPCS&cosd=2021-01-01&coed=2026-04-01&vintage_date=2026-05-15
RSHPCS,2026-05-15,2024-04-01,35778.0,"USD million, monthly flow, seasonally adjusted",https://alfred.stlouisfed.org/graph/alfredgraph.csv?id=RSHPCS&cosd=2021-01-01&coed=2026-04-01&vintage_date=2026-05-15
RSHPCS,2026-05-15,2024-05-01,36028.0,"USD million, monthly flow, seasonally adjusted",https://alfred.stlouisfed.org/graph/alfredgraph.csv?id=RSHPCS&cosd=2021-01-01&coed=2026-04-01&vintage_date=2026-05-15
RSHPCS,2026-05-15,2024-06-01,36021.0,"USD million, monthly flow, seasonally adjusted",https://alfred.stlouisfed.org/graph/alfredgraph.csv?id=RSHPCS&cosd=2021-01-01&coed=2026-04-01&vintage_date=2026-05-15
RSHPCS,2026-05-15,2024-07-01,37535.0,"USD million, monthly flow, seasonally adjusted",https://alfred.stlouisfed.org/graph/alfredgraph.csv?id=RSHPCS&cosd=2021-01-01&coed=2026-04-01&vintage_date=2026-05-15
RSHPCS,2026-05-15,2024-08-01,37678.0,"USD million, monthly flow, seasonally adjusted",https://alfred.stlouisfed.org/graph/alfredgraph.csv?id=RSHPCS&cosd=2021-01-01&coed=2026-04-01&vintage_date=2026-05-15
RSHPCS,2026-05-15,2024-09-01,38360.0,"USD million, monthly flow, seasonally adjusted",https://alfred.stlouisfed.org/graph/alfredgraph.csv?id=RSHPCS&cosd=2021-01-01&coed=2026-04-01&vintage_date=2026-05-15
RSHPCS,2026-05-15,2024-10-01,38196.0,"USD million, monthly flow, seasonally adjusted",https://alfred.stlouisfed.org/graph/alfredgraph.csv?id=RSHPCS&cosd=2021-01-01&coed=2026-04-01&vintage_date=2026-05-15
RSHPCS,2026-05-15,2024-11-01,38085.0,"USD million, monthly flow, seasonally adjusted",https://alfred.stlouisfed.org/graph/alfredgraph.csv?id=RSHPCS&cosd=2021-01-01&coed=2026-04-01&vintage_date=2026-05-15
RSHPCS,2026-05-15,2024-12-01,37831.0,"USD million, monthly flow, seasonally adjusted",https://alfred.stlouisfed.org/graph/alfredgraph.csv?id=RSHPCS&cosd=2021-01-01&coed=2026-04-01&vintage_date=2026-05-15
RSHPCS,2026-05-15,2025-01-01,37806.0,"USD million, monthly flow, seasonally adjusted",https://alfred.stlouisfed.org/graph/alfredgraph.csv?id=RSHPCS&cosd=2021-01-01&coed=2026-04-01&vintage_date=2026-05-15
RSHPCS,2026-05-15,2025-02-01,38865.0,"USD million, monthly flow, seasonally adjusted",https://alfred.stlouisfed.org/graph/alfredgraph.csv?id=RSHPCS&cosd=2021-01-01&coed=2026-04-01&vintage_date=2026-05-15
RSHPCS,2026-05-15,2025-03-01,39145.0,"USD million, monthly flow, seasonally adjusted",https://alfred.stlouisfed.org/graph/alfredgraph.csv?id=RSHPCS&cosd=2021-01-01&coed=2026-04-01&vintage_date=2026-05-15
RSHPCS,2026-05-15,2025-04-01,39198.0,"USD million, monthly flow, seasonally adjusted",https://alfred.stlouisfed.org/graph/alfredgraph.csv?id=RSHPCS&cosd=2021-01-01&coed=2026-04-01&vintage_date=2026-05-15
RSHPCS,2026-05-15,2025-05-01,39104.0,"USD million, monthly flow, seasonally adjusted",https://alfred.stlouisfed.org/graph/alfredgraph.csv?id=RSHPCS&cosd=2021-01-01&coed=2026-04-01&vintage_date=2026-05-15
RSHPCS,2026-05-15,2025-06-01,39517.0,"USD million, monthly flow, seasonally adjusted",https://alfred.stlouisfed.org/graph/alfredgraph.csv?id=RSHPCS&cosd=2021-01-01&coed=2026-04-01&vintage_date=2026-05-15
RSHPCS,2026-05-15,2025-07-01,40182.0,"USD million, monthly flow, seasonally adjusted",https://alfred.stlouisfed.org/graph/alfredgraph.csv?id=RSHPCS&cosd=2021-01-01&coed=2026-04-01&vintage_date=2026-05-15
RSHPCS,2026-05-15,2025-08-01,40118.0,"USD million, monthly flow, seasonally adjusted",https://alfred.stlouisfed.org/graph/alfredgraph.csv?id=RSHPCS&cosd=2021-01-01&coed=2026-04-01&vintage_date=2026-05-15
RSHPCS,2026-05-15,2025-09-01,40637.0,"USD million, monthly flow, seasonally adjusted",https://alfred.stlouisfed.org/graph/alfredgraph.csv?id=RSHPCS&cosd=2021-01-01&coed=2026-04-01&vintage_date=2026-05-15
RSHPCS,2026-05-15,2025-10-01,40456.0,"USD million, monthly flow, seasonally adjusted",https://alfred.stlouisfed.org/graph/alfredgraph.csv?id=RSHPCS&cosd=2021-01-01&coed=2026-04-01&vintage_date=2026-05-15
RSHPCS,2026-05-15,2025-11-01,40222.0,"USD million, monthly flow, seasonally adjusted",https://alfred.stlouisfed.org/graph/alfredgraph.csv?id=RSHPCS&cosd=2021-01-01&coed=2026-04-01&vintage_date=2026-05-15
RSHPCS,2026-05-15,2025-12-01,40119.0,"USD million, monthly flow, seasonally adjusted",https://alfred.stlouisfed.org/graph/alfredgraph.csv?id=RSHPCS&cosd=2021-01-01&coed=2026-04-01&vintage_date=2026-05-15
RSHPCS,2026-05-15,2026-01-01,38913.0,"USD million, monthly flow, seasonally adjusted",https://alfred.stlouisfed.org/graph/alfredgraph.csv?id=RSHPCS&cosd=2021-01-01&coed=2026-04-01&vintage_date=2026-05-15
RSHPCS,2026-05-15,2026-02-01,39681.0,"USD million, monthly flow, seasonally adjusted",https://alfred.stlouisfed.org/graph/alfredgraph.csv?id=RSHPCS&cosd=2021-01-01&coed=2026-04-01&vintage_date=2026-05-15
RSHPCS,2026-05-15,2026-03-01,40106.0,"USD million, monthly flow, seasonally adjusted",https://alfred.stlouisfed.org/graph/alfredgraph.csv?id=RSHPCS&cosd=2021-01-01&coed=2026-04-01&vintage_date=2026-05-15
RSHPCS,2026-05-15,2026-04-01,40099.0,"USD million, monthly flow, seasonally adjusted",https://alfred.stlouisfed.org/graph/alfredgraph.csv?id=RSHPCS&cosd=2021-01-01&coed=2026-04-01&vintage_date=2026-05-15
PCENDC96,2026-04-24,2021-01-01,3196.8,"USD billion, chained 2017, seasonally adjusted annual rate",https://alfred.stlouisfed.org/graph/alfredgraph.csv?id=PCENDC96&cosd=2021-01-01&coed=2026-04-01&vintage_date=2026-04-24
PCENDC96,2026-04-24,2021-02-01,3136.7,"USD billion, chained 2017, seasonally adjusted annual rate",https://alfred.stlouisfed.org/graph/alfredgraph.csv?id=PCENDC96&cosd=2021-01-01&coed=2026-04-01&vintage_date=2026-04-24
PCENDC96,2026-04-24,2021-03-01,3322.2,"USD billion, chained 2017, seasonally adjusted annual rate",https://alfred.stlouisfed.org/graph/alfredgraph.csv?id=PCENDC96&cosd=2021-01-01&coed=2026-04-01&vintage_date=2026-04-24
PCENDC96,2026-04-24,2021-04-01,3323.4,"USD billion, chained 2017, seasonally adjusted annual rate",https://alfred.stlouisfed.org/graph/alfredgraph.csv?id=PCENDC96&cosd=2021-01-01&coed=2026-04-01&vintage_date=2026-04-24
PCENDC96,2026-04-24,2021-05-01,3315.0,"USD billion, chained 2017, seasonally adjusted annual rate",https://alfred.stlouisfed.org/graph/alfredgraph.csv?id=PCENDC96&cosd=2021-01-01&coed=2026-04-01&vintage_date=2026-04-24
PCENDC96,2026-04-24,2021-06-01,3370.5,"USD billion, chained 2017, seasonally adjusted annual rate",https://alfred.stlouisfed.org/graph/alfredgraph.csv?id=PCENDC96&cosd=2021-01-01&coed=2026-04-01&vintage_date=2026-04-24
PCENDC96,2026-04-24,2021-07-01,3316.0,"USD billion, chained 2017, seasonally adjusted annual rate",https://alfred.stlouisfed.org/graph/alfredgraph.csv?id=PCENDC96&cosd=2021-01-01&coed=2026-04-01&vintage_date=2026-04-24
PCENDC96,2026-04-24,2021-08-01,3358.1,"USD billion, chained 2017, seasonally adjusted annual rate",https://alfred.stlouisfed.org/graph/alfredgraph.csv?id=PCENDC96&cosd=2021-01-01&coed=2026-04-01&vintage_date=2026-04-24
PCENDC96,2026-04-24,2021-09-01,3353.8,"USD billion, chained 2017, seasonally adjusted annual rate",https://alfred.stlouisfed.org/graph/alfredgraph.csv?id=PCENDC96&cosd=2021-01-01&coed=2026-04-01&vintage_date=2026-04-24
PCENDC96,2026-04-24,2021-10-01,3364.3,"USD billion, chained 2017, seasonally adjusted annual rate",https://alfred.stlouisfed.org/graph/alfredgraph.csv?id=PCENDC96&cosd=2021-01-01&coed=2026-04-01&vintage_date=2026-04-24
PCENDC96,2026-04-24,2021-11-01,3370.8,"USD billion, chained 2017, seasonally adjusted annual rate",https://alfred.stlouisfed.org/graph/alfredgraph.csv?id=PCENDC96&cosd=2021-01-01&coed=2026-04-01&vintage_date=2026-04-24
PCENDC96,2026-04-24,2021-12-01,3344.9,"USD billion, chained 2017, seasonally adjusted annual rate",https://alfred.stlouisfed.org/graph/alfredgraph.csv?id=PCENDC96&cosd=2021-01-01&coed=2026-04-01&vintage_date=2026-04-24
PCENDC96,2026-04-24,2022-01-01,3340.6,"USD billion, chained 2017, seasonally adjusted annual rate",https://alfred.stlouisfed.org/graph/alfredgraph.csv?id=PCENDC96&cosd=2021-01-01&coed=2026-04-01&vintage_date=2026-04-24
PCENDC96,2026-04-24,2022-02-01,3328.9,"USD billion, chained 2017, seasonally adjusted annual rate",https://alfred.stlouisfed.org/graph/alfredgraph.csv?id=PCENDC96&cosd=2021-01-01&coed=2026-04-01&vintage_date=2026-04-24
PCENDC96,2026-04-24,2022-03-01,3333.7,"USD billion, chained 2017, seasonally adjusted annual rate",https://alfred.stlouisfed.org/graph/alfredgraph.csv?id=PCENDC96&cosd=2021-01-01&coed=2026-04-01&vintage_date=2026-04-24
PCENDC96,2026-04-24,2022-04-01,3334.7,"USD billion, chained 2017, seasonally adjusted annual rate",https://alfred.stlouisfed.org/graph/alfredgraph.csv?id=PCENDC96&cosd=2021-01-01&coed=2026-04-01&vintage_date=2026-04-24
PCENDC96,2026-04-24,2022-05-01,3339.6,"USD billion, chained 2017, seasonally adjusted annual rate",https://alfred.stlouisfed.org/graph/alfredgraph.csv?id=PCENDC96&cosd=2021-01-01&coed=2026-04-01&vintage_date=2026-04-24
PCENDC96,2026-04-24,2022-06-01,3330.8,"USD billion, chained 2017, seasonally adjusted annual rate",https://alfred.stlouisfed.org/graph/alfredgraph.csv?id=PCENDC96&cosd=2021-01-01&coed=2026-04-01&vintage_date=2026-04-24
PCENDC96,2026-04-24,2022-07-01,3293.4,"USD billion, chained 2017, seasonally adjusted annual rate",https://alfred.stlouisfed.org/graph/alfredgraph.csv?id=PCENDC96&cosd=2021-01-01&coed=2026-04-01&vintage_date=2026-04-24
PCENDC96,2026-04-24,2022-08-01,3313.4,"USD billion, chained 2017, seasonally adjusted annual rate",https://alfred.stlouisfed.org/graph/alfredgraph.csv?id=PCENDC96&cosd=2021-01-01&coed=2026-04-01&vintage_date=2026-04-24
PCENDC96,2026-04-24,2022-09-01,3323.4,"USD billion, chained 2017, seasonally adjusted annual rate",https://alfred.stlouisfed.org/graph/alfredgraph.csv?id=PCENDC96&cosd=2021-01-01&coed=2026-04-01&vintage_date=2026-04-24
PCENDC96,2026-04-24,2022-10-01,3319.6,"USD billion, chained 2017, seasonally adjusted annual rate",https://alfred.stlouisfed.org/graph/alfredgraph.csv?id=PCENDC96&cosd=2021-01-01&coed=2026-04-01&vintage_date=2026-04-24
PCENDC96,2026-04-24,2022-11-01,3300.9,"USD billion, chained 2017, seasonally adjusted annual rate",https://alfred.stlouisfed.org/graph/alfredgraph.csv?id=PCENDC96&cosd=2021-01-01&coed=2026-04-01&vintage_date=2026-04-24
PCENDC96,2026-04-24,2022-12-01,3287.3,"USD billion, chained 2017, seasonally adjusted annual rate",https://alfred.stlouisfed.org/graph/alfredgraph.csv?id=PCENDC96&cosd=2021-01-01&coed=2026-04-01&vintage_date=2026-04-24
PCENDC96,2026-04-24,2023-01-01,3320.4,"USD billion, chained 2017, seasonally adjusted annual rate",https://alfred.stlouisfed.org/graph/alfredgraph.csv?id=PCENDC96&cosd=2021-01-01&coed=2026-04-01&vintage_date=2026-04-24
PCENDC96,2026-04-24,2023-02-01,3332.3,"USD billion, chained 2017, seasonally adjusted annual rate",https://alfred.stlouisfed.org/graph/alfredgraph.csv?id=PCENDC96&cosd=2021-01-01&coed=2026-04-01&vintage_date=2026-04-24
PCENDC96,2026-04-24,2023-03-01,3299.1,"USD billion, chained 2017, seasonally adjusted annual rate",https://alfred.stlouisfed.org/graph/alfredgraph.csv?id=PCENDC96&cosd=2021-01-01&coed=2026-04-01&vintage_date=2026-04-24
PCENDC96,2026-04-24,2023-04-01,3323.0,"USD billion, chained 2017, seasonally adjusted annual rate",https://alfred.stlouisfed.org/graph/alfredgraph.csv?id=PCENDC96&cosd=2021-01-01&coed=2026-04-01&vintage_date=2026-04-24
PCENDC96,2026-04-24,2023-05-01,3314.1,"USD billion, chained 2017, seasonally adjusted annual rate",https://alfred.stlouisfed.org/graph/alfredgraph.csv?id=PCENDC96&cosd=2021-01-01&coed=2026-04-01&vintage_date=2026-04-24
PCENDC96,2026-04-24,2023-06-01,3329.6,"USD billion, chained 2017, seasonally adjusted annual rate",https://alfred.stlouisfed.org/graph/alfredgraph.csv?id=PCENDC96&cosd=2021-01-01&coed=2026-04-01&vintage_date=2026-04-24
PCENDC96,2026-04-24,2023-07-01,3342.7,"USD billion, chained 2017, seasonally adjusted annual rate",https://alfred.stlouisfed.org/graph/alfredgraph.csv?id=PCENDC96&cosd=2021-01-01&coed=2026-04-01&vintage_date=2026-04-24
PCENDC96,2026-04-24,2023-08-01,3349.1,"USD billion, chained 2017, seasonally adjusted annual rate",https://alfred.stlouisfed.org/graph/alfredgraph.csv?id=PCENDC96&cosd=2021-01-01&coed=2026-04-01&vintage_date=2026-04-24
PCENDC96,2026-04-24,2023-09-01,3356.5,"USD billion, chained 2017, seasonally adjusted annual rate",https://alfred.stlouisfed.org/graph/alfredgraph.csv?id=PCENDC96&cosd=2021-01-01&coed=2026-04-01&vintage_date=2026-04-24
PCENDC96,2026-04-24,2023-10-01,3366.7,"USD billion, chained 2017, seasonally adjusted annual rate",https://alfred.stlouisfed.org/graph/alfredgraph.csv?id=PCENDC96&cosd=2021-01-01&coed=2026-04-01&vintage_date=2026-04-24
PCENDC96,2026-04-24,2023-11-01,3375.4,"USD billion, chained 2017, seasonally adjusted annual rate",https://alfred.stlouisfed.org/graph/alfredgraph.csv?id=PCENDC96&cosd=2021-01-01&coed=2026-04-01&vintage_date=2026-04-24
PCENDC96,2026-04-24,2023-12-01,3386.2,"USD billion, chained 2017, seasonally adjusted annual rate",https://alfred.stlouisfed.org/graph/alfredgraph.csv?id=PCENDC96&cosd=2021-01-01&coed=2026-04-01&vintage_date=2026-04-24
PCENDC96,2026-04-24,2024-01-01,3356.8,"USD billion, chained 2017, seasonally adjusted annual rate",https://alfred.stlouisfed.org/graph/alfredgraph.csv?id=PCENDC96&cosd=2021-01-01&coed=2026-04-01&vintage_date=2026-04-24
PCENDC96,2026-04-24,2024-02-01,3348.5,"USD billion, chained 2017, seasonally adjusted annual rate",https://alfred.stlouisfed.org/graph/alfredgraph.csv?id=PCENDC96&cosd=2021-01-01&coed=2026-04-01&vintage_date=2026-04-24
PCENDC96,2026-04-24,2024-03-01,3383.1,"USD billion, chained 2017, seasonally adjusted annual rate",https://alfred.stlouisfed.org/graph/alfredgraph.csv?id=PCENDC96&cosd=2021-01-01&coed=2026-04-01&vintage_date=2026-04-24
PCENDC96,2026-04-24,2024-04-01,3384.9,"USD billion, chained 2017, seasonally adjusted annual rate",https://alfred.stlouisfed.org/graph/alfredgraph.csv?id=PCENDC96&cosd=2021-01-01&coed=2026-04-01&vintage_date=2026-04-24
PCENDC96,2026-04-24,2024-05-01,3399.9,"USD billion, chained 2017, seasonally adjusted annual rate",https://alfred.stlouisfed.org/graph/alfredgraph.csv?id=PCENDC96&cosd=2021-01-01&coed=2026-04-01&vintage_date=2026-04-24
PCENDC96,2026-04-24,2024-06-01,3409.2,"USD billion, chained 2017, seasonally adjusted annual rate",https://alfred.stlouisfed.org/graph/alfredgraph.csv?id=PCENDC96&cosd=2021-01-01&coed=2026-04-01&vintage_date=2026-04-24
PCENDC96,2026-04-24,2024-07-01,3428.5,"USD billion, chained 2017, seasonally adjusted annual rate",https://alfred.stlouisfed.org/graph/alfredgraph.csv?id=PCENDC96&cosd=2021-01-01&coed=2026-04-01&vintage_date=2026-04-24
PCENDC96,2026-04-24,2024-08-01,3421.8,"USD billion, chained 2017, seasonally adjusted annual rate",https://alfred.stlouisfed.org/graph/alfredgraph.csv?id=PCENDC96&cosd=2021-01-01&coed=2026-04-01&vintage_date=2026-04-24
PCENDC96,2026-04-24,2024-09-01,3464.3,"USD billion, chained 2017, seasonally adjusted annual rate",https://alfred.stlouisfed.org/graph/alfredgraph.csv?id=PCENDC96&cosd=2021-01-01&coed=2026-04-01&vintage_date=2026-04-24
PCENDC96,2026-04-24,2024-10-01,3459.5,"USD billion, chained 2017, seasonally adjusted annual rate",https://alfred.stlouisfed.org/graph/alfredgraph.csv?id=PCENDC96&cosd=2021-01-01&coed=2026-04-01&vintage_date=2026-04-24
PCENDC96,2026-04-24,2024-11-01,3458.9,"USD billion, chained 2017, seasonally adjusted annual rate",https://alfred.stlouisfed.org/graph/alfredgraph.csv?id=PCENDC96&cosd=2021-01-01&coed=2026-04-01&vintage_date=2026-04-24
PCENDC96,2026-04-24,2024-12-01,3492.2,"USD billion, chained 2017, seasonally adjusted annual rate",https://alfred.stlouisfed.org/graph/alfredgraph.csv?id=PCENDC96&cosd=2021-01-01&coed=2026-04-01&vintage_date=2026-04-24
PCENDC96,2026-04-24,2025-01-01,3474.2,"USD billion, chained 2017, seasonally adjusted annual rate",https://alfred.stlouisfed.org/graph/alfredgraph.csv?id=PCENDC96&cosd=2021-01-01&coed=2026-04-01&vintage_date=2026-04-24
PCENDC96,2026-04-24,2025-02-01,3489.5,"USD billion, chained 2017, seasonally adjusted annual rate",https://alfred.stlouisfed.org/graph/alfredgraph.csv?id=PCENDC96&cosd=2021-01-01&coed=2026-04-01&vintage_date=2026-04-24
PCENDC96,2026-04-24,2025-03-01,3503.0,"USD billion, chained 2017, seasonally adjusted annual rate",https://alfred.stlouisfed.org/graph/alfredgraph.csv?id=PCENDC96&cosd=2021-01-01&coed=2026-04-01&vintage_date=2026-04-24
PCENDC96,2026-04-24,2025-04-01,3502.5,"USD billion, chained 2017, seasonally adjusted annual rate",https://alfred.stlouisfed.org/graph/alfredgraph.csv?id=PCENDC96&cosd=2021-01-01&coed=2026-04-01&vintage_date=2026-04-24
PCENDC96,2026-04-24,2025-05-01,3498.3,"USD billion, chained 2017, seasonally adjusted annual rate",https://alfred.stlouisfed.org/graph/alfredgraph.csv?id=PCENDC96&cosd=2021-01-01&coed=2026-04-01&vintage_date=2026-04-24
PCENDC96,2026-04-24,2025-06-01,3522.8,"USD billion, chained 2017, seasonally adjusted annual rate",https://alfred.stlouisfed.org/graph/alfredgraph.csv?id=PCENDC96&cosd=2021-01-01&coed=2026-04-01&vintage_date=2026-04-24
PCENDC96,2026-04-24,2025-07-01,3533.2,"USD billion, chained 2017, seasonally adjusted annual rate",https://alfred.stlouisfed.org/graph/alfredgraph.csv?id=PCENDC96&cosd=2021-01-01&coed=2026-04-01&vintage_date=2026-04-24
PCENDC96,2026-04-24,2025-08-01,3551.6,"USD billion, chained 2017, seasonally adjusted annual rate",https://alfred.stlouisfed.org/graph/alfredgraph.csv?id=PCENDC96&cosd=2021-01-01&coed=2026-04-01&vintage_date=2026-04-24
PCENDC96,2026-04-24,2025-09-01,3538.9,"USD billion, chained 2017, seasonally adjusted annual rate",https://alfred.stlouisfed.org/graph/alfredgraph.csv?id=PCENDC96&cosd=2021-01-01&coed=2026-04-01&vintage_date=2026-04-24
PCENDC96,2026-04-24,2025-10-01,3544.2,"USD billion, chained 2017, seasonally adjusted annual rate",https://alfred.stlouisfed.org/graph/alfredgraph.csv?id=PCENDC96&cosd=2021-01-01&coed=2026-04-01&vintage_date=2026-04-24
PCENDC96,2026-04-24,2025-11-01,3548.9,"USD billion, chained 2017, seasonally adjusted annual rate",https://alfred.stlouisfed.org/graph/alfredgraph.csv?id=PCENDC96&cosd=2021-01-01&coed=2026-04-01&vintage_date=2026-04-24
PCENDC96,2026-04-24,2025-12-01,3541.1,"USD billion, chained 2017, seasonally adjusted annual rate",https://alfred.stlouisfed.org/graph/alfredgraph.csv?id=PCENDC96&cosd=2021-01-01&coed=2026-04-01&vintage_date=2026-04-24
PCENDC96,2026-04-24,2026-01-01,3529.7,"USD billion, chained 2017, seasonally adjusted annual rate",https://alfred.stlouisfed.org/graph/alfredgraph.csv?id=PCENDC96&cosd=2021-01-01&coed=2026-04-01&vintage_date=2026-04-24
PCENDC96,2026-04-24,2026-02-01,3521.4,"USD billion, chained 2017, seasonally adjusted annual rate",https://alfred.stlouisfed.org/graph/alfredgraph.csv?id=PCENDC96&cosd=2021-01-01&coed=2026-04-01&vintage_date=2026-04-24
PCENDC96,2026-05-15,2021-01-01,3196.8,"USD billion, chained 2017, seasonally adjusted annual rate",https://alfred.stlouisfed.org/graph/alfredgraph.csv?id=PCENDC96&cosd=2021-01-01&coed=2026-04-01&vintage_date=2026-05-15
PCENDC96,2026-05-15,2021-02-01,3136.7,"USD billion, chained 2017, seasonally adjusted annual rate",https://alfred.stlouisfed.org/graph/alfredgraph.csv?id=PCENDC96&cosd=2021-01-01&coed=2026-04-01&vintage_date=2026-05-15
PCENDC96,2026-05-15,2021-03-01,3322.2,"USD billion, chained 2017, seasonally adjusted annual rate",https://alfred.stlouisfed.org/graph/alfredgraph.csv?id=PCENDC96&cosd=2021-01-01&coed=2026-04-01&vintage_date=2026-05-15
PCENDC96,2026-05-15,2021-04-01,3323.4,"USD billion, chained 2017, seasonally adjusted annual rate",https://alfred.stlouisfed.org/graph/alfredgraph.csv?id=PCENDC96&cosd=2021-01-01&coed=2026-04-01&vintage_date=2026-05-15
PCENDC96,2026-05-15,2021-05-01,3315.0,"USD billion, chained 2017, seasonally adjusted annual rate",https://alfred.stlouisfed.org/graph/alfredgraph.csv?id=PCENDC96&cosd=2021-01-01&coed=2026-04-01&vintage_date=2026-05-15
PCENDC96,2026-05-15,2021-06-01,3370.5,"USD billion, chained 2017, seasonally adjusted annual rate",https://alfred.stlouisfed.org/graph/alfredgraph.csv?id=PCENDC96&cosd=2021-01-01&coed=2026-04-01&vintage_date=2026-05-15
PCENDC96,2026-05-15,2021-07-01,3316.0,"USD billion, chained 2017, seasonally adjusted annual rate",https://alfred.stlouisfed.org/graph/alfredgraph.csv?id=PCENDC96&cosd=2021-01-01&coed=2026-04-01&vintage_date=2026-05-15
PCENDC96,2026-05-15,2021-08-01,3358.1,"USD billion, chained 2017, seasonally adjusted annual rate",https://alfred.stlouisfed.org/graph/alfredgraph.csv?id=PCENDC96&cosd=2021-01-01&coed=2026-04-01&vintage_date=2026-05-15
PCENDC96,2026-05-15,2021-09-01,3353.8,"USD billion, chained 2017, seasonally adjusted annual rate",https://alfred.stlouisfed.org/graph/alfredgraph.csv?id=PCENDC96&cosd=2021-01-01&coed=2026-04-01&vintage_date=2026-05-15
PCENDC96,2026-05-15,2021-10-01,3364.3,"USD billion, chained 2017, seasonally adjusted annual rate",https://alfred.stlouisfed.org/graph/alfredgraph.csv?id=PCENDC96&cosd=2021-01-01&coed=2026-04-01&vintage_date=2026-05-15
PCENDC96,2026-05-15,2021-11-01,3370.8,"USD billion, chained 2017, seasonally adjusted annual rate",https://alfred.stlouisfed.org/graph/alfredgraph.csv?id=PCENDC96&cosd=2021-01-01&coed=2026-04-01&vintage_date=2026-05-15
PCENDC96,2026-05-15,2021-12-01,3344.9,"USD billion, chained 2017, seasonally adjusted annual rate",https://alfred.stlouisfed.org/graph/alfredgraph.csv?id=PCENDC96&cosd=2021-01-01&coed=2026-04-01&vintage_date=2026-05-15
PCENDC96,2026-05-15,2022-01-01,3340.6,"USD billion, chained 2017, seasonally adjusted annual rate",https://alfred.stlouisfed.org/graph/alfredgraph.csv?id=PCENDC96&cosd=2021-01-01&coed=2026-04-01&vintage_date=2026-05-15
PCENDC96,2026-05-15,2022-02-01,3328.9,"USD billion, chained 2017, seasonally adjusted annual rate",https://alfred.stlouisfed.org/graph/alfredgraph.csv?id=PCENDC96&cosd=2021-01-01&coed=2026-04-01&vintage_date=2026-05-15
PCENDC96,2026-05-15,2022-03-01,3333.7,"USD billion, chained 2017, seasonally adjusted annual rate",https://alfred.stlouisfed.org/graph/alfredgraph.csv?id=PCENDC96&cosd=2021-01-01&coed=2026-04-01&vintage_date=2026-05-15
PCENDC96,2026-05-15,2022-04-01,3334.7,"USD billion, chained 2017, seasonally adjusted annual rate",https://alfred.stlouisfed.org/graph/alfredgraph.csv?id=PCENDC96&cosd=2021-01-01&coed=2026-04-01&vintage_date=2026-05-15
PCENDC96,2026-05-15,2022-05-01,3339.6,"USD billion, chained 2017, seasonally adjusted annual rate",https://alfred.stlouisfed.org/graph/alfredgraph.csv?id=PCENDC96&cosd=2021-01-01&coed=2026-04-01&vintage_date=2026-05-15
PCENDC96,2026-05-15,2022-06-01,3330.8,"USD billion, chained 2017, seasonally adjusted annual rate",https://alfred.stlouisfed.org/graph/alfredgraph.csv?id=PCENDC96&cosd=2021-01-01&coed=2026-04-01&vintage_date=2026-05-15
PCENDC96,2026-05-15,2022-07-01,3293.4,"USD billion, chained 2017, seasonally adjusted annual rate",https://alfred.stlouisfed.org/graph/alfredgraph.csv?id=PCENDC96&cosd=2021-01-01&coed=2026-04-01&vintage_date=2026-05-15
PCENDC96,2026-05-15,2022-08-01,3313.4,"USD billion, chained 2017, seasonally adjusted annual rate",https://alfred.stlouisfed.org/graph/alfredgraph.csv?id=PCENDC96&cosd=2021-01-01&coed=2026-04-01&vintage_date=2026-05-15
PCENDC96,2026-05-15,2022-09-01,3323.4,"USD billion, chained 2017, seasonally adjusted annual rate",https://alfred.stlouisfed.org/graph/alfredgraph.csv?id=PCENDC96&cosd=2021-01-01&coed=2026-04-01&vintage_date=2026-05-15
PCENDC96,2026-05-15,2022-10-01,3319.6,"USD billion, chained 2017, seasonally adjusted annual rate",https://alfred.stlouisfed.org/graph/alfredgraph.csv?id=PCENDC96&cosd=2021-01-01&coed=2026-04-01&vintage_date=2026-05-15
PCENDC96,2026-05-15,2022-11-01,3300.9,"USD billion, chained 2017, seasonally adjusted annual rate",https://alfred.stlouisfed.org/graph/alfredgraph.csv?id=PCENDC96&cosd=2021-01-01&coed=2026-04-01&vintage_date=2026-05-15
PCENDC96,2026-05-15,2022-12-01,3287.3,"USD billion, chained 2017, seasonally adjusted annual rate",https://alfred.stlouisfed.org/graph/alfredgraph.csv?id=PCENDC96&cosd=2021-01-01&coed=2026-04-01&vintage_date=2026-05-15
PCENDC96,2026-05-15,2023-01-01,3320.4,"USD billion, chained 2017, seasonally adjusted annual rate",https://alfred.stlouisfed.org/graph/alfredgraph.csv?id=PCENDC96&cosd=2021-01-01&coed=2026-04-01&vintage_date=2026-05-15
PCENDC96,2026-05-15,2023-02-01,3332.3,"USD billion, chained 2017, seasonally adjusted annual rate",https://alfred.stlouisfed.org/graph/alfredgraph.csv?id=PCENDC96&cosd=2021-01-01&coed=2026-04-01&vintage_date=2026-05-15
PCENDC96,2026-05-15,2023-03-01,3299.1,"USD billion, chained 2017, seasonally adjusted annual rate",https://alfred.stlouisfed.org/graph/alfredgraph.csv?id=PCENDC96&cosd=2021-01-01&coed=2026-04-01&vintage_date=2026-05-15
PCENDC96,2026-05-15,2023-04-01,3323.0,"USD billion, chained 2017, seasonally adjusted annual rate",https://alfred.stlouisfed.org/graph/alfredgraph.csv?id=PCENDC96&cosd=2021-01-01&coed=2026-04-01&vintage_date=2026-05-15
PCENDC96,2026-05-15,2023-05-01,3314.1,"USD billion, chained 2017, seasonally adjusted annual rate",https://alfred.stlouisfed.org/graph/alfredgraph.csv?id=PCENDC96&cosd=2021-01-01&coed=2026-04-01&vintage_date=2026-05-15
PCENDC96,2026-05-15,2023-06-01,3329.6,"USD billion, chained 2017, seasonally adjusted annual rate",https://alfred.stlouisfed.org/graph/alfredgraph.csv?id=PCENDC96&cosd=2021-01-01&coed=2026-04-01&vintage_date=2026-05-15
PCENDC96,2026-05-15,2023-07-01,3342.7,"USD billion, chained 2017, seasonally adjusted annual rate",https://alfred.stlouisfed.org/graph/alfredgraph.csv?id=PCENDC96&cosd=2021-01-01&coed=2026-04-01&vintage_date=2026-05-15
PCENDC96,2026-05-15,2023-08-01,3349.1,"USD billion, chained 2017, seasonally adjusted annual rate",https://alfred.stlouisfed.org/graph/alfredgraph.csv?id=PCENDC96&cosd=2021-01-01&coed=2026-04-01&vintage_date=2026-05-15
PCENDC96,2026-05-15,2023-09-01,3356.5,"USD billion, chained 2017, seasonally adjusted annual rate",https://alfred.stlouisfed.org/graph/alfredgraph.csv?id=PCENDC96&cosd=2021-01-01&coed=2026-04-01&vintage_date=2026-05-15
PCENDC96,2026-05-15,2023-10-01,3366.7,"USD billion, chained 2017, seasonally adjusted annual rate",https://alfred.stlouisfed.org/graph/alfredgraph.csv?id=PCENDC96&cosd=2021-01-01&coed=2026-04-01&vintage_date=2026-05-15
PCENDC96,2026-05-15,2023-11-01,3375.4,"USD billion, chained 2017, seasonally adjusted annual rate",https://alfred.stlouisfed.org/graph/alfredgraph.csv?id=PCENDC96&cosd=2021-01-01&coed=2026-04-01&vintage_date=2026-05-15
PCENDC96,2026-05-15,2023-12-01,3386.2,"USD billion, chained 2017, seasonally adjusted annual rate",https://alfred.stlouisfed.org/graph/alfredgraph.csv?id=PCENDC96&cosd=2021-01-01&coed=2026-04-01&vintage_date=2026-05-15
PCENDC96,2026-05-15,2024-01-01,3356.8,"USD billion, chained 2017, seasonally adjusted annual rate",https://alfred.stlouisfed.org/graph/alfredgraph.csv?id=PCENDC96&cosd=2021-01-01&coed=2026-04-01&vintage_date=2026-05-15
PCENDC96,2026-05-15,2024-02-01,3348.5,"USD billion, chained 2017, seasonally adjusted annual rate",https://alfred.stlouisfed.org/graph/alfredgraph.csv?id=PCENDC96&cosd=2021-01-01&coed=2026-04-01&vintage_date=2026-05-15
PCENDC96,2026-05-15,2024-03-01,3383.1,"USD billion, chained 2017, seasonally adjusted annual rate",https://alfred.stlouisfed.org/graph/alfredgraph.csv?id=PCENDC96&cosd=2021-01-01&coed=2026-04-01&vintage_date=2026-05-15
PCENDC96,2026-05-15,2024-04-01,3384.9,"USD billion, chained 2017, seasonally adjusted annual rate",https://alfred.stlouisfed.org/graph/alfredgraph.csv?id=PCENDC96&cosd=2021-01-01&coed=2026-04-01&vintage_date=2026-05-15
PCENDC96,2026-05-15,2024-05-01,3399.9,"USD billion, chained 2017, seasonally adjusted annual rate",https://alfred.stlouisfed.org/graph/alfredgraph.csv?id=PCENDC96&cosd=2021-01-01&coed=2026-04-01&vintage_date=2026-05-15
PCENDC96,2026-05-15,2024-06-01,3409.2,"USD billion, chained 2017, seasonally adjusted annual rate",https://alfred.stlouisfed.org/graph/alfredgraph.csv?id=PCENDC96&cosd=2021-01-01&coed=2026-04-01&vintage_date=2026-05-15
PCENDC96,2026-05-15,2024-07-01,3428.5,"USD billion, chained 2017, seasonally adjusted annual rate",https://alfred.stlouisfed.org/graph/alfredgraph.csv?id=PCENDC96&cosd=2021-01-01&coed=2026-04-01&vintage_date=2026-05-15
PCENDC96,2026-05-15,2024-08-01,3421.8,"USD billion, chained 2017, seasonally adjusted annual rate",https://alfred.stlouisfed.org/graph/alfredgraph.csv?id=PCENDC96&cosd=2021-01-01&coed=2026-04-01&vintage_date=2026-05-15
PCENDC96,2026-05-15,2024-09-01,3464.3,"USD billion, chained 2017, seasonally adjusted annual rate",https://alfred.stlouisfed.org/graph/alfredgraph.csv?id=PCENDC96&cosd=2021-01-01&coed=2026-04-01&vintage_date=2026-05-15
PCENDC96,2026-05-15,2024-10-01,3459.5,"USD billion, chained 2017, seasonally adjusted annual rate",https://alfred.stlouisfed.org/graph/alfredgraph.csv?id=PCENDC96&cosd=2021-01-01&coed=2026-04-01&vintage_date=2026-05-15
PCENDC96,2026-05-15,2024-11-01,3458.9,"USD billion, chained 2017, seasonally adjusted annual rate",https://alfred.stlouisfed.org/graph/alfredgraph.csv?id=PCENDC96&cosd=2021-01-01&coed=2026-04-01&vintage_date=2026-05-15
PCENDC96,2026-05-15,2024-12-01,3492.2,"USD billion, chained 2017, seasonally adjusted annual rate",https://alfred.stlouisfed.org/graph/alfredgraph.csv?id=PCENDC96&cosd=2021-01-01&coed=2026-04-01&vintage_date=2026-05-15
PCENDC96,2026-05-15,2025-01-01,3474.2,"USD billion, chained 2017, seasonally adjusted annual rate",https://alfred.stlouisfed.org/graph/alfredgraph.csv?id=PCENDC96&cosd=2021-01-01&coed=2026-04-01&vintage_date=2026-05-15
PCENDC96,2026-05-15,2025-02-01,3489.5,"USD billion, chained 2017, seasonally adjusted annual rate",https://alfred.stlouisfed.org/graph/alfredgraph.csv?id=PCENDC96&cosd=2021-01-01&coed=2026-04-01&vintage_date=2026-05-15
PCENDC96,2026-05-15,2025-03-01,3503.0,"USD billion, chained 2017, seasonally adjusted annual rate",https://alfred.stlouisfed.org/graph/alfredgraph.csv?id=PCENDC96&cosd=2021-01-01&coed=2026-04-01&vintage_date=2026-05-15
PCENDC96,2026-05-15,2025-04-01,3502.5,"USD billion, chained 2017, seasonally adjusted annual rate",https://alfred.stlouisfed.org/graph/alfredgraph.csv?id=PCENDC96&cosd=2021-01-01&coed=2026-04-01&vintage_date=2026-05-15
PCENDC96,2026-05-15,2025-05-01,3498.3,"USD billion, chained 2017, seasonally adjusted annual rate",https://alfred.stlouisfed.org/graph/alfredgraph.csv?id=PCENDC96&cosd=2021-01-01&coed=2026-04-01&vintage_date=2026-05-15
PCENDC96,2026-05-15,2025-06-01,3522.8,"USD billion, chained 2017, seasonally adjusted annual rate",https://alfred.stlouisfed.org/graph/alfredgraph.csv?id=PCENDC96&cosd=2021-01-01&coed=2026-04-01&vintage_date=2026-05-15
PCENDC96,2026-05-15,2025-07-01,3533.2,"USD billion, chained 2017, seasonally adjusted annual rate",https://alfred.stlouisfed.org/graph/alfredgraph.csv?id=PCENDC96&cosd=2021-01-01&coed=2026-04-01&vintage_date=2026-05-15
PCENDC96,2026-05-15,2025-08-01,3551.6,"USD billion, chained 2017, seasonally adjusted annual rate",https://alfred.stlouisfed.org/graph/alfredgraph.csv?id=PCENDC96&cosd=2021-01-01&coed=2026-04-01&vintage_date=2026-05-15
PCENDC96,2026-05-15,2025-09-01,3538.9,"USD billion, chained 2017, seasonally adjusted annual rate",https://alfred.stlouisfed.org/graph/alfredgraph.csv?id=PCENDC96&cosd=2021-01-01&coed=2026-04-01&vintage_date=2026-05-15
PCENDC96,2026-05-15,2025-10-01,3544.2,"USD billion, chained 2017, seasonally adjusted annual rate",https://alfred.stlouisfed.org/graph/alfredgraph.csv?id=PCENDC96&cosd=2021-01-01&coed=2026-04-01&vintage_date=2026-05-15
PCENDC96,2026-05-15,2025-11-01,3548.9,"USD billion, chained 2017, seasonally adjusted annual rate",https://alfred.stlouisfed.org/graph/alfredgraph.csv?id=PCENDC96&cosd=2021-01-01&coed=2026-04-01&vintage_date=2026-05-15
PCENDC96,2026-05-15,2025-12-01,3541.1,"USD billion, chained 2017, seasonally adjusted annual rate",https://alfred.stlouisfed.org/graph/alfredgraph.csv?id=PCENDC96&cosd=2021-01-01&coed=2026-04-01&vintage_date=2026-05-15
PCENDC96,2026-05-15,2026-01-01,3538.8,"USD billion, chained 2017, seasonally adjusted annual rate",https://alfred.stlouisfed.org/graph/alfredgraph.csv?id=PCENDC96&cosd=2021-01-01&coed=2026-04-01&vintage_date=2026-05-15
PCENDC96,2026-05-15,2026-02-01,3538.8,"USD billion, chained 2017, seasonally adjusted annual rate",https://alfred.stlouisfed.org/graph/alfredgraph.csv?id=PCENDC96&cosd=2021-01-01&coed=2026-04-01&vintage_date=2026-05-15
PCENDC96,2026-05-15,2026-03-01,3551.1,"USD billion, chained 2017, seasonally adjusted annual rate",https://alfred.stlouisfed.org/graph/alfredgraph.csv?id=PCENDC96&cosd=2021-01-01&coed=2026-04-01&vintage_date=2026-05-15
CUUR0000SEGB,2026-04-24,2021-01-01,159.785,"Index 1982-84=100, not seasonally adjusted",https://alfred.stlouisfed.org/graph/alfredgraph.csv?id=CUUR0000SEGB&cosd=2021-01-01&coed=2026-04-01&vintage_date=2026-04-24
CUUR0000SEGB,2026-04-24,2021-02-01,160.214,"Index 1982-84=100, not seasonally adjusted",https://alfred.stlouisfed.org/graph/alfredgraph.csv?id=CUUR0000SEGB&cosd=2021-01-01&coed=2026-04-01&vintage_date=2026-04-24
CUUR0000SEGB,2026-04-24,2021-03-01,159.962,"Index 1982-84=100, not seasonally adjusted",https://alfred.stlouisfed.org/graph/alfredgraph.csv?id=CUUR0000SEGB&cosd=2021-01-01&coed=2026-04-01&vintage_date=2026-04-24
CUUR0000SEGB,2026-04-24,2021-04-01,160.308,"Index 1982-84=100, not seasonally adjusted",https://alfred.stlouisfed.org/graph/alfredgraph.csv?id=CUUR0000SEGB&cosd=2021-01-01&coed=2026-04-01&vintage_date=2026-04-24
CUUR0000SEGB,2026-04-24,2021-05-01,159.678,"Index 1982-84=100, not seasonally adjusted",https://alfred.stlouisfed.org/graph/alfredgraph.csv?id=CUUR0000SEGB&cosd=2021-01-01&coed=2026-04-01&vintage_date=2026-04-24
CUUR0000SEGB,2026-04-24,2021-06-01,159.296,"Index 1982-84=100, not seasonally adjusted",https://alfred.stlouisfed.org/graph/alfredgraph.csv?id=CUUR0000SEGB&cosd=2021-01-01&coed=2026-04-01&vintage_date=2026-04-24
CUUR0000SEGB,2026-04-24,2021-07-01,159.111,"Index 1982-84=100, not seasonally adjusted",https://alfred.stlouisfed.org/graph/alfredgraph.csv?id=CUUR0000SEGB&cosd=2021-01-01&coed=2026-04-01&vintage_date=2026-04-24
CUUR0000SEGB,2026-04-24,2021-08-01,159.966,"Index 1982-84=100, not seasonally adjusted",https://alfred.stlouisfed.org/graph/alfredgraph.csv?id=CUUR0000SEGB&cosd=2021-01-01&coed=2026-04-01&vintage_date=2026-04-24
CUUR0000SEGB,2026-04-24,2021-09-01,159.755,"Index 1982-84=100, not seasonally adjusted",https://alfred.stlouisfed.org/graph/alfredgraph.csv?id=CUUR0000SEGB&cosd=2021-01-01&coed=2026-04-01&vintage_date=2026-04-24
CUUR0000SEGB,2026-04-24,2021-10-01,160.038,"Index 1982-84=100, not seasonally adjusted",https://alfred.stlouisfed.org/graph/alfredgraph.csv?id=CUUR0000SEGB&cosd=2021-01-01&coed=2026-04-01&vintage_date=2026-04-24
CUUR0000SEGB,2026-04-24,2021-11-01,159.359,"Index 1982-84=100, not seasonally adjusted",https://alfred.stlouisfed.org/graph/alfredgraph.csv?id=CUUR0000SEGB&cosd=2021-01-01&coed=2026-04-01&vintage_date=2026-04-24
CUUR0000SEGB,2026-04-24,2021-12-01,159.06,"Index 1982-84=100, not seasonally adjusted",https://alfred.stlouisfed.org/graph/alfredgraph.csv?id=CUUR0000SEGB&cosd=2021-01-01&coed=2026-04-01&vintage_date=2026-04-24
CUUR0000SEGB,2026-04-24,2022-01-01,160.224,"Index 1982-84=100, not seasonally adjusted",https://alfred.stlouisfed.org/graph/alfredgraph.csv?id=CUUR0000SEGB&cosd=2021-01-01&coed=2026-04-01&vintage_date=2026-04-24
CUUR0000SEGB,2026-04-24,2022-02-01,161.496,"Index 1982-84=100, not seasonally adjusted",https://alfred.stlouisfed.org/graph/alfredgraph.csv?id=CUUR0000SEGB&cosd=2021-01-01&coed=2026-04-01&vintage_date=2026-04-24
CUUR0000SEGB,2026-04-24,2022-03-01,163.175,"Index 1982-84=100, not seasonally adjusted",https://alfred.stlouisfed.org/graph/alfredgraph.csv?id=CUUR0000SEGB&cosd=2021-01-01&coed=2026-04-01&vintage_date=2026-04-24
CUUR0000SEGB,2026-04-24,2022-04-01,163.713,"Index 1982-84=100, not seasonally adjusted",https://alfred.stlouisfed.org/graph/alfredgraph.csv?id=CUUR0000SEGB&cosd=2021-01-01&coed=2026-04-01&vintage_date=2026-04-24
CUUR0000SEGB,2026-04-24,2022-05-01,164.174,"Index 1982-84=100, not seasonally adjusted",https://alfred.stlouisfed.org/graph/alfredgraph.csv?id=CUUR0000SEGB&cosd=2021-01-01&coed=2026-04-01&vintage_date=2026-04-24
CUUR0000SEGB,2026-04-24,2022-06-01,165.353,"Index 1982-84=100, not seasonally adjusted",https://alfred.stlouisfed.org/graph/alfredgraph.csv?id=CUUR0000SEGB&cosd=2021-01-01&coed=2026-04-01&vintage_date=2026-04-24
CUUR0000SEGB,2026-04-24,2022-07-01,167.052,"Index 1982-84=100, not seasonally adjusted",https://alfred.stlouisfed.org/graph/alfredgraph.csv?id=CUUR0000SEGB&cosd=2021-01-01&coed=2026-04-01&vintage_date=2026-04-24
CUUR0000SEGB,2026-04-24,2022-08-01,169.576,"Index 1982-84=100, not seasonally adjusted",https://alfred.stlouisfed.org/graph/alfredgraph.csv?id=CUUR0000SEGB&cosd=2021-01-01&coed=2026-04-01&vintage_date=2026-04-24
CUUR0000SEGB,2026-04-24,2022-09-01,170.217,"Index 1982-84=100, not seasonally adjusted",https://alfred.stlouisfed.org/graph/alfredgraph.csv?id=CUUR0000SEGB&cosd=2021-01-01&coed=2026-04-01&vintage_date=2026-04-24
CUUR0000SEGB,2026-04-24,2022-10-01,170.89,"Index 1982-84=100, not seasonally adjusted",https://alfred.stlouisfed.org/graph/alfredgraph.csv?id=CUUR0000SEGB&cosd=2021-01-01&coed=2026-04-01&vintage_date=2026-04-24
CUUR0000SEGB,2026-04-24,2022-11-01,171.226,"Index 1982-84=100, not seasonally adjusted",https://alfred.stlouisfed.org/graph/alfredgraph.csv?id=CUUR0000SEGB&cosd=2021-01-01&coed=2026-04-01&vintage_date=2026-04-24
CUUR0000SEGB,2026-04-24,2022-12-01,171.058,"Index 1982-84=100, not seasonally adjusted",https://alfred.stlouisfed.org/graph/alfredgraph.csv?id=CUUR0000SEGB&cosd=2021-01-01&coed=2026-04-01&vintage_date=2026-04-24
CUUR0000SEGB,2026-04-24,2023-01-01,171.539,"Index 1982-84=100, not seasonally adjusted",https://alfred.stlouisfed.org/graph/alfredgraph.csv?id=CUUR0000SEGB&cosd=2021-01-01&coed=2026-04-01&vintage_date=2026-04-24
CUUR0000SEGB,2026-04-24,2023-02-01,172.394,"Index 1982-84=100, not seasonally adjusted",https://alfred.stlouisfed.org/graph/alfredgraph.csv?id=CUUR0000SEGB&cosd=2021-01-01&coed=2026-04-01&vintage_date=2026-04-24
CUUR0000SEGB,2026-04-24,2023-03-01,173.801,"Index 1982-84=100, not seasonally adjusted",https://alfred.stlouisfed.org/graph/alfredgraph.csv?id=CUUR0000SEGB&cosd=2021-01-01&coed=2026-04-01&vintage_date=2026-04-24
CUUR0000SEGB,2026-04-24,2023-04-01,174.724,"Index 1982-84=100, not seasonally adjusted",https://alfred.stlouisfed.org/graph/alfredgraph.csv?id=CUUR0000SEGB&cosd=2021-01-01&coed=2026-04-01&vintage_date=2026-04-24
CUUR0000SEGB,2026-04-24,2023-05-01,176.484,"Index 1982-84=100, not seasonally adjusted",https://alfred.stlouisfed.org/graph/alfredgraph.csv?id=CUUR0000SEGB&cosd=2021-01-01&coed=2026-04-01&vintage_date=2026-04-24
CUUR0000SEGB,2026-04-24,2023-06-01,176.846,"Index 1982-84=100, not seasonally adjusted",https://alfred.stlouisfed.org/graph/alfredgraph.csv?id=CUUR0000SEGB&cosd=2021-01-01&coed=2026-04-01&vintage_date=2026-04-24
CUUR0000SEGB,2026-04-24,2023-07-01,177.651,"Index 1982-84=100, not seasonally adjusted",https://alfred.stlouisfed.org/graph/alfredgraph.csv?id=CUUR0000SEGB&cosd=2021-01-01&coed=2026-04-01&vintage_date=2026-04-24
CUUR0000SEGB,2026-04-24,2023-08-01,178.14,"Index 1982-84=100, not seasonally adjusted",https://alfred.stlouisfed.org/graph/alfredgraph.csv?id=CUUR0000SEGB&cosd=2021-01-01&coed=2026-04-01&vintage_date=2026-04-24
CUUR0000SEGB,2026-04-24,2023-09-01,178.898,"Index 1982-84=100, not seasonally adjusted",https://alfred.stlouisfed.org/graph/alfredgraph.csv?id=CUUR0000SEGB&cosd=2021-01-01&coed=2026-04-01&vintage_date=2026-04-24
CUUR0000SEGB,2026-04-24,2023-10-01,179.617,"Index 1982-84=100, not seasonally adjusted",https://alfred.stlouisfed.org/graph/alfredgraph.csv?id=CUUR0000SEGB&cosd=2021-01-01&coed=2026-04-01&vintage_date=2026-04-24
CUUR0000SEGB,2026-04-24,2023-11-01,178.553,"Index 1982-84=100, not seasonally adjusted",https://alfred.stlouisfed.org/graph/alfredgraph.csv?id=CUUR0000SEGB&cosd=2021-01-01&coed=2026-04-01&vintage_date=2026-04-24
CUUR0000SEGB,2026-04-24,2023-12-01,176.62,"Index 1982-84=100, not seasonally adjusted",https://alfred.stlouisfed.org/graph/alfredgraph.csv?id=CUUR0000SEGB&cosd=2021-01-01&coed=2026-04-01&vintage_date=2026-04-24
CUUR0000SEGB,2026-04-24,2024-01-01,177.546,"Index 1982-84=100, not seasonally adjusted",https://alfred.stlouisfed.org/graph/alfredgraph.csv?id=CUUR0000SEGB&cosd=2021-01-01&coed=2026-04-01&vintage_date=2026-04-24
CUUR0000SEGB,2026-04-24,2024-02-01,179.311,"Index 1982-84=100, not seasonally adjusted",https://alfred.stlouisfed.org/graph/alfredgraph.csv?id=CUUR0000SEGB&cosd=2021-01-01&coed=2026-04-01&vintage_date=2026-04-24
CUUR0000SEGB,2026-04-24,2024-03-01,179.706,"Index 1982-84=100, not seasonally adjusted",https://alfred.stlouisfed.org/graph/alfredgraph.csv?id=CUUR0000SEGB&cosd=2021-01-01&coed=2026-04-01&vintage_date=2026-04-24
CUUR0000SEGB,2026-04-24,2024-04-01,179.28,"Index 1982-84=100, not seasonally adjusted",https://alfred.stlouisfed.org/graph/alfredgraph.csv?id=CUUR0000SEGB&cosd=2021-01-01&coed=2026-04-01&vintage_date=2026-04-24
CUUR0000SEGB,2026-04-24,2024-05-01,178.83,"Index 1982-84=100, not seasonally adjusted",https://alfred.stlouisfed.org/graph/alfredgraph.csv?id=CUUR0000SEGB&cosd=2021-01-01&coed=2026-04-01&vintage_date=2026-04-24
CUUR0000SEGB,2026-04-24,2024-06-01,178.682,"Index 1982-84=100, not seasonally adjusted",https://alfred.stlouisfed.org/graph/alfredgraph.csv?id=CUUR0000SEGB&cosd=2021-01-01&coed=2026-04-01&vintage_date=2026-04-24
CUUR0000SEGB,2026-04-24,2024-07-01,179.079,"Index 1982-84=100, not seasonally adjusted",https://alfred.stlouisfed.org/graph/alfredgraph.csv?id=CUUR0000SEGB&cosd=2021-01-01&coed=2026-04-01&vintage_date=2026-04-24
CUUR0000SEGB,2026-04-24,2024-08-01,178.452,"Index 1982-84=100, not seasonally adjusted",https://alfred.stlouisfed.org/graph/alfredgraph.csv?id=CUUR0000SEGB&cosd=2021-01-01&coed=2026-04-01&vintage_date=2026-04-24
CUUR0000SEGB,2026-04-24,2024-09-01,179.154,"Index 1982-84=100, not seasonally adjusted",https://alfred.stlouisfed.org/graph/alfredgraph.csv?id=CUUR0000SEGB&cosd=2021-01-01&coed=2026-04-01&vintage_date=2026-04-24
CUUR0000SEGB,2026-04-24,2024-10-01,179.634,"Index 1982-84=100, not seasonally adjusted",https://alfred.stlouisfed.org/graph/alfredgraph.csv?id=CUUR0000SEGB&cosd=2021-01-01&coed=2026-04-01&vintage_date=2026-04-24
CUUR0000SEGB,2026-04-24,2024-11-01,179.444,"Index 1982-84=100, not seasonally adjusted",https://alfred.stlouisfed.org/graph/alfredgraph.csv?id=CUUR0000SEGB&cosd=2021-01-01&coed=2026-04-01&vintage_date=2026-04-24
CUUR0000SEGB,2026-04-24,2024-12-01,177.536,"Index 1982-84=100, not seasonally adjusted",https://alfred.stlouisfed.org/graph/alfredgraph.csv?id=CUUR0000SEGB&cosd=2021-01-01&coed=2026-04-01&vintage_date=2026-04-24
CUUR0000SEGB,2026-04-24,2025-01-01,178.259,"Index 1982-84=100, not seasonally adjusted",https://alfred.stlouisfed.org/graph/alfredgraph.csv?id=CUUR0000SEGB&cosd=2021-01-01&coed=2026-04-01&vintage_date=2026-04-24
CUUR0000SEGB,2026-04-24,2025-02-01,179.824,"Index 1982-84=100, not seasonally adjusted",https://alfred.stlouisfed.org/graph/alfredgraph.csv?id=CUUR0000SEGB&cosd=2021-01-01&coed=2026-04-01&vintage_date=2026-04-24
CUUR0000SEGB,2026-04-24,2025-03-01,179.746,"Index 1982-84=100, not seasonally adjusted",https://alfred.stlouisfed.org/graph/alfredgraph.csv?id=CUUR0000SEGB&cosd=2021-01-01&coed=2026-04-01&vintage_date=2026-04-24
CUUR0000SEGB,2026-04-24,2025-04-01,180.004,"Index 1982-84=100, not seasonally adjusted",https://alfred.stlouisfed.org/graph/alfredgraph.csv?id=CUUR0000SEGB&cosd=2021-01-01&coed=2026-04-01&vintage_date=2026-04-24
CUUR0000SEGB,2026-04-24,2025-05-01,179.673,"Index 1982-84=100, not seasonally adjusted",https://alfred.stlouisfed.org/graph/alfredgraph.csv?id=CUUR0000SEGB&cosd=2021-01-01&coed=2026-04-01&vintage_date=2026-04-24
CUUR0000SEGB,2026-04-24,2025-06-01,179.83,"Index 1982-84=100, not seasonally adjusted",https://alfred.stlouisfed.org/graph/alfredgraph.csv?id=CUUR0000SEGB&cosd=2021-01-01&coed=2026-04-01&vintage_date=2026-04-24
CUUR0000SEGB,2026-04-24,2025-07-01,179.777,"Index 1982-84=100, not seasonally adjusted",https://alfred.stlouisfed.org/graph/alfredgraph.csv?id=CUUR0000SEGB&cosd=2021-01-01&coed=2026-04-01&vintage_date=2026-04-24
CUUR0000SEGB,2026-04-24,2025-08-01,180.503,"Index 1982-84=100, not seasonally adjusted",https://alfred.stlouisfed.org/graph/alfredgraph.csv?id=CUUR0000SEGB&cosd=2021-01-01&coed=2026-04-01&vintage_date=2026-04-24
CUUR0000SEGB,2026-04-24,2025-09-01,181.816,"Index 1982-84=100, not seasonally adjusted",https://alfred.stlouisfed.org/graph/alfredgraph.csv?id=CUUR0000SEGB&cosd=2021-01-01&coed=2026-04-01&vintage_date=2026-04-24
CUUR0000SEGB,2026-04-24,2025-11-01,180.752,"Index 1982-84=100, not seasonally adjusted",https://alfred.stlouisfed.org/graph/alfredgraph.csv?id=CUUR0000SEGB&cosd=2021-01-01&coed=2026-04-01&vintage_date=2026-04-24
CUUR0000SEGB,2026-04-24,2025-12-01,180.246,"Index 1982-84=100, not seasonally adjusted",https://alfred.stlouisfed.org/graph/alfredgraph.csv?id=CUUR0000SEGB&cosd=2021-01-01&coed=2026-04-01&vintage_date=2026-04-24
CUUR0000SEGB,2026-04-24,2026-01-01,181.597,"Index 1982-84=100, not seasonally adjusted",https://alfred.stlouisfed.org/graph/alfredgraph.csv?id=CUUR0000SEGB&cosd=2021-01-01&coed=2026-04-01&vintage_date=2026-04-24
CUUR0000SEGB,2026-04-24,2026-02-01,182.953,"Index 1982-84=100, not seasonally adjusted",https://alfred.stlouisfed.org/graph/alfredgraph.csv?id=CUUR0000SEGB&cosd=2021-01-01&coed=2026-04-01&vintage_date=2026-04-24
CUUR0000SEGB,2026-04-24,2026-03-01,183.762,"Index 1982-84=100, not seasonally adjusted",https://alfred.stlouisfed.org/graph/alfredgraph.csv?id=CUUR0000SEGB&cosd=2021-01-01&coed=2026-04-01&vintage_date=2026-04-24
CUUR0000SEGB,2026-05-15,2021-01-01,159.785,"Index 1982-84=100, not seasonally adjusted",https://alfred.stlouisfed.org/graph/alfredgraph.csv?id=CUUR0000SEGB&cosd=2021-01-01&coed=2026-04-01&vintage_date=2026-05-15
CUUR0000SEGB,2026-05-15,2021-02-01,160.214,"Index 1982-84=100, not seasonally adjusted",https://alfred.stlouisfed.org/graph/alfredgraph.csv?id=CUUR0000SEGB&cosd=2021-01-01&coed=2026-04-01&vintage_date=2026-05-15
CUUR0000SEGB,2026-05-15,2021-03-01,159.962,"Index 1982-84=100, not seasonally adjusted",https://alfred.stlouisfed.org/graph/alfredgraph.csv?id=CUUR0000SEGB&cosd=2021-01-01&coed=2026-04-01&vintage_date=2026-05-15
CUUR0000SEGB,2026-05-15,2021-04-01,160.308,"Index 1982-84=100, not seasonally adjusted",https://alfred.stlouisfed.org/graph/alfredgraph.csv?id=CUUR0000SEGB&cosd=2021-01-01&coed=2026-04-01&vintage_date=2026-05-15
CUUR0000SEGB,2026-05-15,2021-05-01,159.678,"Index 1982-84=100, not seasonally adjusted",https://alfred.stlouisfed.org/graph/alfredgraph.csv?id=CUUR0000SEGB&cosd=2021-01-01&coed=2026-04-01&vintage_date=2026-05-15
CUUR0000SEGB,2026-05-15,2021-06-01,159.296,"Index 1982-84=100, not seasonally adjusted",https://alfred.stlouisfed.org/graph/alfredgraph.csv?id=CUUR0000SEGB&cosd=2021-01-01&coed=2026-04-01&vintage_date=2026-05-15
CUUR0000SEGB,2026-05-15,2021-07-01,159.111,"Index 1982-84=100, not seasonally adjusted",https://alfred.stlouisfed.org/graph/alfredgraph.csv?id=CUUR0000SEGB&cosd=2021-01-01&coed=2026-04-01&vintage_date=2026-05-15
CUUR0000SEGB,2026-05-15,2021-08-01,159.966,"Index 1982-84=100, not seasonally adjusted",https://alfred.stlouisfed.org/graph/alfredgraph.csv?id=CUUR0000SEGB&cosd=2021-01-01&coed=2026-04-01&vintage_date=2026-05-15
CUUR0000SEGB,2026-05-15,2021-09-01,159.755,"Index 1982-84=100, not seasonally adjusted",https://alfred.stlouisfed.org/graph/alfredgraph.csv?id=CUUR0000SEGB&cosd=2021-01-01&coed=2026-04-01&vintage_date=2026-05-15
CUUR0000SEGB,2026-05-15,2021-10-01,160.038,"Index 1982-84=100, not seasonally adjusted",https://alfred.stlouisfed.org/graph/alfredgraph.csv?id=CUUR0000SEGB&cosd=2021-01-01&coed=2026-04-01&vintage_date=2026-05-15
CUUR0000SEGB,2026-05-15,2021-11-01,159.359,"Index 1982-84=100, not seasonally adjusted",https://alfred.stlouisfed.org/graph/alfredgraph.csv?id=CUUR0000SEGB&cosd=2021-01-01&coed=2026-04-01&vintage_date=2026-05-15
CUUR0000SEGB,2026-05-15,2021-12-01,159.06,"Index 1982-84=100, not seasonally adjusted",https://alfred.stlouisfed.org/graph/alfredgraph.csv?id=CUUR0000SEGB&cosd=2021-01-01&coed=2026-04-01&vintage_date=2026-05-15
CUUR0000SEGB,2026-05-15,2022-01-01,160.224,"Index 1982-84=100, not seasonally adjusted",https://alfred.stlouisfed.org/graph/alfredgraph.csv?id=CUUR0000SEGB&cosd=2021-01-01&coed=2026-04-01&vintage_date=2026-05-15
CUUR0000SEGB,2026-05-15,2022-02-01,161.496,"Index 1982-84=100, not seasonally adjusted",https://alfred.stlouisfed.org/graph/alfredgraph.csv?id=CUUR0000SEGB&cosd=2021-01-01&coed=2026-04-01&vintage_date=2026-05-15
CUUR0000SEGB,2026-05-15,2022-03-01,163.175,"Index 1982-84=100, not seasonally adjusted",https://alfred.stlouisfed.org/graph/alfredgraph.csv?id=CUUR0000SEGB&cosd=2021-01-01&coed=2026-04-01&vintage_date=2026-05-15
CUUR0000SEGB,2026-05-15,2022-04-01,163.713,"Index 1982-84=100, not seasonally adjusted",https://alfred.stlouisfed.org/graph/alfredgraph.csv?id=CUUR0000SEGB&cosd=2021-01-01&coed=2026-04-01&vintage_date=2026-05-15
CUUR0000SEGB,2026-05-15,2022-05-01,164.174,"Index 1982-84=100, not seasonally adjusted",https://alfred.stlouisfed.org/graph/alfredgraph.csv?id=CUUR0000SEGB&cosd=2021-01-01&coed=2026-04-01&vintage_date=2026-05-15
CUUR0000SEGB,2026-05-15,2022-06-01,165.353,"Index 1982-84=100, not seasonally adjusted",https://alfred.stlouisfed.org/graph/alfredgraph.csv?id=CUUR0000SEGB&cosd=2021-01-01&coed=2026-04-01&vintage_date=2026-05-15
CUUR0000SEGB,2026-05-15,2022-07-01,167.052,"Index 1982-84=100, not seasonally adjusted",https://alfred.stlouisfed.org/graph/alfredgraph.csv?id=CUUR0000SEGB&cosd=2021-01-01&coed=2026-04-01&vintage_date=2026-05-15
CUUR0000SEGB,2026-05-15,2022-08-01,169.576,"Index 1982-84=100, not seasonally adjusted",https://alfred.stlouisfed.org/graph/alfredgraph.csv?id=CUUR0000SEGB&cosd=2021-01-01&coed=2026-04-01&vintage_date=2026-05-15
CUUR0000SEGB,2026-05-15,2022-09-01,170.217,"Index 1982-84=100, not seasonally adjusted",https://alfred.stlouisfed.org/graph/alfredgraph.csv?id=CUUR0000SEGB&cosd=2021-01-01&coed=2026-04-01&vintage_date=2026-05-15
CUUR0000SEGB,2026-05-15,2022-10-01,170.89,"Index 1982-84=100, not seasonally adjusted",https://alfred.stlouisfed.org/graph/alfredgraph.csv?id=CUUR0000SEGB&cosd=2021-01-01&coed=2026-04-01&vintage_date=2026-05-15
CUUR0000SEGB,2026-05-15,2022-11-01,171.226,"Index 1982-84=100, not seasonally adjusted",https://alfred.stlouisfed.org/graph/alfredgraph.csv?id=CUUR0000SEGB&cosd=2021-01-01&coed=2026-04-01&vintage_date=2026-05-15
CUUR0000SEGB,2026-05-15,2022-12-01,171.058,"Index 1982-84=100, not seasonally adjusted",https://alfred.stlouisfed.org/graph/alfredgraph.csv?id=CUUR0000SEGB&cosd=2021-01-01&coed=2026-04-01&vintage_date=2026-05-15
CUUR0000SEGB,2026-05-15,2023-01-01,171.539,"Index 1982-84=100, not seasonally adjusted",https://alfred.stlouisfed.org/graph/alfredgraph.csv?id=CUUR0000SEGB&cosd=2021-01-01&coed=2026-04-01&vintage_date=2026-05-15
CUUR0000SEGB,2026-05-15,2023-02-01,172.394,"Index 1982-84=100, not seasonally adjusted",https://alfred.stlouisfed.org/graph/alfredgraph.csv?id=CUUR0000SEGB&cosd=2021-01-01&coed=2026-04-01&vintage_date=2026-05-15
CUUR0000SEGB,2026-05-15,2023-03-01,173.801,"Index 1982-84=100, not seasonally adjusted",https://alfred.stlouisfed.org/graph/alfredgraph.csv?id=CUUR0000SEGB&cosd=2021-01-01&coed=2026-04-01&vintage_date=2026-05-15
CUUR0000SEGB,2026-05-15,2023-04-01,174.724,"Index 1982-84=100, not seasonally adjusted",https://alfred.stlouisfed.org/graph/alfredgraph.csv?id=CUUR0000SEGB&cosd=2021-01-01&coed=2026-04-01&vintage_date=2026-05-15
CUUR0000SEGB,2026-05-15,2023-05-01,176.484,"Index 1982-84=100, not seasonally adjusted",https://alfred.stlouisfed.org/graph/alfredgraph.csv?id=CUUR0000SEGB&cosd=2021-01-01&coed=2026-04-01&vintage_date=2026-05-15
CUUR0000SEGB,2026-05-15,2023-06-01,176.846,"Index 1982-84=100, not seasonally adjusted",https://alfred.stlouisfed.org/graph/alfredgraph.csv?id=CUUR0000SEGB&cosd=2021-01-01&coed=2026-04-01&vintage_date=2026-05-15
CUUR0000SEGB,2026-05-15,2023-07-01,177.651,"Index 1982-84=100, not seasonally adjusted",https://alfred.stlouisfed.org/graph/alfredgraph.csv?id=CUUR0000SEGB&cosd=2021-01-01&coed=2026-04-01&vintage_date=2026-05-15
CUUR0000SEGB,2026-05-15,2023-08-01,178.14,"Index 1982-84=100, not seasonally adjusted",https://alfred.stlouisfed.org/graph/alfredgraph.csv?id=CUUR0000SEGB&cosd=2021-01-01&coed=2026-04-01&vintage_date=2026-05-15
CUUR0000SEGB,2026-05-15,2023-09-01,178.898,"Index 1982-84=100, not seasonally adjusted",https://alfred.stlouisfed.org/graph/alfredgraph.csv?id=CUUR0000SEGB&cosd=2021-01-01&coed=2026-04-01&vintage_date=2026-05-15
CUUR0000SEGB,2026-05-15,2023-10-01,179.617,"Index 1982-84=100, not seasonally adjusted",https://alfred.stlouisfed.org/graph/alfredgraph.csv?id=CUUR0000SEGB&cosd=2021-01-01&coed=2026-04-01&vintage_date=2026-05-15
CUUR0000SEGB,2026-05-15,2023-11-01,178.553,"Index 1982-84=100, not seasonally adjusted",https://alfred.stlouisfed.org/graph/alfredgraph.csv?id=CUUR0000SEGB&cosd=2021-01-01&coed=2026-04-01&vintage_date=2026-05-15
CUUR0000SEGB,2026-05-15,2023-12-01,176.62,"Index 1982-84=100, not seasonally adjusted",https://alfred.stlouisfed.org/graph/alfredgraph.csv?id=CUUR0000SEGB&cosd=2021-01-01&coed=2026-04-01&vintage_date=2026-05-15
CUUR0000SEGB,2026-05-15,2024-01-01,177.546,"Index 1982-84=100, not seasonally adjusted",https://alfred.stlouisfed.org/graph/alfredgraph.csv?id=CUUR0000SEGB&cosd=2021-01-01&coed=2026-04-01&vintage_date=2026-05-15
CUUR0000SEGB,2026-05-15,2024-02-01,179.311,"Index 1982-84=100, not seasonally adjusted",https://alfred.stlouisfed.org/graph/alfredgraph.csv?id=CUUR0000SEGB&cosd=2021-01-01&coed=2026-04-01&vintage_date=2026-05-15
CUUR0000SEGB,2026-05-15,2024-03-01,179.706,"Index 1982-84=100, not seasonally adjusted",https://alfred.stlouisfed.org/graph/alfredgraph.csv?id=CUUR0000SEGB&cosd=2021-01-01&coed=2026-04-01&vintage_date=2026-05-15
CUUR0000SEGB,2026-05-15,2024-04-01,179.28,"Index 1982-84=100, not seasonally adjusted",https://alfred.stlouisfed.org/graph/alfredgraph.csv?id=CUUR0000SEGB&cosd=2021-01-01&coed=2026-04-01&vintage_date=2026-05-15
CUUR0000SEGB,2026-05-15,2024-05-01,178.83,"Index 1982-84=100, not seasonally adjusted",https://alfred.stlouisfed.org/graph/alfredgraph.csv?id=CUUR0000SEGB&cosd=2021-01-01&coed=2026-04-01&vintage_date=2026-05-15
CUUR0000SEGB,2026-05-15,2024-06-01,178.682,"Index 1982-84=100, not seasonally adjusted",https://alfred.stlouisfed.org/graph/alfredgraph.csv?id=CUUR0000SEGB&cosd=2021-01-01&coed=2026-04-01&vintage_date=2026-05-15
CUUR0000SEGB,2026-05-15,2024-07-01,179.079,"Index 1982-84=100, not seasonally adjusted",https://alfred.stlouisfed.org/graph/alfredgraph.csv?id=CUUR0000SEGB&cosd=2021-01-01&coed=2026-04-01&vintage_date=2026-05-15
CUUR0000SEGB,2026-05-15,2024-08-01,178.452,"Index 1982-84=100, not seasonally adjusted",https://alfred.stlouisfed.org/graph/alfredgraph.csv?id=CUUR0000SEGB&cosd=2021-01-01&coed=2026-04-01&vintage_date=2026-05-15
CUUR0000SEGB,2026-05-15,2024-09-01,179.154,"Index 1982-84=100, not seasonally adjusted",https://alfred.stlouisfed.org/graph/alfredgraph.csv?id=CUUR0000SEGB&cosd=2021-01-01&coed=2026-04-01&vintage_date=2026-05-15
CUUR0000SEGB,2026-05-15,2024-10-01,179.634,"Index 1982-84=100, not seasonally adjusted",https://alfred.stlouisfed.org/graph/alfredgraph.csv?id=CUUR0000SEGB&cosd=2021-01-01&coed=2026-04-01&vintage_date=2026-05-15
CUUR0000SEGB,2026-05-15,2024-11-01,179.444,"Index 1982-84=100, not seasonally adjusted",https://alfred.stlouisfed.org/graph/alfredgraph.csv?id=CUUR0000SEGB&cosd=2021-01-01&coed=2026-04-01&vintage_date=2026-05-15
CUUR0000SEGB,2026-05-15,2024-12-01,177.536,"Index 1982-84=100, not seasonally adjusted",https://alfred.stlouisfed.org/graph/alfredgraph.csv?id=CUUR0000SEGB&cosd=2021-01-01&coed=2026-04-01&vintage_date=2026-05-15
CUUR0000SEGB,2026-05-15,2025-01-01,178.259,"Index 1982-84=100, not seasonally adjusted",https://alfred.stlouisfed.org/graph/alfredgraph.csv?id=CUUR0000SEGB&cosd=2021-01-01&coed=2026-04-01&vintage_date=2026-05-15
CUUR0000SEGB,2026-05-15,2025-02-01,179.824,"Index 1982-84=100, not seasonally adjusted",https://alfred.stlouisfed.org/graph/alfredgraph.csv?id=CUUR0000SEGB&cosd=2021-01-01&coed=2026-04-01&vintage_date=2026-05-15
CUUR0000SEGB,2026-05-15,2025-03-01,179.746,"Index 1982-84=100, not seasonally adjusted",https://alfred.stlouisfed.org/graph/alfredgraph.csv?id=CUUR0000SEGB&cosd=2021-01-01&coed=2026-04-01&vintage_date=2026-05-15
CUUR0000SEGB,2026-05-15,2025-04-01,180.004,"Index 1982-84=100, not seasonally adjusted",https://alfred.stlouisfed.org/graph/alfredgraph.csv?id=CUUR0000SEGB&cosd=2021-01-01&coed=2026-04-01&vintage_date=2026-05-15
CUUR0000SEGB,2026-05-15,2025-05-01,179.673,"Index 1982-84=100, not seasonally adjusted",https://alfred.stlouisfed.org/graph/alfredgraph.csv?id=CUUR0000SEGB&cosd=2021-01-01&coed=2026-04-01&vintage_date=2026-05-15
CUUR0000SEGB,2026-05-15,2025-06-01,179.83,"Index 1982-84=100, not seasonally adjusted",https://alfred.stlouisfed.org/graph/alfredgraph.csv?id=CUUR0000SEGB&cosd=2021-01-01&coed=2026-04-01&vintage_date=2026-05-15
CUUR0000SEGB,2026-05-15,2025-07-01,179.777,"Index 1982-84=100, not seasonally adjusted",https://alfred.stlouisfed.org/graph/alfredgraph.csv?id=CUUR0000SEGB&cosd=2021-01-01&coed=2026-04-01&vintage_date=2026-05-15
CUUR0000SEGB,2026-05-15,2025-08-01,180.503,"Index 1982-84=100, not seasonally adjusted",https://alfred.stlouisfed.org/graph/alfredgraph.csv?id=CUUR0000SEGB&cosd=2021-01-01&coed=2026-04-01&vintage_date=2026-05-15
CUUR0000SEGB,2026-05-15,2025-09-01,181.816,"Index 1982-84=100, not seasonally adjusted",https://alfred.stlouisfed.org/graph/alfredgraph.csv?id=CUUR0000SEGB&cosd=2021-01-01&coed=2026-04-01&vintage_date=2026-05-15
CUUR0000SEGB,2026-05-15,2025-11-01,180.752,"Index 1982-84=100, not seasonally adjusted",https://alfred.stlouisfed.org/graph/alfredgraph.csv?id=CUUR0000SEGB&cosd=2021-01-01&coed=2026-04-01&vintage_date=2026-05-15
CUUR0000SEGB,2026-05-15,2025-12-01,180.246,"Index 1982-84=100, not seasonally adjusted",https://alfred.stlouisfed.org/graph/alfredgraph.csv?id=CUUR0000SEGB&cosd=2021-01-01&coed=2026-04-01&vintage_date=2026-05-15
CUUR0000SEGB,2026-05-15,2026-01-01,181.597,"Index 1982-84=100, not seasonally adjusted",https://alfred.stlouisfed.org/graph/alfredgraph.csv?id=CUUR0000SEGB&cosd=2021-01-01&coed=2026-04-01&vintage_date=2026-05-15
CUUR0000SEGB,2026-05-15,2026-02-01,182.953,"Index 1982-84=100, not seasonally adjusted",https://alfred.stlouisfed.org/graph/alfredgraph.csv?id=CUUR0000SEGB&cosd=2021-01-01&coed=2026-04-01&vintage_date=2026-05-15
CUUR0000SEGB,2026-05-15,2026-03-01,183.762,"Index 1982-84=100, not seasonally adjusted",https://alfred.stlouisfed.org/graph/alfredgraph.csv?id=CUUR0000SEGB&cosd=2021-01-01&coed=2026-04-01&vintage_date=2026-05-15
CUUR0000SEGB,2026-05-15,2026-04-01,184.895,"Index 1982-84=100, not seasonally adjusted",https://alfred.stlouisfed.org/graph/alfredgraph.csv?id=CUUR0000SEGB&cosd=2021-01-01&coed=2026-04-01&vintage_date=2026-05-15
