segment,company_metric,market_series,vintage,period_end,market_growth,company_growth,fitted,residual
Beauty,organic_volume_growth,PCENDC96,2026-04-24,2022-03-31,3.598910488105478,-1.0,1.4132303784805107,-2.4132303784805105
Beauty,organic_volume_growth,PCENDC96,2026-04-24,2022-06-30,-0.03796621007303713,-2.0,-0.970816367465818,-1.0291836325341819
Beauty,organic_volume_growth,PCENDC96,2026-04-24,2022-09-30,-0.9742817539066029,-1.0,-1.5845902758783192,0.5845902758783191
Beauty,organic_volume_growth,PCENDC96,2026-04-24,2022-12-31,-1.708333333333334,-4.0,-2.0657760362219495,-1.93422396377805
Beauty,organic_volume_growth,PCENDC96,2026-04-24,2023-03-31,-0.5138355726167609,0.0,-1.2827584263858018,1.2827584263858018
Beauty,organic_volume_growth,PCENDC96,2026-04-24,2023-06-30,-0.38380425982749156,-1.0,-1.1975202525753872,0.19752025257538725
Beauty,organic_volume_growth,PCENDC96,2026-04-24,2023-09-30,1.1893013232362026,0.0,-0.16631750429103587,0.16631750429103587
Beauty,organic_volume_growth,PCENDC96,2026-04-24,2023-12-31,2.2255192878338326,-1.0,0.5129444755905952,-1.5129444755905952
Beauty,organic_volume_growth,PCENDC96,2026-04-24,2024-03-31,1.3726160091641626,1.0,-0.046150994194719575,1.0461509941947196
Beauty,organic_volume_growth,PCENDC96,2026-04-24,2024-06-30,2.2805943792830297,1.0,0.5490473197199868,0.45095268028001323
Beauty,organic_volume_growth,PCENDC96,2026-04-24,2024-09-30,2.650199536239972,0.0,0.7913310276525369,-0.7913310276525369
Beauty,organic_volume_growth,PCENDC96,2026-04-24,2024-12-31,2.787239714463441,0.0,0.8811636555008207,-0.8811636555008207
Beauty,organic_volume_growth,PCENDC96,2026-04-24,2025-03-31,3.749851314380881,1.0,1.5121751642337784,-0.5121751642337784
Beauty,organic_volume_growth,PCENDC96,2026-04-24,2025-06-30,3.2332744751814912,1.0,1.1735485252989613,-0.17354852529896125
Beauty,organic_volume_growth,PCENDC96,2026-04-24,2025-09-30,2.996723091540132,4.0,1.0184842756086347,2.9815157243913655
Beauty,organic_volume_growth,PCENDC96,2026-04-24,2025-12-31,2.1478108850594646,3.0,0.46200503492720846,2.5379949650727918
Grooming,organic_volume_growth,PCENDC96,2026-04-24,2022-03-31,3.598910488105478,1.0,1.9204611525787179,-0.9204611525787176
Grooming,organic_volume_growth,PCENDC96,2026-04-24,2022-06-30,-0.03796621007303713,-2.0,-1.5794764800237202,-0.42052351997627985
Grooming,organic_volume_growth,PCENDC96,2026-04-24,2022-09-30,-0.9742817539066029,1.0,-2.4805369997534603,3.4805369997534603
Grooming,organic_volume_growth,PCENDC96,2026-04-24,2022-12-31,-1.708333333333334,-8.0,-3.1869493860720817,-4.813050613927918
Grooming,organic_volume_growth,PCENDC96,2026-04-24,2023-03-31,-0.5138355726167609,-1.0,-2.0374279665295627,1.0374279665295627
Grooming,organic_volume_growth,PCENDC96,2026-04-24,2023-06-30,-0.38380425982749156,-1.0,-1.9122927137243757,0.9122927137243757
Grooming,organic_volume_growth,PCENDC96,2026-04-24,2023-09-30,1.1893013232362026,-2.0,-0.39841916585866954,-1.6015808341413305
Grooming,organic_volume_growth,PCENDC96,2026-04-24,2023-12-31,2.2255192878338326,1.0,0.5987821557287061,0.40121784427129414
Grooming,organic_volume_growth,PCENDC96,2026-04-24,2024-03-31,1.3726160091641626,2.0,-0.22200681506071818,2.2220068150607184
Grooming,organic_volume_growth,PCENDC96,2026-04-24,2024-06-30,2.2805943792830297,2.0,0.6517835085869448,1.3482164914130554
Grooming,organic_volume_growth,PCENDC96,2026-04-24,2024-09-30,2.650199536239972,5.0,1.00747194825426,3.99252805174574
Grooming,organic_volume_growth,PCENDC96,2026-04-24,2024-12-31,2.787239714463441,2.0,1.1393521621705254,0.8606478378294748
Grooming,organic_volume_growth,PCENDC96,2026-04-24,2025-03-31,3.749851314380881,1.0,2.0657186144118267,-1.0657186144118267
Grooming,organic_volume_growth,PCENDC96,2026-04-24,2025-06-30,3.2332744751814912,-1.0,1.5685924070399164,-2.568592407039916
Grooming,organic_volume_growth,PCENDC96,2026-04-24,2025-09-30,2.996723091540132,1.0,1.3409478762079472,-0.340947876207947
Grooming,organic_volume_growth,PCENDC96,2026-04-24,2025-12-31,2.1478108850594646,-2.0,0.5239997020437477,-2.5239997020437475
Health Care,organic_volume_growth,PCENDC96,2026-04-24,2022-03-31,3.598910488105478,8.0,0.16713649844760736,7.832863501552392
Health Care,organic_volume_growth,PCENDC96,2026-04-24,2022-06-30,-0.03796621007303713,0.0,-1.120676041760831,1.120676041760831
Health Care,organic_volume_growth,PCENDC96,2026-04-24,2022-09-30,-0.9742817539066029,-2.0,-1.4522239602109834,-0.5477760397890166
Health Care,organic_volume_growth,PCENDC96,2026-04-24,2022-12-31,-1.708333333333334,-1.0,-1.7121505146688256,0.7121505146688255
Health Care,organic_volume_growth,PCENDC96,2026-04-24,2023-03-31,-0.5138355726167609,1.0,-1.289180663567705,2.289180663567705
Health Care,organic_volume_growth,PCENDC96,2026-04-24,2023-06-30,-0.38380425982749156,-3.0,-1.243136772304178,-1.756863227695822
Health Care,organic_volume_growth,PCENDC96,2026-04-24,2023-09-30,1.1893013232362026,2.0,-0.6861024637294708,2.6861024637294713
Health Care,organic_volume_growth,PCENDC96,2026-04-24,2023-12-31,2.2255192878338326,-4.0,-0.31917924912985673,-3.680820750870143
Health Care,organic_volume_growth,PCENDC96,2026-04-24,2024-03-31,1.3726160091641626,-4.0,-0.6211910105969978,-3.378808989403002
Health Care,organic_volume_growth,PCENDC96,2026-04-24,2024-06-30,2.2805943792830297,1.0,-0.2996772425160704,1.2996772425160708
Health Care,organic_volume_growth,PCENDC96,2026-04-24,2024-09-30,2.650199536239972,-1.0,-0.16880061524596013,-0.8311993847540399
Health Care,organic_volume_growth,PCENDC96,2026-04-24,2024-12-31,2.787239714463441,0.0,-0.12027489532893043,0.12027489532893043
Health Care,organic_volume_growth,PCENDC96,2026-04-24,2025-03-31,3.749851314380881,-1.0,0.22058441682335062,-1.2205844168233506
Health Care,organic_volume_growth,PCENDC96,2026-04-24,2025-06-30,3.2332744751814912,-2.0,0.03766533907859326,-2.0376653390785933
Health Care,organic_volume_growth,PCENDC96,2026-04-24,2025-09-30,2.996723091540132,-2.0,-0.04609714822529898,-1.953902851774701
Health Care,organic_volume_growth,PCENDC96,2026-04-24,2025-12-31,2.1478108850594646,-1.0,-0.3466956770644414,-0.6533043229355586
Fabric & Home Care,organic_volume_growth,PCENDC96,2026-04-24,2022-03-31,3.598910488105478,5.0,2.3033309471960624,2.696669052803938
Fabric & Home Care,organic_volume_growth,PCENDC96,2026-04-24,2022-06-30,-0.03796621007303713,-1.0,-2.6445640057490887,1.6445640057490887
Fabric & Home Care,organic_volume_growth,PCENDC96,2026-04-24,2022-09-30,-0.9742817539066029,-4.0,-3.9184017896966363,-0.08159821030336345
Fabric & Home Care,organic_volume_growth,PCENDC96,2026-04-24,2022-12-31,-1.708333333333334,-7.0,-4.917063665384088,-2.082936334615912
Fabric & Home Care,organic_volume_growth,PCENDC96,2026-04-24,2023-03-31,-0.5138355726167609,-5.0,-3.2919743560561434,-1.7080256439438564
Fabric & Home Care,organic_volume_growth,PCENDC96,2026-04-24,2023-06-30,-0.38380425982749156,-2.0,-3.1150694649452935,1.1150694649452935
Fabric & Home Care,organic_volume_growth,PCENDC96,2026-04-24,2023-09-30,1.1893013232362026,0.0,-0.9748921037526546,0.9748921037526546
Fabric & Home Care,organic_volume_growth,PCENDC96,2026-04-24,2023-12-31,2.2255192878338326,1.0,0.4348608416115791,0.5651391583884209
Fabric & Home Care,organic_volume_growth,PCENDC96,2026-04-24,2024-03-31,1.3726160091641626,1.0,-0.7254962939475136,1.7254962939475136
Fabric & Home Care,organic_volume_growth,PCENDC96,2026-04-24,2024-06-30,2.2805943792830297,3.0,0.5097893557267139,2.4902106442732865
Fabric & Home Care,organic_volume_growth,PCENDC96,2026-04-24,2024-09-30,2.650199536239972,1.0,1.0126294689495992,-0.012629468949599154
Fabric & Home Care,organic_volume_growth,PCENDC96,2026-04-24,2024-12-31,2.787239714463441,2.0,1.199069775414265,0.8009302245857355
Fabric & Home Care,organic_volume_growth,PCENDC96,2026-04-24,2025-03-31,3.749851314380881,0.0,2.5086827956366435,-2.5086827956366435
Fabric & Home Care,organic_volume_growth,PCENDC96,2026-04-24,2025-06-30,3.2332744751814912,0.0,1.805890771710415,-1.805890771710415
Fabric & Home Care,organic_volume_growth,PCENDC96,2026-04-24,2025-09-30,2.996723091540132,-2.0,1.4840675441543447,-3.4840675441543447
Fabric & Home Care,organic_volume_growth,PCENDC96,2026-04-24,2025-12-31,2.1478108850594646,0.0,0.3291401791317945,-0.3291401791317945
"Baby, Feminine & Family Care",organic_volume_growth,PCENDC96,2026-04-24,2022-03-31,3.598910488105478,2.0,0.08589912241368358,1.9141008775863164
"Baby, Feminine & Family Care",organic_volume_growth,PCENDC96,2026-04-24,2022-06-30,-0.03796621007303713,0.0,-2.7132217846341873,2.7132217846341873
"Baby, Feminine & Family Care",organic_volume_growth,PCENDC96,2026-04-24,2022-09-30,-0.9742817539066029,-3.0,-3.4338567227532213,0.4338567227532212
"Baby, Feminine & Family Care",organic_volume_growth,PCENDC96,2026-04-24,2022-12-31,-1.708333333333334,-6.0,-3.9988192698348817,-2.0011807301651183
"Baby, Feminine & Family Care",organic_volume_growth,PCENDC96,2026-04-24,2023-03-31,-0.5138355726167609,-4.0,-3.0794744767825915,-0.9205255232174087
"Baby, Feminine & Family Care",organic_volume_growth,PCENDC96,2026-04-24,2023-06-30,-0.38380425982749156,0.0,-2.9793959213612276,2.9793959213612276
"Baby, Feminine & Family Care",organic_volume_growth,PCENDC96,2026-04-24,2023-09-30,1.1893013232362026,-3.0,-1.7686557473122524,-1.2313442526877476
"Baby, Feminine & Family Care",organic_volume_growth,PCENDC96,2026-04-24,2023-12-31,2.2255192878338326,-2.0,-0.9711309452158556,-1.0288690547841444
"Baby, Feminine & Family Care",organic_volume_growth,PCENDC96,2026-04-24,2024-03-31,1.3726160091641626,-3.0,-1.627567661976047,-1.372432338023953
"Baby, Feminine & Family Care",organic_volume_growth,PCENDC96,2026-04-24,2024-06-30,2.2805943792830297,-1.0,-0.9287424199160481,-0.07125758008395189
"Baby, Feminine & Family Care",organic_volume_growth,PCENDC96,2026-04-24,2024-09-30,2.650199536239972,-1.0,-0.6442759372582665,-0.3557240627417335
"Baby, Feminine & Family Care",organic_volume_growth,PCENDC96,2026-04-24,2024-12-31,2.787239714463441,4.0,-0.5388030109522979,4.538803010952298
"Baby, Feminine & Family Care",organic_volume_growth,PCENDC96,2026-04-24,2025-03-31,3.749851314380881,-2.0,0.20207067773920961,-2.2020706777392096
"Baby, Feminine & Family Care",organic_volume_growth,PCENDC96,2026-04-24,2025-06-30,3.2332744751814912,0.0,-0.19551250989646407,0.19551250989646407
"Baby, Feminine & Family Care",organic_volume_growth,PCENDC96,2026-04-24,2025-09-30,2.996723091540132,0.0,-0.37757420142239706,0.37757420142239706
"Baby, Feminine & Family Care",organic_volume_growth,PCENDC96,2026-04-24,2025-12-31,2.1478108850594646,-5.0,-1.0309391908371521,-3.9690608091628476
Beauty,price_contribution,CUUR0000SEGB,2026-04-24,2022-03-31,1.0280001916822323,4.0,2.3374893022601384,1.6625106977398616
Beauty,price_contribution,CUUR0000SEGB,2026-04-24,2022-06-30,2.912272941608496,6.0,4.15272434518671,1.84727565481329
Beauty,price_contribution,CUUR0000SEGB,2026-04-24,2022-09-30,5.850277341531052,7.0,6.9830834549390435,0.01691654506095741
Beauty,price_contribution,CUUR0000SEGB,2026-04-24,2022-12-31,7.25603345755208,9.0,8.337334193697314,0.6626658063026856
Beauty,price_contribution,CUUR0000SEGB,2026-04-24,2023-03-31,6.77239402344838,8.0,7.8714147831658146,0.12858521683418545
Beauty,price_contribution,CUUR0000SEGB,2026-04-24,2023-06-30,7.05822723217906,8.0,8.146775373579478,-0.14677537357947834
Beauty,price_contribution,CUUR0000SEGB,2026-04-24,2023-09-30,5.4935927157217845,7.0,6.639467366414985,0.36053263358501564
Beauty,price_contribution,CUUR0000SEGB,2026-04-24,2023-12-31,4.212216519153356,4.0,5.405039401952832,-1.4050394019528327
Beauty,price_contribution,CUUR0000SEGB,2026-04-24,2024-03-31,3.636809635836169,4.0,4.850714801876016,-0.8507148018760162
Beauty,price_contribution,CUUR0000SEGB,2026-04-24,2024-06-30,1.6547550061168037,3.0,2.941280501028521,0.05871949897147921
Beauty,price_contribution,CUUR0000SEGB,2026-04-24,2024-09-30,0.373301115227731,1.0,1.7067776888812471,-0.7067776888812471
Beauty,price_contribution,CUUR0000SEGB,2026-04-24,2024-12-31,0.341068456777438,2.0,1.6757260000278449,0.32427399997215517
Beauty,price_contribution,CUUR0000SEGB,2026-04-24,2025-03-31,0.23594619830289432,3.0,1.5744553069277913,1.4255446930722087
Beauty,price_contribution,CUUR0000SEGB,2026-04-24,2025-06-30,0.5057825004843641,1.0,1.834405100073553,-0.8344051000735531
Beauty,price_contribution,CUUR0000SEGB,2026-04-24,2025-09-30,1.0082264270475205,2.0,2.3184400268848426,-0.31844002688484274
Beauty,price_contribution,CUUR0000SEGB,2026-04-24,2026-03-31,1.9491325309717533,1.0,3.2248723531038657,-2.2248723531038657
Grooming,price_contribution,CUUR0000SEGB,2026-04-24,2022-03-31,1.0280001916822323,6.0,3.616256010322865,2.383743989677135
Grooming,price_contribution,CUUR0000SEGB,2026-04-24,2022-06-30,2.912272941608496,6.0,5.739953141448303,0.2600468585516973
Grooming,price_contribution,CUUR0000SEGB,2026-04-24,2022-09-30,5.850277341531052,8.0,9.051273923216023,-1.051273923216022
Grooming,price_contribution,CUUR0000SEGB,2026-04-24,2022-12-31,7.25603345755208,11.0,10.635651891200073,0.36434810879992696
Grooming,price_contribution,CUUR0000SEGB,2026-04-24,2023-03-31,6.77239402344838,10.0,10.090559001253355,-0.09055900125335548
Grooming,price_contribution,CUUR0000SEGB,2026-04-24,2023-06-30,7.05822723217906,9.0,10.412711495039341,-1.412711495039341
Grooming,price_contribution,CUUR0000SEGB,2026-04-24,2023-09-30,5.4935927157217845,9.0,8.649267304706395,0.35073269529360385
Grooming,price_contribution,CUUR0000SEGB,2026-04-24,2023-12-31,4.212216519153356,7.0,7.205073542072357,-0.20507354207235728
Grooming,price_contribution,CUUR0000SEGB,2026-04-24,2024-03-31,3.636809635836169,10.0,6.556552807811164,3.4434471921888363
Grooming,price_contribution,CUUR0000SEGB,2026-04-24,2024-06-30,1.6547550061168037,5.0,4.3226491805185505,0.6773508194814497
Grooming,price_contribution,CUUR0000SEGB,2026-04-24,2024-09-30,0.373301115227731,1.0,2.8783678513653532,-1.8783678513653534
Grooming,price_contribution,CUUR0000SEGB,2026-04-24,2024-12-31,0.341068456777438,1.0,2.842039562755272,-1.842039562755272
Grooming,price_contribution,CUUR0000SEGB,2026-04-24,2025-03-31,0.23594619830289432,2.0,2.7235599855557653,-0.7235599855557653
Grooming,price_contribution,CUUR0000SEGB,2026-04-24,2025-06-30,0.5057825004843641,4.0,3.0276829321083327,0.9723170678916674
Grooming,price_contribution,CUUR0000SEGB,2026-04-24,2025-09-30,1.0082264270475205,4.0,3.5939697000060966,0.4060302999939034
Grooming,price_contribution,CUUR0000SEGB,2026-04-24,2026-03-31,1.9491325309717533,3.0,4.654431670620754,-1.6544316706207547
Beauty,organic_sales_growth,RSHPCS,2026-04-24,2022-03-31,6.658436933295464,3.0,3.6549875116339723,-0.6549875116339723
Beauty,organic_sales_growth,RSHPCS,2026-04-24,2022-06-30,3.235995481738696,0.0,3.2820973200250094,-3.2820973200250094
Beauty,organic_sales_growth,RSHPCS,2026-04-24,2022-09-30,3.553393847393038,4.0,3.316679281195268,0.683320718804732
Beauty,organic_sales_growth,RSHPCS,2026-04-24,2022-12-31,3.8028851607049052,3.0,3.343862467509037,-0.34386246750903704
Beauty,organic_sales_growth,RSHPCS,2026-04-24,2023-03-31,7.4226951952721,7.0,3.738256842543218,3.261743157456782
Beauty,organic_sales_growth,RSHPCS,2026-04-24,2023-06-30,8.374364273701707,11.0,3.841945413999283,7.158054586000717
Beauty,organic_sales_growth,RSHPCS,2026-04-24,2023-09-30,7.2648038453100305,5.0,3.7210538789354777,1.2789461210645223
Beauty,organic_sales_growth,RSHPCS,2026-04-24,2023-12-31,9.924801573504727,1.0,4.010872441673708,-3.0108724416737083
Beauty,organic_sales_growth,RSHPCS,2026-04-24,2024-03-31,2.22730739893211,3.0,3.1721962748806622,-0.17219627488066244
Beauty,organic_sales_growth,RSHPCS,2026-04-24,2024-06-30,0.7992745765246889,3.0,3.016605758487994,-0.016605758487994032
Beauty,organic_sales_growth,RSHPCS,2026-04-24,2024-09-30,5.587423184552298,-2.0,3.538295808463123,-5.538295808463123
Beauty,organic_sales_growth,RSHPCS,2026-04-24,2024-12-31,3.121328778759791,2.0,3.269603873621267,-1.269603873621267
Beauty,organic_sales_growth,RSHPCS,2026-04-24,2025-03-31,8.094873899417987,2.0,3.8114936967983617,-1.8114936967983615
Beauty,organic_sales_growth,RSHPCS,2026-04-24,2025-06-30,8.972706279503285,1.0,3.9071374321387173,-2.9071374321387173
Beauty,organic_sales_growth,RSHPCS,2026-04-24,2025-09-30,6.4839354424026885,6.0,3.6359747994236704,2.3640252005763296
Beauty,organic_sales_growth,RSHPCS,2026-04-24,2025-12-31,5.858279584969162,4.0,3.567806815876856,0.4321931841231442
Beauty,organic_sales_growth,RSHPCS,2026-04-24,2026-03-31,2.2175244833685603,7.0,3.1711303827943778,3.8288696172056222
Health Care,organic_sales_growth,RSHPCS,2026-04-24,2022-03-31,6.658436933295464,16.0,5.483974856808075,10.516025143191925
Health Care,organic_sales_growth,RSHPCS,2026-04-24,2022-06-30,3.235995481738696,9.0,5.26955083247618,3.73044916752382
Health Care,organic_sales_growth,RSHPCS,2026-04-24,2022-09-30,3.553393847393038,8.0,5.289436588257046,2.710563411742954
Health Care,organic_sales_growth,RSHPCS,2026-04-24,2022-12-31,3.8028851607049052,8.0,5.305067807137897,2.6949321928621033
Health Care,organic_sales_growth,RSHPCS,2026-04-24,2023-03-31,7.4226951952721,9.0,5.531857438433362,3.4681425615666384
Health Care,organic_sales_growth,RSHPCS,2026-04-24,2023-06-30,8.374364273701707,5.0,5.591481749474909,-0.5914817494749083
Health Care,organic_sales_growth,RSHPCS,2026-04-24,2023-09-30,7.2648038453100305,10.0,5.521965173176154,4.478034826823846
Health Care,organic_sales_growth,RSHPCS,2026-04-24,2023-12-31,9.924801573504727,2.0,5.688620301004203,-3.688620301004203
Health Care,organic_sales_growth,RSHPCS,2026-04-24,2024-03-31,2.22730739893211,2.0,5.206354146405004,-3.2063541464050043
Health Care,organic_sales_growth,RSHPCS,2026-04-24,2024-06-30,0.7992745765246889,4.0,5.116884523916839,-1.1168845239168383
Health Care,organic_sales_growth,RSHPCS,2026-04-24,2024-09-30,5.587423184552298,4.0,5.416873320851678,-1.4168733208516788
Health Care,organic_sales_growth,RSHPCS,2026-04-24,2024-12-31,3.121328778759791,3.0,5.262366693241768,-2.262366693241768
Health Care,organic_sales_growth,RSHPCS,2026-04-24,2025-03-31,8.094873899417987,4.0,5.573971018710272,-1.5739710187102718
Health Care,organic_sales_growth,RSHPCS,2026-04-24,2025-06-30,8.972706279503285,2.0,5.628969286552405,-3.628969286552404
Health Care,organic_sales_growth,RSHPCS,2026-04-24,2025-09-30,6.4839354424026885,1.0,5.473041927068072,-4.473041927068072
Health Care,organic_sales_growth,RSHPCS,2026-04-24,2025-12-31,5.858279584969162,3.0,5.433843112801521,-2.433843112801521
Health Care,organic_sales_growth,RSHPCS,2026-04-24,2026-03-31,2.2175244833685603,2.0,5.2057412236846226,-3.2057412236846226
Beauty,organic_volume_growth,PCENDC96,2026-05-15,2022-03-31,3.598910488105478,-1.0,1.7052751114862306,-2.7052751114862303
Beauty,organic_volume_growth,PCENDC96,2026-05-15,2022-06-30,-0.03796621007303713,-2.0,-0.6822427440669115,-1.3177572559330886
Beauty,organic_volume_growth,PCENDC96,2026-05-15,2022-09-30,-0.9742817539066029,-1.0,-1.2969102912109203,0.29691029121092016
Beauty,organic_volume_growth,PCENDC96,2026-05-15,2022-12-31,-1.708333333333334,-4.0,-1.7787966454159045,-2.2212033545840955
Beauty,organic_volume_growth,PCENDC96,2026-05-15,2023-03-31,-0.5138355726167609,0.0,-0.9946389824526828,0.9946389824526828
Beauty,organic_volume_growth,PCENDC96,2026-05-15,2023-06-30,-0.38380425982749156,-1.0,-0.9092767040941994,-0.09072329590580058
Beauty,organic_volume_growth,PCENDC96,2026-05-15,2023-09-30,1.1893013232362026,0.0,0.12342744837705732,-0.12342744837705732
Beauty,organic_volume_growth,PCENDC96,2026-05-15,2023-12-31,2.2255192878338326,-1.0,0.8036784159066528,-1.8036784159066528
Beauty,organic_volume_growth,PCENDC96,2026-05-15,2024-03-31,1.3726160091641626,1.0,0.24376891776405119,0.7562310822359488
Beauty,organic_volume_growth,PCENDC96,2026-05-15,2024-06-30,2.2805943792830297,1.0,0.8398338248313042,0.1601661751686958
Beauty,organic_volume_growth,PCENDC96,2026-05-15,2024-09-30,2.650199536239972,0.0,1.082470291495456,-1.082470291495456
Beauty,organic_volume_growth,PCENDC96,2026-05-15,2024-12-31,2.787239714463441,0.0,1.172433713296526,-1.172433713296526
Beauty,organic_volume_growth,PCENDC96,2026-05-15,2025-03-31,3.749851314380881,1.0,1.8043639582554813,-0.8043639582554813
Beauty,organic_volume_growth,PCENDC96,2026-05-15,2025-06-30,3.2332744751814912,1.0,1.465244287805436,-0.4652442878054359
Beauty,organic_volume_growth,PCENDC96,2026-05-15,2025-09-30,2.996723091540132,4.0,1.3099542686298051,2.6900457313701946
Beauty,organic_volume_growth,PCENDC96,2026-05-15,2025-12-31,2.1478108850594646,3.0,0.7526648087521293,2.2473351912478705
Beauty,organic_volume_growth,PCENDC96,2026-05-15,2026-03-31,1.5477657714465964,5.0,0.3587503206404907,4.641249679359509
Grooming,organic_volume_growth,PCENDC96,2026-05-15,2022-03-31,3.598910488105478,1.0,1.805182247057539,-0.8051822470575387
Grooming,organic_volume_growth,PCENDC96,2026-05-15,2022-06-30,-0.03796621007303713,-2.0,-1.6933852334031383,-0.3066147665968617
Grooming,organic_volume_growth,PCENDC96,2026-05-15,2022-09-30,-0.9742817539066029,1.0,-2.5940930068469266,3.594093006846927
Grooming,organic_volume_growth,PCENDC96,2026-05-15,2022-12-31,-1.708333333333334,-8.0,-3.300228847539402,-4.699771152460598
Grooming,organic_volume_growth,PCENDC96,2026-05-15,2023-03-31,-0.5138355726167609,-1.0,-2.1511574415114993,1.1511574415114993
Grooming,organic_volume_growth,PCENDC96,2026-05-15,2023-06-30,-0.38380425982749156,-1.0,-2.0260711765319934,1.0260711765319934
Grooming,organic_volume_growth,PCENDC96,2026-05-15,2023-09-30,1.1893013232362026,-2.0,-0.5127902783937113,-1.4872097216062887
Grooming,organic_volume_growth,PCENDC96,2026-05-15,2023-12-31,2.2255192878338326,1.0,0.48402065980116826,0.515979340198832
Grooming,organic_volume_growth,PCENDC96,2026-05-15,2024-03-31,1.3726160091641626,2.0,-0.3364469893293254,2.3364469893293256
Grooming,organic_volume_growth,PCENDC96,2026-05-15,2024-06-30,2.2805943792830297,2.0,0.5370012637419237,1.4629987362580765
Grooming,organic_volume_growth,PCENDC96,2026-05-15,2024-09-30,2.650199536239972,5.0,0.8925504588487445,4.107449541151256
Grooming,organic_volume_growth,PCENDC96,2026-05-15,2024-12-31,2.787239714463441,2.0,1.0243790444285878,0.9756209555714124
Grooming,organic_volume_growth,PCENDC96,2026-05-15,2025-03-31,3.749851314380881,1.0,1.9503828436423694,-0.9503828436423691
Grooming,organic_volume_growth,PCENDC96,2026-05-15,2025-06-30,3.2332744751814912,-1.0,1.4534512507491317,-2.453451250749132
Grooming,organic_volume_growth,PCENDC96,2026-05-15,2025-09-30,2.996723091540132,1.0,1.2258958379741742,-0.225895837974174
Grooming,organic_volume_growth,PCENDC96,2026-05-15,2025-12-31,2.1478108850594646,-2.0,0.4092674818776201,-2.4092674818776203
Grooming,organic_volume_growth,PCENDC96,2026-05-15,2026-03-31,1.5477657714465964,-2.0,-0.16795811456526177,-1.8320418854347382
Health Care,organic_volume_growth,PCENDC96,2026-05-15,2022-03-31,3.598910488105478,8.0,0.0818073846862557,7.918192615313744
Health Care,organic_volume_growth,PCENDC96,2026-05-15,2022-06-30,-0.03796621007303713,0.0,-1.2049909728541048,1.2049909728541048
Health Care,organic_volume_growth,PCENDC96,2026-05-15,2022-09-30,-0.9742817539066029,-2.0,-1.5362777895196178,-0.46372221048038226
Health Care,organic_volume_growth,PCENDC96,2026-05-15,2022-12-31,-1.708333333333334,-1.0,-1.795999645701683,0.795999645701683
Health Care,organic_volume_growth,PCENDC96,2026-05-15,2023-03-31,-0.5138355726167609,1.0,-1.3733628933076436,2.3733628933076436
Health Care,organic_volume_growth,PCENDC96,2026-05-15,2023-06-30,-0.38380425982749156,-3.0,-1.3273552626915572,-1.6726447373084428
Health Care,organic_volume_growth,PCENDC96,2026-05-15,2023-09-30,1.1893013232362026,2.0,-0.7707596317377328,2.7707596317377328
Health Care,organic_volume_growth,PCENDC96,2026-05-15,2023-12-31,2.2255192878338326,-4.0,-0.40412537780059365,-3.5958746221994065
Health Care,organic_volume_growth,PCENDC96,2026-05-15,2024-03-31,1.3726160091641626,-4.0,-0.7058992979014858,-3.2941007020985142
Health Care,organic_volume_growth,PCENDC96,2026-05-15,2024-06-30,2.2805943792830297,1.0,-0.38463872947575317,1.3846387294757532
Health Care,organic_volume_growth,PCENDC96,2026-05-15,2024-09-30,2.650199536239972,-1.0,-0.25386517062817304,-0.746134829371827
Health Care,organic_volume_growth,PCENDC96,2026-05-15,2024-12-31,2.787239714463441,0.0,-0.20537766585702777,0.20537766585702777
Health Care,organic_volume_growth,PCENDC96,2026-05-15,2025-03-31,3.749851314380881,-1.0,0.13521321156904542,-1.1352132115690454
Health Care,organic_volume_growth,PCENDC96,2026-05-15,2025-06-30,3.2332744751814912,-2.0,-0.04756181309926055,-1.9524381869007394
Health Care,organic_volume_growth,PCENDC96,2026-05-15,2025-09-30,2.996723091540132,-2.0,-0.13125833547409194,-1.868741664525908
Health Care,organic_volume_growth,PCENDC96,2026-05-15,2025-12-31,2.1478108850594646,-1.0,-0.43162013590092263,-0.5683798640990774
Health Care,organic_volume_growth,PCENDC96,2026-05-15,2026-03-31,1.5477657714465964,-2.0,-0.6439278743056569,-1.356072125694343
Fabric & Home Care,organic_volume_growth,PCENDC96,2026-05-15,2022-03-31,3.598910488105478,5.0,2.450628978993457,2.549371021006543
Fabric & Home Care,organic_volume_growth,PCENDC96,2026-05-15,2022-06-30,-0.03796621007303713,-1.0,-2.499016690727079,1.4990166907270792
Fabric & Home Care,organic_volume_growth,PCENDC96,2026-05-15,2022-09-30,-0.9742817539066029,-4.0,-3.773305197496895,-0.22669480250310525
Fabric & Home Care,organic_volume_growth,PCENDC96,2026-05-15,2022-12-31,-1.708333333333334,-7.0,-4.772320430342356,-2.2276795696576444
Fabric & Home Care,organic_volume_growth,PCENDC96,2026-05-15,2023-03-31,-0.5138355726167609,-5.0,-3.146656114644552,-1.8533438853554478
Fabric & Home Care,organic_volume_growth,PCENDC96,2026-05-15,2023-06-30,-0.38380425982749156,-2.0,-2.969688629165095,0.9696886291650946
Fabric & Home Care,organic_volume_growth,PCENDC96,2026-05-15,2023-09-30,1.1893013232362026,0.0,-0.8287540076740516,0.8287540076740516
Fabric & Home Care,organic_volume_growth,PCENDC96,2026-05-15,2023-12-31,2.2255192878338326,1.0,0.5814977514592834,0.4185022485407166
Fabric & Home Care,organic_volume_growth,PCENDC96,2026-05-15,2024-03-31,1.3726160091641626,1.0,-0.5792699539930626,1.5792699539930626
Fabric & Home Care,organic_volume_growth,PCENDC96,2026-05-15,2024-06-30,2.2805943792830297,3.0,0.6564527775775764,2.3435472224224236
Fabric & Home Care,organic_volume_growth,PCENDC96,2026-05-15,2024-09-30,2.650199536239972,1.0,1.159470811033192,-0.15947081103319194
Fabric & Home Care,organic_volume_growth,PCENDC96,2026-05-15,2024-12-31,2.787239714463441,2.0,1.3459770857884625,0.6540229142115375
Fabric & Home Care,organic_volume_growth,PCENDC96,2026-05-15,2025-03-31,3.749851314380881,0.0,2.656053487207405,-2.656053487207405
Fabric & Home Care,organic_volume_growth,PCENDC96,2026-05-15,2025-06-30,3.2332744751814912,0.0,1.953012793938436,-1.953012793938436
Fabric & Home Care,organic_volume_growth,PCENDC96,2026-05-15,2025-09-30,2.996723091540132,-2.0,1.6310756954678558,-3.631075695467856
Fabric & Home Care,organic_volume_growth,PCENDC96,2026-05-15,2025-12-31,2.1478108850594646,0.0,0.47573968177116743,-0.47573968177116743
Fabric & Home Care,organic_volume_growth,PCENDC96,2026-05-15,2026-03-31,1.5477657714465964,2.0,-0.3408980391937457,2.3408980391937457
"Baby, Feminine & Family Care",organic_volume_growth,PCENDC96,2026-05-15,2022-03-31,3.598910488105478,2.0,0.35197058372278445,1.6480294162772156
"Baby, Feminine & Family Care",organic_volume_growth,PCENDC96,2026-05-15,2022-06-30,-0.03796621007303713,0.0,-2.4503127265499054,2.4503127265499054
"Baby, Feminine & Family Care",organic_volume_growth,PCENDC96,2026-05-15,2022-09-30,-0.9742817539066029,-3.0,-3.171761826803375,0.17176182680337493
"Baby, Feminine & Family Care",organic_volume_growth,PCENDC96,2026-05-15,2022-12-31,-1.708333333333334,-6.0,-3.7373626597755427,-2.2626373402244573
"Baby, Feminine & Family Care",organic_volume_growth,PCENDC96,2026-05-15,2023-03-31,-0.5138355726167609,-4.0,-2.8169792052881752,-1.1830207947118248
"Baby, Feminine & Family Care",organic_volume_growth,PCENDC96,2026-05-15,2023-06-30,-0.38380425982749156,0.0,-2.7167875826728927,2.7167875826728927
"Baby, Feminine & Family Care",organic_volume_growth,PCENDC96,2026-05-15,2023-09-30,1.1893013232362026,-3.0,-1.5046795332237553,-1.4953204667762447
"Baby, Feminine & Family Care",organic_volume_growth,PCENDC96,2026-05-15,2023-12-31,2.2255192878338326,-2.0,-0.7062537000216023,-1.2937462999783977
"Baby, Feminine & Family Care",organic_volume_growth,PCENDC96,2026-05-15,2024-03-31,1.3726160091641626,-3.0,-1.3634320487651586,-1.6365679512348414
"Baby, Feminine & Family Care",organic_volume_growth,PCENDC96,2026-05-15,2024-06-30,2.2805943792830297,-1.0,-0.6638172848258042,-0.33618271517419585
"Baby, Feminine & Family Care",organic_volume_growth,PCENDC96,2026-05-15,2024-09-30,2.650199536239972,-1.0,-0.3790294163644141,-0.6209705836355859
"Baby, Feminine & Family Care",organic_volume_growth,PCENDC96,2026-05-15,2024-12-31,2.787239714463441,4.0,-0.2734373283882787,4.273437328388279
"Baby, Feminine & Family Care",organic_volume_growth,PCENDC96,2026-05-15,2025-03-31,3.749851314380881,-2.0,0.4682733878629892,-2.468273387862989
"Baby, Feminine & Family Care",organic_volume_growth,PCENDC96,2026-05-15,2025-06-30,3.2332744751814912,0.0,0.0702410169313934,-0.0702410169313934
"Baby, Feminine & Family Care",organic_volume_growth,PCENDC96,2026-05-15,2025-09-30,2.996723091540132,0.0,-0.11202636505933761,0.11202636505933761
"Baby, Feminine & Family Care",organic_volume_growth,PCENDC96,2026-05-15,2025-12-31,2.1478108850594646,-5.0,-0.7661295160677228,-4.233870483932277
"Baby, Feminine & Family Care",organic_volume_growth,PCENDC96,2026-05-15,2026-03-31,1.5477657714465964,3.0,-1.2284757947112022,4.228475794711202
Beauty,price_contribution,CUUR0000SEGB,2026-05-15,2022-03-31,1.0280001916822323,4.0,2.3374893022601384,1.6625106977398616
Beauty,price_contribution,CUUR0000SEGB,2026-05-15,2022-06-30,2.912272941608496,6.0,4.15272434518671,1.84727565481329
Beauty,price_contribution,CUUR0000SEGB,2026-05-15,2022-09-30,5.850277341531052,7.0,6.9830834549390435,0.01691654506095741
Beauty,price_contribution,CUUR0000SEGB,2026-05-15,2022-12-31,7.25603345755208,9.0,8.337334193697314,0.6626658063026856
Beauty,price_contribution,CUUR0000SEGB,2026-05-15,2023-03-31,6.77239402344838,8.0,7.8714147831658146,0.12858521683418545
Beauty,price_contribution,CUUR0000SEGB,2026-05-15,2023-06-30,7.05822723217906,8.0,8.146775373579478,-0.14677537357947834
Beauty,price_contribution,CUUR0000SEGB,2026-05-15,2023-09-30,5.4935927157217845,7.0,6.639467366414985,0.36053263358501564
Beauty,price_contribution,CUUR0000SEGB,2026-05-15,2023-12-31,4.212216519153356,4.0,5.405039401952832,-1.4050394019528327
Beauty,price_contribution,CUUR0000SEGB,2026-05-15,2024-03-31,3.636809635836169,4.0,4.850714801876016,-0.8507148018760162
Beauty,price_contribution,CUUR0000SEGB,2026-05-15,2024-06-30,1.6547550061168037,3.0,2.941280501028521,0.05871949897147921
Beauty,price_contribution,CUUR0000SEGB,2026-05-15,2024-09-30,0.373301115227731,1.0,1.7067776888812471,-0.7067776888812471
Beauty,price_contribution,CUUR0000SEGB,2026-05-15,2024-12-31,0.341068456777438,2.0,1.6757260000278449,0.32427399997215517
Beauty,price_contribution,CUUR0000SEGB,2026-05-15,2025-03-31,0.23594619830289432,3.0,1.5744553069277913,1.4255446930722087
Beauty,price_contribution,CUUR0000SEGB,2026-05-15,2025-06-30,0.5057825004843641,1.0,1.834405100073553,-0.8344051000735531
Beauty,price_contribution,CUUR0000SEGB,2026-05-15,2025-09-30,1.0082264270475205,2.0,2.3184400268848426,-0.31844002688484274
Beauty,price_contribution,CUUR0000SEGB,2026-05-15,2026-03-31,1.9491325309717533,1.0,3.2248723531038657,-2.2248723531038657
Grooming,price_contribution,CUUR0000SEGB,2026-05-15,2022-03-31,1.0280001916822323,6.0,3.616256010322865,2.383743989677135
Grooming,price_contribution,CUUR0000SEGB,2026-05-15,2022-06-30,2.912272941608496,6.0,5.739953141448303,0.2600468585516973
Grooming,price_contribution,CUUR0000SEGB,2026-05-15,2022-09-30,5.850277341531052,8.0,9.051273923216023,-1.051273923216022
Grooming,price_contribution,CUUR0000SEGB,2026-05-15,2022-12-31,7.25603345755208,11.0,10.635651891200073,0.36434810879992696
Grooming,price_contribution,CUUR0000SEGB,2026-05-15,2023-03-31,6.77239402344838,10.0,10.090559001253355,-0.09055900125335548
Grooming,price_contribution,CUUR0000SEGB,2026-05-15,2023-06-30,7.05822723217906,9.0,10.412711495039341,-1.412711495039341
Grooming,price_contribution,CUUR0000SEGB,2026-05-15,2023-09-30,5.4935927157217845,9.0,8.649267304706395,0.35073269529360385
Grooming,price_contribution,CUUR0000SEGB,2026-05-15,2023-12-31,4.212216519153356,7.0,7.205073542072357,-0.20507354207235728
Grooming,price_contribution,CUUR0000SEGB,2026-05-15,2024-03-31,3.636809635836169,10.0,6.556552807811164,3.4434471921888363
Grooming,price_contribution,CUUR0000SEGB,2026-05-15,2024-06-30,1.6547550061168037,5.0,4.3226491805185505,0.6773508194814497
Grooming,price_contribution,CUUR0000SEGB,2026-05-15,2024-09-30,0.373301115227731,1.0,2.8783678513653532,-1.8783678513653534
Grooming,price_contribution,CUUR0000SEGB,2026-05-15,2024-12-31,0.341068456777438,1.0,2.842039562755272,-1.842039562755272
Grooming,price_contribution,CUUR0000SEGB,2026-05-15,2025-03-31,0.23594619830289432,2.0,2.7235599855557653,-0.7235599855557653
Grooming,price_contribution,CUUR0000SEGB,2026-05-15,2025-06-30,0.5057825004843641,4.0,3.0276829321083327,0.9723170678916674
Grooming,price_contribution,CUUR0000SEGB,2026-05-15,2025-09-30,1.0082264270475205,4.0,3.5939697000060966,0.4060302999939034
Grooming,price_contribution,CUUR0000SEGB,2026-05-15,2026-03-31,1.9491325309717533,3.0,4.654431670620754,-1.6544316706207547
Beauty,organic_sales_growth,RSHPCS,2026-05-15,2022-03-31,6.658436933295464,3.0,3.6548407525665505,-0.6548407525665504
Beauty,organic_sales_growth,RSHPCS,2026-05-15,2022-06-30,3.235995481738696,0.0,3.2727741661602434,-3.2727741661602434
Beauty,organic_sales_growth,RSHPCS,2026-05-15,2022-09-30,3.553393847393038,4.0,3.3082071492552014,0.6917928507447986
Beauty,organic_sales_growth,RSHPCS,2026-05-15,2022-12-31,3.8028851607049052,3.0,3.3360592822322994,-0.3360592822322995
Beauty,organic_sales_growth,RSHPCS,2026-05-15,2023-03-31,7.4226951952721,7.0,3.740159245057754,3.259840754942246
Beauty,organic_sales_growth,RSHPCS,2026-05-15,2023-06-30,8.374364273701707,11.0,3.8463994719047743,7.153600528095226
Beauty,organic_sales_growth,RSHPCS,2026-05-15,2023-09-30,7.2648038453100305,5.0,3.722532936483315,1.2774670635166852
Beauty,organic_sales_growth,RSHPCS,2026-05-15,2023-12-31,9.924801573504727,1.0,4.019483597654625,-3.0194835976546246
Beauty,organic_sales_growth,RSHPCS,2026-05-15,2024-03-31,2.22730739893211,3.0,3.1601685838583653,-0.16016858385836516
Beauty,organic_sales_growth,RSHPCS,2026-05-15,2024-06-30,0.7992745765246889,3.0,3.0007491654530662,-0.0007491654530660252
Beauty,organic_sales_growth,RSHPCS,2026-05-15,2024-09-30,5.587423184552298,-2.0,3.5352774020261366,-5.535277402026137
Beauty,organic_sales_growth,RSHPCS,2026-05-15,2024-12-31,3.121328778759791,2.0,3.2599732705417988,-1.2599732705417988
Beauty,organic_sales_growth,RSHPCS,2026-05-15,2025-03-31,8.021190867034766,2.0,3.8069727176988417,-1.8069727176988415
Beauty,organic_sales_growth,RSHPCS,2026-05-15,2025-06-30,9.266695725560382,1.0,3.946015502326434,-2.946015502326434
Beauty,organic_sales_growth,RSHPCS,2026-05-15,2025-09-30,6.4839354424026885,6.0,3.6353601595770377,2.3646398404229623
Beauty,organic_sales_growth,RSHPCS,2026-05-15,2025-12-31,5.858279584969162,4.0,3.5655146410785385,0.43448535892146145
Beauty,organic_sales_growth,RSHPCS,2026-05-15,2026-03-31,2.4901568004420893,7.0,3.1895119561250196,3.8104880438749813
Health Care,organic_sales_growth,RSHPCS,2026-05-15,2022-03-31,6.658436933295464,16.0,5.4645744452660105,10.53542555473399
Health Care,organic_sales_growth,RSHPCS,2026-05-15,2022-06-30,3.235995481738696,9.0,5.303711815347207,3.6962881846527926
Health Care,organic_sales_growth,RSHPCS,2026-05-15,2022-09-30,3.553393847393038,8.0,5.318630269484053,2.6813697305159474
Health Care,organic_sales_growth,RSHPCS,2026-05-15,2022-12-31,3.8028851607049052,8.0,5.330356935774571,2.669643064225429
Health Care,organic_sales_growth,RSHPCS,2026-05-15,2023-03-31,7.4226951952721,9.0,5.500496343623924,3.4995036563760755
Health Care,organic_sales_growth,RSHPCS,2026-05-15,2023-06-30,8.374364273701707,5.0,5.5452269819519975,-0.5452269819519971
Health Care,organic_sales_growth,RSHPCS,2026-05-15,2023-09-30,7.2648038453100305,10.0,5.493075086560557,4.506924913439443
Health Care,organic_sales_growth,RSHPCS,2026-05-15,2023-12-31,9.924801573504727,2.0,5.6181011056151124,-3.618101105615113
Health Care,organic_sales_growth,RSHPCS,2026-05-15,2024-03-31,2.22730739893211,2.0,5.2563011525017656,-3.2563011525017656
Health Care,organic_sales_growth,RSHPCS,2026-05-15,2024-06-30,0.7992745765246889,4.0,5.189180321167066,-1.1891803211670653
Health Care,organic_sales_growth,RSHPCS,2026-05-15,2024-09-30,5.587423184552298,4.0,5.414234332588946,-1.4142343325889464
Health Care,organic_sales_growth,RSHPCS,2026-05-15,2024-12-31,3.121328778759791,3.0,5.298322216236048,-2.2983222162360484
Health Care,organic_sales_growth,RSHPCS,2026-05-15,2025-03-31,8.021190867034766,4.0,5.528627018499596,-1.5286270184995954
Health Care,organic_sales_growth,RSHPCS,2026-05-15,2025-06-30,9.266695725560382,2.0,5.587168615179925,-3.587168615179925
Health Care,organic_sales_growth,RSHPCS,2026-05-15,2025-09-30,6.4839354424026885,1.0,5.4563724733266525,-4.4563724733266525
Health Care,organic_sales_growth,RSHPCS,2026-05-15,2025-12-31,5.858279584969162,3.0,5.4269652071760275,-2.4269652071760275
Health Care,organic_sales_growth,RSHPCS,2026-05-15,2026-03-31,2.4901568004420893,2.0,5.268655679700542,-3.2686556797005424
