period_end,segment,net_sales,reported_sales_growth,organic_sales_growth,reported_volume_growth,organic_volume_growth,price_contribution,mix_contribution,fx_contribution,other_contribution,publication_date
2022-03-31,Beauty,3389.0,2.0,3.0,0.0,-1.0,4.0,0.0,-2.0,0.0,2022-04-20
2022-03-31,Grooming,1481.0,3.0,8.0,1.0,1.0,6.0,1.0,-5.0,0.0,2022-04-20
2022-03-31,Health Care,2662.0,13.0,16.0,8.0,8.0,3.0,5.0,-3.0,0.0,2022-04-20
2022-03-31,Fabric & Home Care,6699.0,7.0,10.0,4.0,5.0,5.0,1.0,-3.0,0.0,2022-04-20
2022-03-31,"Baby, Feminine & Family Care",4935.0,7.0,10.0,2.0,2.0,5.0,2.0,-3.0,1.0,2022-04-20
2022-03-31,Corporate,215.0,,,,,,,,,2022-04-20
2022-03-31,Total Company,19381.0,7.0,10.0,3.0,3.0,5.0,2.0,-3.0,0.0,2022-04-20
2022-06-30,Beauty,3461.0,-1.0,0.0,-1.0,-2.0,6.0,-4.0,-3.0,1.0,2022-07-29
2022-06-30,Grooming,1608.0,-3.0,3.0,-3.0,-2.0,6.0,-1.0,-6.0,1.0,2022-07-29
2022-06-30,Health Care,2510.0,5.0,9.0,0.0,0.0,5.0,4.0,-4.0,0.0,2022-07-29
2022-06-30,Fabric & Home Care,6876.0,4.0,9.0,-1.0,-1.0,10.0,0.0,-5.0,0.0,2022-07-29
2022-06-30,"Baby, Feminine & Family Care",4821.0,3.0,7.0,0.0,0.0,6.0,1.0,-3.0,-1.0,2022-07-29
2022-06-30,Corporate,239.0,,,,,,,,,2022-07-29
2022-06-30,Total Company,19515.0,3.0,7.0,-1.0,-1.0,8.0,0.0,-4.0,0.0,2022-07-29
2022-09-30,Beauty,3961.0,0.0,4.0,-1.0,-1.0,7.0,-2.0,-6.0,2.0,2022-10-19
2022-09-30,Grooming,1625.0,-4.0,5.0,0.0,1.0,8.0,-4.0,-8.0,0.0,2022-10-19
2022-09-30,Health Care,2757.0,3.0,8.0,-2.0,-2.0,6.0,4.0,-5.0,0.0,2022-10-19
2022-09-30,Fabric & Home Care,7082.0,1.0,8.0,-4.0,-4.0,11.0,1.0,-6.0,-1.0,2022-10-19
2022-09-30,"Baby, Feminine & Family Care",4934.0,1.0,6.0,-3.0,-3.0,8.0,1.0,-5.0,0.0,2022-10-19
2022-09-30,Corporate,253.0,,,,,,,,,2022-10-19
2022-09-30,Total Company,20612.0,1.0,7.0,-3.0,-3.0,9.0,1.0,-6.0,0.0,2022-10-19
2022-12-31,Beauty,3807.0,-3.0,3.0,-4.0,-4.0,9.0,-2.0,-8.0,2.0,2023-01-19
2022-12-31,Grooming,1643.0,-9.0,0.0,-8.0,-8.0,11.0,-3.0,-9.0,0.0,2023-01-19
2022-12-31,Health Care,3051.0,2.0,8.0,-1.0,-1.0,5.0,4.0,-6.0,0.0,2023-01-19
2022-12-31,Fabric & Home Care,7032.0,1.0,8.0,-7.0,-7.0,13.0,2.0,-7.0,0.0,2023-01-19
2022-12-31,"Baby, Feminine & Family Care",5065.0,-1.0,4.0,-6.0,-6.0,8.0,2.0,-5.0,0.0,2023-01-19
2022-12-31,Corporate,175.0,,,,,,,,,2023-01-19
2022-12-31,Total Company,20773.0,-1.0,5.0,-6.0,-6.0,10.0,1.0,-6.0,0.0,2023-01-19
2023-03-31,Beauty,3494.0,3.0,7.0,1.0,0.0,8.0,-1.0,-5.0,0.0,2023-04-21
2023-03-31,Grooming,1495.0,1.0,7.0,-1.0,-1.0,10.0,-2.0,-6.0,0.0,2023-04-21
2023-03-31,Health Care,2828.0,6.0,9.0,1.0,1.0,6.0,3.0,-3.0,-1.0,2023-04-21
2023-03-31,Fabric & Home Care,7016.0,5.0,9.0,-5.0,-5.0,13.0,1.0,-4.0,0.0,2023-04-21
2023-03-31,"Baby, Feminine & Family Care",5062.0,3.0,6.0,-4.0,-4.0,8.0,2.0,-3.0,0.0,2023-04-21
2023-03-31,Corporate,173.0,,,,,,,,,2023-04-21
2023-03-31,Total Company,20068.0,4.0,7.0,-3.0,-3.0,10.0,1.0,-4.0,0.0,2023-04-21
2023-06-30,Beauty,3746.0,8.0,11.0,0.0,-1.0,8.0,4.0,-4.0,0.0,2023-07-28
2023-06-30,Grooming,1656.0,3.0,8.0,-1.0,-1.0,9.0,0.0,-5.0,0.0,2023-07-28
2023-06-30,Health Care,2590.0,3.0,5.0,-3.0,-3.0,6.0,2.0,-2.0,0.0,2023-07-28
2023-06-30,Fabric & Home Care,7241.0,5.0,8.0,-2.0,-2.0,6.0,3.0,-2.0,0.0,2023-07-28
2023-06-30,"Baby, Feminine & Family Care",5156.0,7.0,9.0,0.0,0.0,8.0,2.0,-3.0,0.0,2023-07-28
2023-06-30,Corporate,164.0,,,,,,,,,2023-07-28
2023-06-30,Total Company,20553.0,5.0,8.0,-1.0,-1.0,7.0,2.0,-3.0,0.0,2023-07-28
2023-09-30,Beauty,4097.0,3.0,5.0,0.0,0.0,7.0,-2.0,-3.0,1.0,2023-10-18
2023-09-30,Grooming,1724.0,6.0,9.0,-2.0,-2.0,9.0,1.0,-3.0,1.0,2023-10-18
2023-09-30,Health Care,3074.0,11.0,10.0,2.0,2.0,6.0,2.0,1.0,0.0,2023-10-18
2023-09-30,Fabric & Home Care,7646.0,8.0,9.0,-1.0,0.0,8.0,1.0,-1.0,1.0,2023-10-18
2023-09-30,"Baby, Feminine & Family Care",5186.0,5.0,7.0,-3.0,-3.0,8.0,2.0,-2.0,0.0,2023-10-18
2023-09-30,Corporate,144.0,,,,,,,,,2023-10-18
2023-09-30,Total Company,21871.0,6.0,7.0,-1.0,-1.0,7.0,1.0,-1.0,0.0,2023-10-18
2023-12-31,Beauty,3849.0,1.0,1.0,0.0,-1.0,4.0,-3.0,-1.0,1.0,2024-01-23
2023-12-31,Grooming,1734.0,6.0,9.0,1.0,1.0,7.0,1.0,-3.0,0.0,2024-01-23
2023-12-31,Health Care,3172.0,4.0,2.0,-3.0,-4.0,5.0,1.0,2.0,-1.0,2024-01-23
2023-12-31,Fabric & Home Care,7415.0,5.0,6.0,0.0,1.0,4.0,1.0,0.0,0.0,2024-01-23
2023-12-31,"Baby, Feminine & Family Care",5146.0,2.0,3.0,-2.0,-2.0,4.0,1.0,-1.0,0.0,2024-01-23
2023-12-31,Corporate,126.0,,,,,,,,,2024-01-23
2023-12-31,Total Company,21441.0,3.0,4.0,0.0,-1.0,4.0,0.0,-1.0,0.0,2024-01-23
2024-03-31,Beauty,3550.0,2.0,3.0,1.0,1.0,4.0,-1.0,-3.0,1.0,2024-04-19
2024-03-31,Grooming,1539.0,3.0,10.0,2.0,2.0,10.0,-1.0,-7.0,-1.0,2024-04-19
2024-03-31,Health Care,2873.0,2.0,2.0,-4.0,-4.0,4.0,3.0,-1.0,0.0,2024-04-19
2024-03-31,Fabric & Home Care,7169.0,2.0,3.0,1.0,1.0,2.0,0.0,-1.0,0.0,2024-04-19
2024-03-31,"Baby, Feminine & Family Care",4936.0,-2.0,0.0,-3.0,-3.0,2.0,1.0,-2.0,0.0,2024-04-19
2024-03-31,Corporate,128.0,,,,,,,,,2024-04-19
2024-03-31,Total Company,20195.0,1.0,3.0,0.0,0.0,3.0,0.0,-2.0,0.0,2024-04-19
2024-06-30,Beauty,3724.0,-1.0,3.0,-1.0,1.0,3.0,0.0,-3.0,0.0,2024-07-30
2024-06-30,Grooming,1657.0,0.0,7.0,2.0,2.0,5.0,0.0,-7.0,0.0,2024-07-30
2024-06-30,Health Care,2674.0,3.0,4.0,2.0,1.0,2.0,1.0,-1.0,-1.0,2024-07-30
2024-06-30,Fabric & Home Care,7265.0,0.0,2.0,2.0,3.0,-1.0,1.0,-1.0,-1.0,2024-07-30
2024-06-30,"Baby, Feminine & Family Care",5009.0,-3.0,-1.0,-1.0,-1.0,0.0,0.0,-2.0,0.0,2024-07-30
2024-06-30,Corporate,202.0,,,,,,,,,2024-07-30
2024-06-30,Total Company,20532.0,0.0,2.0,1.0,2.0,1.0,0.0,-2.0,0.0,2024-07-30
2024-09-30,Beauty,3892.0,-5.0,-2.0,-2.0,0.0,1.0,-3.0,-1.0,0.0,2024-10-18
2024-09-30,Grooming,1723.0,0.0,3.0,4.0,5.0,1.0,-3.0,-2.0,0.0,2024-10-18
2024-09-30,Health Care,3147.0,2.0,4.0,-1.0,-1.0,1.0,4.0,-1.0,-1.0,2024-10-18
2024-09-30,Fabric & Home Care,7710.0,1.0,3.0,1.0,1.0,0.0,1.0,-1.0,0.0,2024-10-18
2024-09-30,"Baby, Feminine & Family Care",5102.0,-2.0,0.0,-1.0,-1.0,0.0,0.0,-1.0,0.0,2024-10-18
2024-09-30,Corporate,163.0,,,,,,,,,2024-10-18
2024-09-30,Total Company,21737.0,-1.0,2.0,0.0,1.0,1.0,0.0,-1.0,-1.0,2024-10-18
2024-12-31,Beauty,3848.0,0.0,2.0,-1.0,0.0,2.0,0.0,-1.0,0.0,2025-01-22
2024-12-31,Grooming,1752.0,1.0,2.0,2.0,2.0,1.0,-1.0,-1.0,0.0,2025-01-22
2024-12-31,Health Care,3249.0,2.0,3.0,0.0,0.0,1.0,2.0,0.0,-1.0,2025-01-22
2024-12-31,Fabric & Home Care,7575.0,2.0,3.0,1.0,2.0,0.0,1.0,0.0,0.0,2025-01-22
2024-12-31,"Baby, Feminine & Family Care",5298.0,3.0,4.0,4.0,4.0,-1.0,0.0,0.0,0.0,2025-01-22
2024-12-31,Corporate,159.0,,,,,,,,,2025-01-22
2024-12-31,Total Company,21882.0,2.0,3.0,1.0,2.0,0.0,1.0,0.0,0.0,2025-01-22
2025-03-31,Beauty,3490.0,-2.0,2.0,0.0,1.0,3.0,-2.0,-3.0,0.0,2025-04-24
2025-03-31,Grooming,1505.0,-2.0,3.0,1.0,1.0,2.0,0.0,-4.0,-1.0,2025-04-24
2025-03-31,Health Care,2880.0,0.0,4.0,-1.0,-1.0,1.0,3.0,-3.0,0.0,2025-04-24
2025-03-31,Fabric & Home Care,6948.0,-3.0,0.0,-1.0,0.0,0.0,0.0,-2.0,0.0,2025-04-24
2025-03-31,"Baby, Feminine & Family Care",4755.0,-4.0,-1.0,-2.0,-2.0,0.0,1.0,-2.0,-1.0,2025-04-24
2025-03-31,Corporate,198.0,,,,,,,,,2025-04-24
2025-03-31,Total Company,19776.0,-2.0,1.0,-1.0,0.0,1.0,0.0,-2.0,0.0,2025-04-24
2025-06-30,Beauty,3733.0,0.0,1.0,1.0,1.0,1.0,-1.0,-1.0,0.0,2025-07-29
2025-06-30,Grooming,1683.0,2.0,1.0,0.0,-1.0,4.0,-1.0,0.0,-1.0,2025-07-29
2025-06-30,Health Care,2722.0,2.0,2.0,-2.0,-2.0,1.0,3.0,0.0,0.0,2025-07-29
2025-06-30,Fabric & Home Care,7385.0,2.0,1.0,0.0,0.0,1.0,0.0,1.0,0.0,2025-07-29
2025-06-30,"Baby, Feminine & Family Care",5093.0,2.0,1.0,0.0,0.0,1.0,0.0,1.0,0.0,2025-07-29
2025-06-30,Corporate,274.0,,,,,,,,,2025-07-29
2025-06-30,Total Company,20889.0,2.0,2.0,0.0,0.0,1.0,1.0,0.0,0.0,2025-07-29
2025-09-30,Beauty,4143.0,6.0,6.0,4.0,4.0,2.0,-1.0,1.0,0.0,2025-10-24
2025-09-30,Grooming,1817.0,5.0,3.0,1.0,1.0,4.0,-2.0,2.0,0.0,2025-10-24
2025-09-30,Health Care,3220.0,2.0,1.0,-2.0,-2.0,1.0,2.0,1.0,0.0,2025-10-24
2025-09-30,Fabric & Home Care,7793.0,1.0,0.0,-2.0,-2.0,1.0,0.0,2.0,0.0,2025-10-24
2025-09-30,"Baby, Feminine & Family Care",5171.0,1.0,0.0,0.0,0.0,0.0,0.0,1.0,0.0,2025-10-24
2025-09-30,Corporate,242.0,,,,,,,,,2025-10-24
2025-09-30,Total Company,22386.0,3.0,2.0,0.0,0.0,1.0,1.0,1.0,0.0,2025-10-24
2025-12-31,Beauty,4039.0,5.0,4.0,3.0,3.0,2.0,-1.0,1.0,0.0,2026-01-23
2025-12-31,Grooming,1794.0,2.0,0.0,-2.0,-2.0,2.0,0.0,2.0,0.0,2026-01-23
2025-12-31,Health Care,3406.0,5.0,3.0,-1.0,-1.0,1.0,2.0,2.0,1.0,2026-01-23
2025-12-31,Fabric & Home Care,7686.0,1.0,0.0,0.0,0.0,1.0,-1.0,1.0,0.0,2026-01-23
2025-12-31,"Baby, Feminine & Family Care",5123.0,-3.0,-4.0,-5.0,-5.0,0.0,0.0,1.0,1.0,2026-01-23
2025-12-31,Corporate,160.0,,,,,,,,,2026-01-23
2025-12-31,Total Company,22208.0,1.0,0.0,-1.0,-1.0,1.0,0.0,1.0,0.0,2026-01-23
2026-03-31,Beauty,3866.0,11.0,7.0,5.0,5.0,1.0,1.0,4.0,0.0,2026-04-24
2026-03-31,Grooming,1608.0,7.0,1.0,-2.0,-2.0,3.0,0.0,6.0,0.0,2026-04-24
2026-03-31,Health Care,3073.0,7.0,2.0,-2.0,-2.0,2.0,1.0,5.0,1.0,2026-04-24
2026-03-31,Fabric & Home Care,7403.0,7.0,3.0,2.0,2.0,1.0,0.0,4.0,0.0,2026-04-24
2026-03-31,"Baby, Feminine & Family Care",5058.0,6.0,3.0,3.0,3.0,0.0,0.0,3.0,0.0,2026-04-24
2026-03-31,Corporate,225.0,,,,,,,,,2026-04-24
2026-03-31,Total Company,21235.0,7.0,3.0,2.0,2.0,1.0,0.0,4.0,0.0,2026-04-24
