id,pair,segment,metric,series,window,quarter,stage,cutoff,market_vintage,observed_months,method,n,intercept,beta,market_growth,prediction,actual,last_actual,four_mean,error,last_error,mean_error,actual_publication,perfect_missing_month_growth,perfect_input_prediction,relationship_error,missing_input_error,selected_method,calibration_quarters,calibration_last_quarter,calibration_mape,reason
492,Health Care | price_contribution | CUUR0000SEGB,Health Care,price_contribution,CUUR0000SEGB,Expanding,2024-09-30,Origin,2024-07-01,2024-07-01,0,Available-history choice,13,1.4240774162255865,0.7034112072834454,0.3368313168963688,1.661008339494534,1.0,4.0,5.25,0.6610083394945341,3.0,4.25,2024-10-18,0.373301115227731,1.6866616043681812,0.6866616043681812,-0.025653264873647278,Flat level,5,2024-06-30,0.8719644900875015,Lowest earlier monthly MAPE
493,Health Care | price_contribution | CUUR0000SEGB,Health Care,price_contribution,CUUR0000SEGB,Expanding,2024-09-30,One month,2024-08-14,2024-08-14,1,Available-history choice,10,2.4132031844812296,0.5202874585826232,0.9729515490539242,2.9194176732625223,1.0,2.0,4.25,1.9194176732625223,1.0,3.25,2024-10-18,0.373301115227731,2.607427073009125,1.607427073009125,0.3119906002533975,YoY carry,2,2024-06-30,1.2133566347727247,Fallback: fewer than four completed quarters
494,Health Care | price_contribution | CUUR0000SEGB,Health Care,price_contribution,CUUR0000SEGB,Expanding,2024-09-30,Two months,2024-09-11,2024-09-11,2,Available-history choice,10,2.4132031844812296,0.5202874585826232,0.24200984123481373,2.539117869729275,1.0,2.0,4.25,1.539117869729275,1.0,3.25,2024-10-18,0.373301115227731,2.607427073009125,1.607427073009125,-0.06830920327984978,Flat level,4,2024-06-30,0.23275879250140574,Lowest earlier monthly MAPE
495,Health Care | price_contribution | CUUR0000SEGB,Health Care,price_contribution,CUUR0000SEGB,Expanding,2024-09-30,Pre-earnings,2024-10-17,2024-10-17,3,Available-history choice,14,1.3556789650290924,0.7116235919433743,0.373301115227731,1.6213288455239176,1.0,2.0,4.25,0.6213288455239176,1.0,3.25,2024-10-18,0.373301115227731,1.6213288455239176,0.6213288455239176,0.0,YoY carry,0,,,Fallback: fewer than four completed quarters
496,Health Care | price_contribution | CUUR0000SEGB,Health Care,price_contribution,CUUR0000SEGB,Expanding,2024-12-31,Origin,2024-10-01,2024-10-01,0,Available-history choice,14,1.3556789650290924,0.7116235919433743,0.10583593560089533,1.4309943136780892,1.0,2.0,4.25,0.43099431367808916,1.0,3.25,2025-01-22,0.341068456777438,1.5983913253396362,0.5983913253396362,-0.1673970116615472,Flat level,6,2024-09-30,0.7674810049014321,Lowest earlier monthly MAPE
497,Health Care | price_contribution | CUUR0000SEGB,Health Care,price_contribution,CUUR0000SEGB,Expanding,2024-12-31,One month,2024-11-13,2024-11-13,1,Available-history choice,11,1.8473218095476822,0.6201248572543776,0.07572588244633138,1.8942813115901753,1.0,1.0,3.0,0.8942813115901753,0.0,2.0,2025-01-22,0.341068456777438,2.058826837620762,1.058826837620762,-0.1645455260305866,YoY carry,3,2024-09-30,1.1077576865110887,Fallback: fewer than four completed quarters
498,Health Care | price_contribution | CUUR0000SEGB,Health Care,price_contribution,CUUR0000SEGB,Expanding,2024-12-31,Two months,2024-12-11,2024-12-11,2,Available-history choice,11,1.8473218095476822,0.6201248572543776,0.6978440135380293,2.2800722288287747,1.0,1.0,3.0,1.2800722288287747,0.0,2.0,2025-01-22,0.341068456777438,2.058826837620762,1.058826837620762,0.22124539120801273,Flat level,5,2024-09-30,0.26457536515755997,Lowest earlier monthly MAPE
499,Health Care | price_contribution | CUUR0000SEGB,Health Care,price_contribution,CUUR0000SEGB,Expanding,2024-12-31,Pre-earnings,2025-01-21,2025-01-21,3,Available-history choice,15,1.2724504947284347,0.7254455545433214,0.341068456777438,1.519877090492578,1.0,1.0,3.0,0.519877090492578,0.0,2.0,2025-01-22,0.341068456777438,1.519877090492578,0.519877090492578,0.0,YoY carry,0,,,Fallback: fewer than four completed quarters
500,Health Care | price_contribution | CUUR0000SEGB,Health Care,price_contribution,CUUR0000SEGB,Expanding,2025-03-31,Origin,2025-01-01,2025-01-01,0,Available-history choice,15,1.2724504947284347,0.7254455545433214,0.3296910148482102,1.511623375822945,1.0,1.0,3.0,0.5116233758229449,0.0,2.0,2025-04-24,0.23594619830289432,1.4436166153986665,0.4436166153986665,0.06800676042427858,Flat level,7,2024-12-31,0.7445861825972939,Lowest earlier monthly MAPE
501,Health Care | price_contribution | CUUR0000SEGB,Health Care,price_contribution,CUUR0000SEGB,Expanding,2025-03-31,One month,2025-02-12,2025-02-12,1,Available-history choice,12,1.5659173179731072,0.6698797267910008,-0.33285932872747503,1.3429416017853102,1.0,1.0,2.0,0.3429416017853102,0.0,1.0,2025-04-24,0.23594619830289432,1.7239728928296254,0.7239728928296254,-0.38103129104431505,Flat level,4,2024-12-31,0.5566785146507852,Lowest earlier monthly MAPE
502,Health Care | price_contribution | CUUR0000SEGB,Health Care,price_contribution,CUUR0000SEGB,Expanding,2025-03-31,Two months,2025-03-12,2025-03-12,2,Available-history choice,12,1.5659173179731072,0.6698797267910008,0.25048316786659974,1.7337109140293294,1.0,1.0,2.0,0.7337109140293294,0.0,1.0,2025-04-24,0.23594619830289432,1.7239728928296254,0.7239728928296254,0.009738021199704086,Flat level,6,2024-12-31,0.3995980722623971,Lowest earlier monthly MAPE
503,Health Care | price_contribution | CUUR0000SEGB,Health Care,price_contribution,CUUR0000SEGB,Expanding,2025-03-31,Pre-earnings,2025-04-23,2025-04-23,3,Available-history choice,16,1.2102868897109689,0.7358313054642796,0.23594619830289432,1.3839034888275215,1.0,1.0,2.0,0.38390348882752146,0.0,1.0,2025-04-24,0.23594619830289432,1.3839034888275215,0.38390348882752146,0.0,YoY carry,0,,,Fallback: fewer than four completed quarters
504,Health Care | price_contribution | CUUR0000SEGB,Health Care,price_contribution,CUUR0000SEGB,Expanding,2025-06-30,Origin,2025-04-01,2025-04-01,0,Available-history choice,16,1.2102868897109689,0.7358313054642796,0.4992622840876981,1.5776597079802979,1.0,1.0,2.0,0.5776597079802979,0.0,1.0,2025-07-29,0.5057825004843641,1.582457487323366,0.5824574873233661,-0.004797779343068344,Flat level,8,2025-03-31,0.7025404614319372,Lowest earlier monthly MAPE
505,Health Care | price_contribution | CUUR0000SEGB,Health Care,price_contribution,CUUR0000SEGB,Expanding,2025-06-30,One month,2025-05-13,2025-05-13,1,Available-history choice,13,1.410070510963585,0.6976862088531262,0.8576893095995075,2.0084685137519207,1.0,1.0,1.25,1.0084685137519207,0.0,0.25,2025-07-29,0.5057825004843641,1.7629479862307753,0.7629479862307753,0.24552052752114512,Seasonal step,5,2025-03-31,0.545634436348037,Lowest earlier monthly MAPE
506,Health Care | price_contribution | CUUR0000SEGB,Health Care,price_contribution,CUUR0000SEGB,Expanding,2025-06-30,Two months,2025-06-11,2025-06-11,2,Available-history choice,13,1.410070510963585,0.6976862088531262,0.47653467264787697,1.7425421801103478,1.0,1.0,1.25,0.7425421801103478,0.0,0.25,2025-07-29,0.5057825004843641,1.7629479862307753,0.7629479862307753,-0.02040580612042766,Flat level,7,2025-03-31,0.34871185735208926,Lowest earlier monthly MAPE
507,Health Care | price_contribution | CUUR0000SEGB,Health Care,price_contribution,CUUR0000SEGB,Expanding,2025-06-30,Pre-earnings,2025-07-28,2025-07-28,3,Available-history choice,17,1.1683726059882393,0.7429839252380669,0.5057825004843641,1.5441608735148367,1.0,1.0,1.25,0.5441608735148367,0.0,0.25,2025-07-29,0.5057825004843641,1.5441608735148367,0.5441608735148367,0.0,YoY carry,0,,,Fallback: fewer than four completed quarters
508,Health Care | price_contribution | CUUR0000SEGB,Health Care,price_contribution,CUUR0000SEGB,Expanding,2025-09-30,Origin,2025-07-01,2025-07-01,0,Available-history choice,17,1.1683726059882393,0.7429839252380669,0.4348919757399594,1.4914903531780526,1.0,1.0,1.25,0.49149035317805256,0.0,0.25,2025-10-24,1.0082264270475205,1.9174686342847576,0.9174686342847576,-0.4259782811067051,Flat level,8,2025-06-30,0.4457724048661881,Lowest earlier monthly MAPE
509,Health Care | price_contribution | CUUR0000SEGB,Health Care,price_contribution,CUUR0000SEGB,Expanding,2025-09-30,One month,2025-08-12,2025-08-12,1,Available-history choice,14,1.2787592702220674,0.7204074003654459,0.4930266357360269,1.6339393071835802,1.0,1.0,1.0,0.6339393071835802,0.0,0.0,2025-10-24,1.0082264270475205,2.0050930495111134,1.0050930495111134,-0.3711537423275334,Flat level,6,2025-06-30,0.5359986350915705,Lowest earlier monthly MAPE
510,Health Care | price_contribution | CUUR0000SEGB,Health Care,price_contribution,CUUR0000SEGB,Expanding,2025-09-30,Two months,2025-09-11,2025-09-11,2,Available-history choice,14,1.2787592702220674,0.7204074003654459,0.7635763995639921,1.82884535921237,1.0,1.0,1.0,0.8288453592123699,0.0,0.0,2025-10-24,1.0082264270475205,2.0050930495111134,1.0050930495111134,-0.17624769029874357,Flat level,8,2025-06-30,0.31603595976296,Lowest earlier monthly MAPE
511,Health Care | price_contribution | CUUR0000SEGB,Health Care,price_contribution,CUUR0000SEGB,Expanding,2025-09-30,Pre-earnings,2025-10-23,2025-10-23,2,Available-history choice,18,1.116866358983772,0.7512278657849448,0.7549675714320525,1.6840190364075156,1.0,1.0,1.0,0.6840190364075156,0.0,0.0,2025-10-24,1.0082264270475205,1.8742741460026613,0.8742741460026613,-0.19025510959514552,YoY carry,0,,,Fallback: fewer than four completed quarters
512,Health Care | price_contribution | CUUR0000SEGB,Health Care,price_contribution,CUUR0000SEGB,Expanding,2025-12-31,Origin,2025-10-01,2025-10-01,0,Available-history choice,18,1.116866358983772,0.7512278657849448,0.9122013216203761,1.8021374109908532,1.0,1.0,1.0,0.8021374109908532,0.0,0.0,2026-01-23,,,,,Flat level,8,2025-09-30,0.3521034907120214,Lowest earlier monthly MAPE
513,Health Care | price_contribution | CUUR0000SEGB,Health Care,price_contribution,CUUR0000SEGB,Expanding,2026-03-31,One month,2026-02-13,2026-02-13,1,Available-history choice,15,1.1412920590782236,0.7422720897848771,1.96236328719539,2.597899557181867,2.0,1.0,1.0,0.5978995571818668,-1.0,-1.0,2026-04-24,1.9491325309717533,2.5880787361103135,0.5880787361103135,0.009820821071553064,Seasonal step,7,2025-09-30,0.5067499580213995,Lowest earlier monthly MAPE
514,Health Care | price_contribution | CUUR0000SEGB,Health Care,price_contribution,CUUR0000SEGB,Expanding,2026-03-31,Two months,2026-03-11,2026-03-11,2,Available-history choice,15,1.1412920590782236,0.7422720897848771,1.7987129738262553,2.476426497083409,2.0,1.0,1.0,0.4764264970834091,-1.0,-1.0,2026-04-24,1.9491325309717533,2.5880787361103135,0.5880787361103135,-0.11165223902690458,Flat level,8,2025-09-30,0.38071855891028267,Lowest earlier monthly MAPE
515,Health Care | price_contribution | CUUR0000SEGB,Health Care,price_contribution,CUUR0000SEGB,Expanding,2026-03-31,Pre-earnings,2026-04-23,2026-04-23,3,Available-history choice,19,1.0474973721280845,0.7605774211647279,1.9491325309717533,2.52996356604286,2.0,1.0,1.0,0.5299635660428601,-1.0,-1.0,2026-04-24,1.9491325309717533,2.52996356604286,0.5299635660428601,0.0,YoY carry,0,,,Fallback: fewer than four completed quarters
516,Beauty | price_contribution | CUUR0000SEGB02,Beauty,price_contribution,CUUR0000SEGB02,Expanding,2024-09-30,Origin,2024-07-01,2024-07-01,0,Available-history choice,13,3.4190727616086347,0.9269150746894717,-0.7105888009532602,2.7604172900995416,1.0,4.0,5.75,1.7604172900995416,3.0,4.75,2024-10-18,-0.3714085127806688,3.0748086122442357,2.0748086122442357,-0.31439132214469406,Flat level,5,2024-06-30,0.8952829308335483,Lowest earlier monthly MAPE
517,Beauty | price_contribution | CUUR0000SEGB02,Beauty,price_contribution,CUUR0000SEGB02,Expanding,2024-09-30,Two months,2024-10-01,2024-10-01,2,Available-history choice,14,3.331605891535138,0.9423566400153798,-0.28630283025909975,3.061806518385279,1.0,3.0,4.5,2.061806518385279,2.0,3.5,2024-10-18,-0.3714085127806688,2.9816066133580374,1.9816066133580374,0.08019990502724142,Seasonal step,5,2024-06-30,0.5693711322540462,Lowest earlier monthly MAPE
518,Beauty | price_contribution | CUUR0000SEGB02,Beauty,price_contribution,CUUR0000SEGB02,Expanding,2024-09-30,Pre-earnings,2024-10-17,2024-10-17,3,Available-history choice,14,3.331605891535138,0.9423566400153798,-0.3714085127806688,2.9816066133580374,1.0,3.0,4.5,1.9816066133580374,2.0,3.5,2024-10-18,-0.3714085127806688,2.9816066133580374,1.9816066133580374,0.0,YoY carry,0,,,Fallback: fewer than four completed quarters
519,Beauty | price_contribution | CUUR0000SEGB02,Beauty,price_contribution,CUUR0000SEGB02,Expanding,2024-12-31,Origin,2024-10-01,2024-10-01,0,Available-history choice,14,3.331605891535138,0.9423566400153798,-0.016418353623381954,3.3161339469800235,2.0,3.0,4.5,1.3161339469800235,1.0,2.5,2025-01-22,-0.5082703089794416,2.8526339909456926,0.8526339909456926,0.4634999560343309,Flat level,6,2024-09-30,0.7744067896227749,Lowest earlier monthly MAPE
520,Beauty | price_contribution | CUUR0000SEGB02,Beauty,price_contribution,CUUR0000SEGB02,Expanding,2024-12-31,Two months,2025-01-01,2025-01-01,2,Available-history choice,15,3.1145883988274963,0.9945238475452968,-0.3882803162885473,2.7284343647461053,2.0,1.0,3.0,0.7284343647461053,-1.0,1.0,2025-01-22,-0.5082703089794416,2.6091014555482253,0.6091014555482253,0.11933290919788021,Seasonal step,6,2024-09-30,0.5170819280766977,Lowest earlier monthly MAPE
521,Beauty | price_contribution | CUUR0000SEGB02,Beauty,price_contribution,CUUR0000SEGB02,Expanding,2024-12-31,Pre-earnings,2025-01-21,2025-01-21,3,Available-history choice,15,3.1145883988274963,0.9945238475452968,-0.5082703089794416,2.6091014555482253,2.0,1.0,3.0,0.6091014555482253,-1.0,1.0,2025-01-22,-0.5082703089794416,2.6091014555482253,0.6091014555482253,0.0,YoY carry,0,,,Fallback: fewer than four completed quarters
522,Beauty | price_contribution | CUUR0000SEGB02,Beauty,price_contribution,CUUR0000SEGB02,Expanding,2025-03-31,Origin,2025-01-01,2025-01-01,0,Available-history choice,15,3.1145883988274963,0.9945238475452968,-0.1326392405395893,2.982675510990578,3.0,1.0,3.0,-0.017324489009422184,-2.0,0.0,2025-04-24,-0.42034549280647315,2.696544782023279,-0.30345521797672115,0.2861307289672991,Flat level,7,2024-12-31,0.7496084737395077,Lowest earlier monthly MAPE
523,Beauty | price_contribution | CUUR0000SEGB02,Beauty,price_contribution,CUUR0000SEGB02,Expanding,2025-03-31,Two months,2025-04-01,2025-04-01,2,Available-history choice,16,3.0537999405231164,1.0097294320897239,-0.3095113188887333,2.7412772522762543,3.0,2.0,2.5,-0.2587227477237457,-1.0,-0.5,2025-04-24,-0.42034549280647315,2.629364724790161,-0.37063527520983897,0.11191252748609316,Seasonal step,7,2024-12-31,0.4954654172458931,Lowest earlier monthly MAPE
524,Beauty | price_contribution | CUUR0000SEGB02,Beauty,price_contribution,CUUR0000SEGB02,Expanding,2025-03-31,Pre-earnings,2025-04-23,2025-04-23,3,Available-history choice,16,3.0537999405231164,1.0097294320897239,-0.42034549280647315,2.629364724790161,3.0,2.0,2.5,-0.37063527520983897,-1.0,-0.5,2025-04-24,-0.42034549280647315,2.629364724790161,-0.37063527520983897,0.0,YoY carry,0,,,Fallback: fewer than four completed quarters
525,Beauty | price_contribution | CUUR0000SEGB02,Beauty,price_contribution,CUUR0000SEGB02,Expanding,2025-06-30,Origin,2025-04-01,2025-04-01,0,Available-history choice,16,3.0537999405231164,1.0097294320897239,-0.3229231642615238,2.727734917264711,1.0,2.0,2.5,1.7277349172647112,1.0,1.5,2025-07-29,0.06623166364128075,3.1206760006379843,2.1206760006379843,-0.39294108337327305,Flat level,8,2025-03-31,0.7460042237730118,Lowest earlier monthly MAPE
526,Beauty | price_contribution | CUUR0000SEGB02,Beauty,price_contribution,CUUR0000SEGB02,Expanding,2025-06-30,Two months,2025-07-01,2025-07-01,2,Available-history choice,17,3.086630304343101,1.0017468530241134,-0.15897474867299088,2.927377850149633,1.0,3.0,2.25,1.9273778501496328,2.0,1.25,2025-07-29,0.06623166364128075,3.1529776649663055,2.1529776649663055,-0.22559981481667254,Seasonal step,8,2025-03-31,0.47522091292325486,Lowest earlier monthly MAPE
527,Beauty | price_contribution | CUUR0000SEGB02,Beauty,price_contribution,CUUR0000SEGB02,Expanding,2025-06-30,Pre-earnings,2025-07-28,2025-07-28,3,Available-history choice,17,3.086630304343101,1.0017468530241134,0.06623166364128075,3.1529776649663055,1.0,3.0,2.25,2.1529776649663055,2.0,1.25,2025-07-29,0.06623166364128075,3.1529776649663055,2.1529776649663055,0.0,YoY carry,0,,,Fallback: fewer than four completed quarters
528,Beauty | price_contribution | CUUR0000SEGB02,Beauty,price_contribution,CUUR0000SEGB02,Expanding,2025-09-30,Origin,2025-07-01,2025-07-01,0,Available-history choice,17,3.086630304343101,1.0017468530241134,-0.6473170962005614,2.4381824403154813,2.0,3.0,2.25,0.43818244031548126,1.0,0.25,2025-10-24,0.44640749502971033,3.533817607655491,1.5338176076554908,-1.0956351673400095,Flat level,8,2025-06-30,0.6547515896806586,Lowest earlier monthly MAPE
529,Beauty | price_contribution | CUUR0000SEGB02,Beauty,price_contribution,CUUR0000SEGB02,Expanding,2025-09-30,Two months,2025-10-01,2025-10-01,2,Available-history choice,18,2.9259927026587045,1.0331023140653053,0.40842984243576463,3.347942518012421,2.0,1.0,1.75,1.3479425180124212,-1.0,-0.25,2025-10-24,0.44640749502971033,3.3871773187899947,1.3871773187899947,-0.03923480077757355,Seasonal step,8,2025-06-30,0.5232722910467225,Lowest earlier monthly MAPE
530,Beauty | price_contribution | CUUR0000SEGB02,Beauty,price_contribution,CUUR0000SEGB02,Expanding,2025-09-30,Pre-earnings,2025-10-23,2025-10-23,2,Available-history choice,18,2.9259927026587045,1.0331023140653053,0.33913536558449753,3.2763542336254323,2.0,1.0,1.75,1.2763542336254323,-1.0,-0.25,2025-10-24,0.44640749502971033,3.3871773187899947,1.3871773187899947,-0.11082308516456232,YoY carry,0,,,Fallback: fewer than four completed quarters
531,Beauty | price_contribution | CUUR0000SEGB02,Beauty,price_contribution,CUUR0000SEGB02,Expanding,2025-12-31,Origin,2025-10-01,2025-10-01,0,Available-history choice,18,2.9259927026587045,1.0331023140653053,0.786664794073233,3.7386979218094685,2.0,1.0,1.75,1.7386979218094685,-1.0,-0.25,2026-01-23,,,,,Flat level,8,2025-09-30,0.6630936601275802,Lowest earlier monthly MAPE
532,Beauty | price_contribution | CUUR0000SEGB02,Beauty,price_contribution,CUUR0000SEGB02,Expanding,2026-03-31,Pre-earnings,2026-04-23,2026-04-23,3,Available-history choice,19,2.8363444037933174,1.0462754344959981,1.6103546932900725,4.521218960208058,1.0,2.0,2.0,3.521218960208058,1.0,1.0,2026-04-24,1.6103546932900725,4.521218960208058,3.521218960208058,0.0,YoY carry,0,,,Fallback: fewer than four completed quarters
533,"Baby, Feminine & Family Care | organic_volume_growth | PCENDC96","Baby, Feminine & Family Care",organic_volume_growth,PCENDC96,Expanding,2024-09-30,Origin,2024-07-01,2024-07-01,0,Available-history choice,13,-2.2156902053612186,0.11530623229139224,1.8076142102986026,-2.0072610213353066,-1.0,-3.0,-2.0,-1.0072610213353066,-2.0,-1.0,2024-10-18,1.8541066532038464,-2.0019001529138802,-1.0019001529138802,-0.005360868421426332,YoY carry,5,2024-06-30,0.8089677278453186,Lowest earlier monthly MAPE
534,Beauty | organic_volume_growth | PCENDC96,Beauty,organic_volume_growth,PCENDC96,Expanding,2024-09-30,Origin,2024-07-01,2024-07-01,0,Available-history choice,13,-1.103509477415869,0.22431613883722168,1.8076142102986026,-0.6980324372543927,0.0,1.0,-0.25,-0.6980324372543927,1.0,-0.25,2024-10-18,1.8541066532038464,-0.6876034319767785,-0.6876034319767785,-0.010429005277614268,YoY carry,5,2024-06-30,0.8089677278453186,Lowest earlier monthly MAPE
535,Fabric & Home Care | organic_volume_growth | PCENDC96,Fabric & Home Care,organic_volume_growth,PCENDC96,Last eight,2024-09-30,Origin,2024-07-01,2024-07-01,0,Available-history choice,8,-3.3135121298678065,2.5134614690964026,1.8076142102986026,1.2298565387088525,1.0,1.0,0.0,0.22985653870885248,0.0,-1.0,2024-10-18,1.8541066532038464,1.346713502555347,0.34671350255534694,-0.11685696384649467,YoY carry,5,2024-06-30,0.8089677278453186,Lowest earlier monthly MAPE
536,"Baby, Feminine & Family Care | organic_volume_growth | PCENDC96","Baby, Feminine & Family Care",organic_volume_growth,PCENDC96,Expanding,2024-09-30,One month,2024-08-30,2024-08-30,1,Available-history choice,10,-2.9551265161396167,1.012625503576683,1.8769844426292925,-1.05444419971653,-1.0,-1.0,-2.25,-0.05444419971652992,0.0,-1.25,2024-10-18,1.8541066532038464,-1.0776108327541936,-0.07761083275419356,0.02316663303766373,YoY carry,2,2024-06-30,0.6316787565059184,Fallback: fewer than four completed quarters
537,Beauty | organic_volume_growth | PCENDC96,Beauty,organic_volume_growth,PCENDC96,Expanding,2024-09-30,One month,2024-08-30,2024-08-30,1,Available-history choice,10,-1.2568117040506988,0.4843119461531559,1.8769844426292925,-0.34776571574170945,0.0,1.0,0.25,-0.34776571574170945,1.0,0.25,2024-10-18,1.8541066532038464,-0.3588457024620294,-0.3588457024620294,0.01107998672031992,YoY carry,2,2024-06-30,0.6316787565059184,Fallback: fewer than four completed quarters
538,Fabric & Home Care | organic_volume_growth | PCENDC96,Fabric & Home Care,organic_volume_growth,PCENDC96,Last eight,2024-09-30,One month,2024-08-30,2024-08-30,1,Available-history choice,8,-3.523730216141538,2.7834636089842175,1.8769844426292925,1.7007876745466222,1.0,3.0,1.25,0.7007876745466222,2.0,0.25,2024-10-18,1.8541066532038464,1.637108180226889,0.637108180226889,0.06367949431973334,YoY carry,2,2024-06-30,0.6316787565059184,Fallback: fewer than four completed quarters
539,"Baby, Feminine & Family Care | organic_volume_growth | PCENDC96","Baby, Feminine & Family Care",organic_volume_growth,PCENDC96,Expanding,2024-09-30,Two months,2024-09-27,2024-09-27,2,Available-history choice,10,-2.6267193577305967,0.8967705015755335,2.202595864225132,-0.6514963598012293,-1.0,-1.0,-2.25,0.34850364019877067,0.0,-1.25,2024-10-18,2.309344790547807,-0.5557670716001946,0.44423292839980544,-0.095729288201035,YoY carry,5,2024-06-30,0.7146899515929039,Lowest earlier monthly MAPE
540,Beauty | organic_volume_growth | PCENDC96,Beauty,organic_volume_growth,PCENDC96,Expanding,2024-09-30,Two months,2024-09-27,2024-09-27,2,Available-history choice,10,-1.147867532132199,0.4977624153842298,2.202595864225132,-0.05149809464018218,0.0,1.0,0.25,-0.05149809464018218,1.0,0.25,2024-10-18,2.309344790547807,0.0016375087658657694,0.0016375087658657694,-0.05313560340604793,YoY carry,5,2024-06-30,0.7146899515929039,Lowest earlier monthly MAPE
541,Fabric & Home Care | organic_volume_growth | PCENDC96,Fabric & Home Care,organic_volume_growth,PCENDC96,Last eight,2024-09-30,Two months,2024-09-27,2024-09-27,2,Available-history choice,8,-2.7554164467887263,2.3474175191585807,2.202595864225132,2.4149956725195834,1.0,3.0,1.25,1.4149956725195834,2.0,0.25,2024-10-18,2.309344790547807,2.665579972320799,1.6655799723207991,-0.25058429980121605,YoY carry,5,2024-06-30,0.7146899515929039,Lowest earlier monthly MAPE
542,"Baby, Feminine & Family Care | organic_volume_growth | PCENDC96","Baby, Feminine & Family Care",organic_volume_growth,PCENDC96,Expanding,2024-09-30,Pre-earnings,2024-10-17,2024-10-17,2,Available-history choice,14,-2.080534591525106,0.0992450761549538,2.202595864225132,-1.8619377972414963,-1.0,-1.0,-2.25,-0.8619377972414963,0.0,-1.25,2024-10-18,2.309344790547807,-1.851343491919143,-0.8513434919191429,-0.01059430532235344,YoY carry,4,2024-03-31,0.8581625191211195,Lowest earlier monthly MAPE
543,Beauty | organic_volume_growth | PCENDC96,Beauty,organic_volume_growth,PCENDC96,Expanding,2024-09-30,Pre-earnings,2024-10-17,2024-10-17,2,Available-history choice,14,-0.9203128740214753,0.21362431278660504,2.202595864225132,-0.44978484617976305,0.0,1.0,0.25,-0.44978484617976305,1.0,0.25,2024-10-18,2.309344790547807,-0.4269806801533737,-0.4269806801533737,-0.022804166026389395,YoY carry,4,2024-03-31,0.8581625191211195,Lowest earlier monthly MAPE
544,Fabric & Home Care | organic_volume_growth | PCENDC96,Fabric & Home Care,organic_volume_growth,PCENDC96,Last eight,2024-09-30,Pre-earnings,2024-10-17,2024-10-17,2,Available-history choice,8,-2.7554164467887263,2.3474175191585807,2.202595864225132,2.4149956725195834,1.0,3.0,1.25,1.4149956725195834,2.0,0.25,2024-10-18,2.309344790547807,2.665579972320799,1.6655799723207991,-0.25058429980121605,YoY carry,4,2024-03-31,0.8581625191211195,Lowest earlier monthly MAPE
545,"Baby, Feminine & Family Care | organic_volume_growth | PCENDC96","Baby, Feminine & Family Care",organic_volume_growth,PCENDC96,Expanding,2024-12-31,Origin,2024-10-01,2024-10-01,0,Available-history choice,14,-2.080534591525106,0.0992450761549538,2.1970378321914286,-1.862489404553953,4.0,-1.0,-2.25,-5.862489404553953,-5.0,-6.25,2025-01-22,2.1803629338301267,-1.8641443061116965,-5.8641443061116965,0.0016549015577435185,YoY carry,6,2024-09-30,0.6975716968639837,Lowest earlier monthly MAPE
546,Beauty | organic_volume_growth | PCENDC96,Beauty,organic_volume_growth,PCENDC96,Expanding,2024-12-31,Origin,2024-10-01,2024-10-01,0,Available-history choice,14,-0.9203128740214753,0.21362431278660504,2.1970378321914286,-0.4509721769534089,0.0,1.0,0.25,-0.4509721769534089,1.0,0.25,2025-01-22,2.1803629338301267,-0.4545343406566285,-0.4545343406566285,0.0035621637032195986,YoY carry,6,2024-09-30,0.6975716968639837,Lowest earlier monthly MAPE
547,Fabric & Home Care | organic_volume_growth | PCENDC96,Fabric & Home Care,organic_volume_growth,PCENDC96,Last eight,2024-12-31,Origin,2024-10-01,2024-10-01,0,Available-history choice,8,-2.7554164467887263,2.3474175191585807,2.1970378321914286,2.4019486507516232,2.0,3.0,1.25,0.4019486507516232,1.0,-0.75,2025-01-22,2.1803629338301267,2.3628057022081146,0.3628057022081146,0.03914294854350872,YoY carry,6,2024-09-30,0.6975716968639837,Lowest earlier monthly MAPE
548,"Baby, Feminine & Family Care | organic_volume_growth | PCENDC96","Baby, Feminine & Family Care",organic_volume_growth,PCENDC96,Expanding,2024-12-31,One month,2024-11-27,2024-11-27,1,Available-history choice,11,-2.642882524087833,0.8751356035148301,2.2281213186692517,-0.6929742291699581,4.0,-1.0,-1.75,-4.692974229169958,-5.0,-5.75,2025-01-22,2.1803629338301267,-0.7347692921090394,-4.734769292109039,0.041795062939081154,YoY carry,3,2024-09-30,0.4785867562426993,Fallback: fewer than four completed quarters
549,Beauty | organic_volume_growth | PCENDC96,Beauty,organic_volume_growth,PCENDC96,Expanding,2024-12-31,One month,2024-11-27,2024-11-27,1,Available-history choice,11,-1.1463472912570327,0.4997973048133796,2.2281213186692517,-0.032738261388907564,0.0,0.0,0.25,-0.032738261388907564,0.0,0.25,2025-01-22,2.1803629338301267,-0.056607773413742235,-0.056607773413742235,0.023869512024834835,YoY carry,3,2024-09-30,0.4785867562426993,Fallback: fewer than four completed quarters
550,Fabric & Home Care | organic_volume_growth | PCENDC96,Fabric & Home Care,organic_volume_growth,PCENDC96,Last eight,2024-12-31,One month,2024-11-27,2024-11-27,1,Available-history choice,8,-3.0697902044802077,2.343372897616352,2.2281213186692517,2.151528906290524,2.0,1.0,1.5,0.15152890629052385,-1.0,-0.5,2025-01-22,2.1803629338301267,2.039613201624587,0.039613201624586925,0.11191570466593716,YoY carry,3,2024-09-30,0.4785867562426993,Fallback: fewer than four completed quarters
551,"Baby, Feminine & Family Care | organic_volume_growth | PCENDC96","Baby, Feminine & Family Care",organic_volume_growth,PCENDC96,Expanding,2024-12-31,Two months,2024-12-20,2024-12-20,2,Available-history choice,11,-2.6432234040712053,0.8743165448993253,2.2104342232004415,-0.7106041913153711,4.0,-1.0,-1.75,-4.710604191315371,-5.0,-5.75,2025-01-22,2.158677588195279,-0.7558558736087002,-4.7558558736087,0.045251682293329036,YoY carry,6,2024-09-30,0.6474767354844498,Lowest earlier monthly MAPE
552,Beauty | organic_volume_growth | PCENDC96,Beauty,organic_volume_growth,PCENDC96,Expanding,2024-12-31,Two months,2024-12-20,2024-12-20,2,Available-history choice,11,-1.1466345937277818,0.4994398431462382,2.2104342232004415,-0.04265567200747644,0.0,0.0,0.25,-0.04265567200747644,0.0,0.25,2025-01-22,2.158677588195279,-0.06850499767623175,-0.06850499767623175,0.02584932566875539,YoY carry,6,2024-09-30,0.6474767354844498,Lowest earlier monthly MAPE
553,Fabric & Home Care | organic_volume_growth | PCENDC96,Fabric & Home Care,organic_volume_growth,PCENDC96,Last eight,2024-12-31,Two months,2024-12-20,2024-12-20,2,Available-history choice,8,-3.0698143906116173,2.3391202433654232,2.2104342232004415,2.1006570475042596,2.0,1.0,1.5,0.10065704750425963,-1.0,-0.5,2025-01-22,2.158677588195279,1.979592054835209,-0.02040794516479094,0.12106499266905078,YoY carry,6,2024-09-30,0.6474767354844498,Lowest earlier monthly MAPE
554,"Baby, Feminine & Family Care | organic_volume_growth | PCENDC96","Baby, Feminine & Family Care",organic_volume_growth,PCENDC96,Expanding,2024-12-31,Pre-earnings,2025-01-21,2025-01-21,2,Available-history choice,15,-2.016433027926543,0.09687124776088432,2.2104342232004415,-1.8023055066317553,4.0,-1.0,-1.75,-5.802305506631756,-5.0,-5.75,2025-01-22,2.158677588195279,-1.8073192364446098,-5.807319236444609,0.005013729812854742,YoY carry,5,2024-09-30,0.7488121462853314,Lowest earlier monthly MAPE
555,Beauty | organic_volume_growth | PCENDC96,Beauty,organic_volume_growth,PCENDC96,Expanding,2024-12-31,Pre-earnings,2025-01-21,2025-01-21,2,Available-history choice,15,-0.8874082431352992,0.21240577859322493,2.2104342232004415,-0.4178992409272991,0.0,0.0,0.25,-0.4178992409272991,0.0,0.25,2025-01-22,2.158677588195279,-0.42889264928293597,-0.42889264928293597,0.010993408355636872,YoY carry,5,2024-09-30,0.7488121462853314,Lowest earlier monthly MAPE
556,Fabric & Home Care | organic_volume_growth | PCENDC96,Fabric & Home Care,organic_volume_growth,PCENDC96,Last eight,2024-12-31,Pre-earnings,2025-01-21,2025-01-21,2,Available-history choice,8,-3.0698143906116173,2.3391202433654232,2.2104342232004415,2.1006570475042596,2.0,1.0,1.5,0.10065704750425963,-1.0,-0.5,2025-01-22,2.158677588195279,1.979592054835209,-0.02040794516479094,0.12106499266905078,YoY carry,5,2024-09-30,0.7488121462853314,Lowest earlier monthly MAPE
557,"Baby, Feminine & Family Care | organic_volume_growth | PCENDC96","Baby, Feminine & Family Care",organic_volume_growth,PCENDC96,Expanding,2025-03-31,Origin,2025-01-01,2025-01-01,0,Available-history choice,15,-2.016433027926543,0.09687124776088432,2.3134618459836664,-1.7923250922589065,-2.0,-1.0,-1.75,0.20767490774109354,1.0,0.25,2025-04-24,2.6571575328934394,-1.7590308622179225,0.2409691377820775,-0.03329423004098394,YoY carry,7,2024-12-31,0.6130066912898549,Lowest earlier monthly MAPE
558,Beauty | organic_volume_growth | PCENDC96,Beauty,organic_volume_growth,PCENDC96,Expanding,2025-03-31,Origin,2025-01-01,2025-01-01,0,Available-history choice,15,-0.8874082431352992,0.21240577859322493,2.3134618459836664,-0.3960155784934191,1.0,0.0,0.25,-1.3960155784934192,-1.0,-0.75,2025-04-24,2.6571575328934394,-0.3230126285162155,-1.3230126285162154,-0.07300294997720358,YoY carry,7,2024-12-31,0.6130066912898549,Lowest earlier monthly MAPE
559,Fabric & Home Care | organic_volume_growth | PCENDC96,Fabric & Home Care,organic_volume_growth,PCENDC96,Last eight,2025-03-31,Origin,2025-01-01,2025-01-01,0,Available-history choice,8,-3.0698143906116173,2.3391202433654232,2.3134618459836664,2.3416510455823176,0.0,1.0,1.5,2.3416510455823176,1.0,1.5,2025-04-24,2.6571575328934394,3.145596584390352,3.145596584390352,-0.8039455388080343,YoY carry,7,2024-12-31,0.6130066912898549,Lowest earlier monthly MAPE
560,"Baby, Feminine & Family Care | organic_volume_growth | PCENDC96","Baby, Feminine & Family Care",organic_volume_growth,PCENDC96,Expanding,2025-03-31,One month,2025-02-28,2025-02-28,1,Available-history choice,12,-2.4428140846381052,1.0875923435027448,2.01451850150427,-0.25183918655743875,-2.0,4.0,-0.25,1.7481608134425612,6.0,1.75,2025-04-24,2.6571575328934394,0.4470901036174424,2.4470901036174424,-0.6989292901748808,YoY carry,4,2024-12-31,0.37644249657718815,Lowest earlier monthly MAPE
561,Beauty | organic_volume_growth | PCENDC96,Beauty,organic_volume_growth,PCENDC96,Expanding,2025-03-31,One month,2025-02-28,2025-02-28,1,Available-history choice,12,-1.142271200336447,0.5040833707665615,2.01451850150427,-0.12678592362657226,1.0,0.0,0.5,-1.1267859236265723,-1.0,-0.5,2025-04-24,2.6571575328934394,0.19715772550223853,-0.8028422744977615,-0.3239436491288107,YoY carry,4,2024-12-31,0.37644249657718815,Lowest earlier monthly MAPE
562,Fabric & Home Care | organic_volume_growth | PCENDC96,Fabric & Home Care,organic_volume_growth,PCENDC96,Last eight,2025-03-31,One month,2025-02-28,2025-02-28,1,Available-history choice,8,-2.8842663994425966,2.244547535287521,2.01451850150427,1.6374161378999226,0.0,2.0,1.75,1.6374161378999226,2.0,1.75,2025-04-24,2.6571575328934394,3.0798499918840427,3.0798499918840427,-1.44243385398412,YoY carry,4,2024-12-31,0.37644249657718815,Lowest earlier monthly MAPE
563,"Baby, Feminine & Family Care | organic_volume_growth | PCENDC96","Baby, Feminine & Family Care",organic_volume_growth,PCENDC96,Expanding,2025-03-31,Two months,2025-03-28,2025-03-28,2,Available-history choice,12,-2.4476663664941647,1.0903620026149121,2.5268187156605393,0.3074807485583011,-2.0,4.0,-0.25,2.307480748558301,6.0,1.75,2025-04-24,2.6670354419376485,0.46036773902191674,2.4603677390219167,-0.1528869904636158,YoY carry,7,2024-12-31,0.5765777357345181,Lowest earlier monthly MAPE
564,Beauty | organic_volume_growth | PCENDC96,Beauty,organic_volume_growth,PCENDC96,Expanding,2025-03-31,Two months,2025-03-28,2025-03-28,2,Available-history choice,12,-1.1428593444147408,0.5036106235790575,2.5268187156605393,0.12967340465029653,1.0,0.0,0.5,-0.8703265953497035,-1.0,-0.5,2025-04-24,2.6670354419376485,0.2002880376069256,-0.7997119623930744,-0.070614632956629,YoY carry,7,2024-12-31,0.5765777357345181,Lowest earlier monthly MAPE
565,Fabric & Home Care | organic_volume_growth | PCENDC96,Fabric & Home Care,organic_volume_growth,PCENDC96,Last eight,2025-03-31,Two months,2025-03-28,2025-03-28,2,Available-history choice,8,-2.8840934270602387,2.2392737124125786,2.5268187156605393,2.774145298950521,0.0,2.0,1.75,2.774145298950521,2.0,1.75,2025-04-24,2.6670354419376485,3.0881289281434015,3.0881289281434015,-0.31398362919288075,YoY carry,7,2024-12-31,0.5765777357345181,Lowest earlier monthly MAPE
566,"Baby, Feminine & Family Care | organic_volume_growth | PCENDC96","Baby, Feminine & Family Care",organic_volume_growth,PCENDC96,Expanding,2025-03-31,Pre-earnings,2025-04-23,2025-04-23,2,Available-history choice,16,-1.6011825318370596,0.078763160307073,2.5268187156605393,-1.4021623042685762,-2.0,4.0,-0.25,0.5978376957314238,6.0,1.75,2025-04-24,2.6670354419376485,-1.3911183917790793,0.6088816082209207,-0.01104391248949693,YoY carry,6,2024-12-31,0.6492074114435975,Lowest earlier monthly MAPE
567,Beauty | organic_volume_growth | PCENDC96,Beauty,organic_volume_growth,PCENDC96,Expanding,2025-03-31,Pre-earnings,2025-04-23,2025-04-23,2,Available-history choice,16,-0.8560321226887075,0.2110375405336471,2.5268187156605393,-0.3227785155613184,1.0,0.0,0.5,-1.3227785155613185,-1.0,-0.5,2025-04-24,2.6670354419376485,-0.2931875225061177,-1.2931875225061176,-0.02959099305520074,YoY carry,6,2024-12-31,0.6492074114435975,Lowest earlier monthly MAPE
568,Fabric & Home Care | organic_volume_growth | PCENDC96,Fabric & Home Care,organic_volume_growth,PCENDC96,Last eight,2025-03-31,Pre-earnings,2025-04-23,2025-04-23,2,Available-history choice,8,-2.8840934270602387,2.2392737124125786,2.5268187156605393,2.774145298950521,0.0,2.0,1.75,2.774145298950521,2.0,1.75,2025-04-24,2.6670354419376485,3.0881289281434015,3.0881289281434015,-0.31398362919288075,YoY carry,6,2024-12-31,0.6492074114435975,Lowest earlier monthly MAPE
569,"Baby, Feminine & Family Care | organic_volume_growth | PCENDC96","Baby, Feminine & Family Care",organic_volume_growth,PCENDC96,Expanding,2025-06-30,Origin,2025-04-01,2025-04-01,0,Available-history choice,16,-1.6011825318370596,0.078763160307073,2.4263020900480603,-1.410079311365218,0.0,4.0,-0.25,-1.410079311365218,4.0,-0.25,2025-07-29,2.799610454764556,-1.3806763647910814,-1.3806763647910814,-0.02940294657413664,YoY carry,8,2025-03-31,0.6053899065593705,Lowest earlier monthly MAPE
570,Beauty | organic_volume_growth | PCENDC96,Beauty,organic_volume_growth,PCENDC96,Expanding,2025-06-30,Origin,2025-04-01,2025-04-01,0,Available-history choice,16,-0.8560321226887075,0.2110375405336471,2.4263020900480603,-0.3439912970133173,1.0,0.0,0.5,-1.3439912970133174,-1.0,-0.5,2025-07-29,2.799610454764556,-0.2652092178629103,-1.2652092178629104,-0.07878207915040701,YoY carry,8,2025-03-31,0.6053899065593705,Lowest earlier monthly MAPE
571,Fabric & Home Care | organic_volume_growth | PCENDC96,Fabric & Home Care,organic_volume_growth,PCENDC96,Last eight,2025-06-30,Origin,2025-04-01,2025-04-01,0,Available-history choice,8,-2.8840934270602387,2.2392737124125786,2.4263020900480603,2.5490610615560794,0.0,2.0,1.75,2.5490610615560794,2.0,1.75,2025-07-29,2.799610454764556,3.3850006692894565,3.3850006692894565,-0.8359396077333765,YoY carry,8,2025-03-31,0.6053899065593705,Lowest earlier monthly MAPE
572,"Baby, Feminine & Family Care | organic_volume_growth | PCENDC96","Baby, Feminine & Family Care",organic_volume_growth,PCENDC96,Expanding,2025-06-30,One month,2025-05-30,2025-05-30,1,Available-history choice,13,-2.4748937456328104,0.9255678727953373,3.164169292812802,0.4537596958802612,0.0,-2.0,0.0,0.4537596958802612,-2.0,0.0,2025-07-29,2.799610454764556,0.1163357476392064,0.1163357476392064,0.33742394824105454,YoY carry,5,2025-03-31,0.48848685291600913,Lowest earlier monthly MAPE
573,Beauty | organic_volume_growth | PCENDC96,Beauty,organic_volume_growth,PCENDC96,Expanding,2025-06-30,One month,2025-05-30,2025-05-30,1,Available-history choice,13,-1.1359071858735408,0.5456886697740604,3.164169292812802,0.5907441464614065,1.0,1.0,0.5,-0.4092558535385935,0.0,-0.5,2025-07-29,2.799610454764556,0.39180851907248204,-0.608191480927518,0.19893562738892426,YoY carry,5,2025-03-31,0.48848685291600913,Lowest earlier monthly MAPE
574,Fabric & Home Care | organic_volume_growth | PCENDC96,Fabric & Home Care,organic_volume_growth,PCENDC96,Last eight,2025-06-30,One month,2025-05-30,2025-05-30,1,Available-history choice,8,-0.9276688782993148,0.9641694559247915,3.164169292812802,2.123126507205937,0.0,0.0,1.5,2.123126507205937,0.0,1.5,2025-07-29,2.799610454764556,1.7716300106723857,1.7716300106723857,0.3514964965335512,YoY carry,5,2025-03-31,0.48848685291600913,Lowest earlier monthly MAPE
575,"Baby, Feminine & Family Care | organic_volume_growth | PCENDC96","Baby, Feminine & Family Care",organic_volume_growth,PCENDC96,Expanding,2025-06-30,Two months,2025-06-27,2025-06-27,2,Available-history choice,13,-2.4761062293851994,0.9277699235219593,2.8539910458909246,0.1717408249933805,0.0,-2.0,0.0,0.1717408249933805,-2.0,0.0,2025-07-29,2.8015778549435932,0.12311344283663272,0.12311344283663272,0.04862738215674743,YoY carry,8,2025-03-31,0.555366084671155,Lowest earlier monthly MAPE
576,Beauty | organic_volume_growth | PCENDC96,Beauty,organic_volume_growth,PCENDC96,Expanding,2025-06-30,Two months,2025-06-27,2025-06-27,2,Available-history choice,13,-1.1354582985941697,0.5459227624258393,2.8539910458909246,0.422600377117214,1.0,1.0,0.5,-0.577399622882786,0.0,-0.5,2025-07-29,2.8015778549435932,0.39398682312769395,-0.606013176872306,0.028613553989520108,YoY carry,8,2025-03-31,0.555366084671155,Lowest earlier monthly MAPE
577,Fabric & Home Care | organic_volume_growth | PCENDC96,Fabric & Home Care,organic_volume_growth,PCENDC96,Last eight,2025-06-30,Two months,2025-06-27,2025-06-27,2,Available-history choice,8,-0.941194699681648,0.9731167648315336,2.8539910458909246,1.8360718337538935,0.0,0.0,1.5,1.8360718337538935,0.0,1.5,2025-07-29,2.8015778549435932,1.785067678944729,1.785067678944729,0.05100415480916448,YoY carry,8,2025-03-31,0.555366084671155,Lowest earlier monthly MAPE
578,"Baby, Feminine & Family Care | organic_volume_growth | PCENDC96","Baby, Feminine & Family Care",organic_volume_growth,PCENDC96,Expanding,2025-06-30,Pre-earnings,2025-07-28,2025-07-28,2,Available-history choice,17,-1.6379521275411333,0.07876832669396253,2.8539910458909246,-1.413148028456753,0.0,-2.0,0.0,-1.413148028456753,-2.0,0.0,2025-07-29,2.8015778549435932,-1.4172765278043655,-1.4172765278043655,0.004128499347612433,YoY carry,7,2025-03-31,0.6145898565555997,Lowest earlier monthly MAPE
579,Beauty | organic_volume_growth | PCENDC96,Beauty,organic_volume_growth,PCENDC96,Expanding,2025-06-30,Pre-earnings,2025-07-28,2025-07-28,2,Available-history choice,17,-0.7824463724972401,0.2110272012180314,2.8539910458909246,-0.18017662978155613,1.0,1.0,0.5,-1.1801766297815561,0.0,-0.5,2025-07-29,2.8015778549435932,-0.19123723877407772,-1.1912372387740777,0.011060608992521589,YoY carry,7,2025-03-31,0.6145898565555997,Lowest earlier monthly MAPE
580,Fabric & Home Care | organic_volume_growth | PCENDC96,Fabric & Home Care,organic_volume_growth,PCENDC96,Last eight,2025-06-30,Pre-earnings,2025-07-28,2025-07-28,2,Available-history choice,8,-0.941194699681648,0.9731167648315336,2.8539910458909246,1.8360718337538935,0.0,0.0,1.5,1.8360718337538935,0.0,1.5,2025-07-29,2.8015778549435932,1.785067678944729,1.785067678944729,0.05100415480916448,YoY carry,7,2025-03-31,0.6145898565555997,Lowest earlier monthly MAPE
581,"Baby, Feminine & Family Care | organic_volume_growth | PCENDC96","Baby, Feminine & Family Care",organic_volume_growth,PCENDC96,Expanding,2025-09-30,Origin,2025-07-01,2025-07-01,0,Available-history choice,17,-1.6379521275411333,0.07876832669396253,2.8115539262481226,-1.416490729360728,0.0,-2.0,0.0,-1.416490729360728,-2.0,0.0,2025-10-24,3.0853630067698923,-1.3949232462544159,-1.3949232462544159,-0.021567483106312246,YoY carry,8,2025-06-30,0.5629730560559135,Lowest earlier monthly MAPE
582,Beauty | organic_volume_growth | PCENDC96,Beauty,organic_volume_growth,PCENDC96,Expanding,2025-09-30,Origin,2025-07-01,2025-07-01,0,Available-history choice,17,-0.7824463724972401,0.2110272012180314,2.8115539262481226,-0.1891320163675314,4.0,1.0,0.5,-4.189132016367531,-3.0,-3.5,2025-10-24,3.0853630067698923,-0.13135085243693967,-4.13135085243694,-0.05778116393059165,YoY carry,8,2025-06-30,0.5629730560559135,Lowest earlier monthly MAPE
583,Fabric & Home Care | organic_volume_growth | PCENDC96,Fabric & Home Care,organic_volume_growth,PCENDC96,Last eight,2025-09-30,Origin,2025-07-01,2025-07-01,0,Available-history choice,8,-0.941194699681648,0.9731167648315336,2.8115539262481226,1.7947755611783216,-2.0,0.0,1.5,3.7947755611783216,2.0,3.5,2025-10-24,3.0853630067698923,2.0612237677971628,4.061223767797163,-0.2664482066188414,YoY carry,8,2025-06-30,0.5629730560559135,Lowest earlier monthly MAPE
584,"Baby, Feminine & Family Care | organic_volume_growth | PCENDC96","Baby, Feminine & Family Care",organic_volume_growth,PCENDC96,Expanding,2025-09-30,One month,2025-08-29,2025-08-29,1,Available-history choice,14,-2.4774629423663272,0.9100263166960223,2.818360254596275,0.08731905924638461,0.0,0.0,0.25,0.08731905924638461,0.0,0.25,2025-10-24,3.0853630067698923,0.3302985903546425,0.3302985903546425,-0.24297953110825787,YoY carry,6,2025-06-30,0.49578066581000185,Lowest earlier monthly MAPE
585,Beauty | organic_volume_growth | PCENDC96,Beauty,organic_volume_growth,PCENDC96,Expanding,2025-09-30,One month,2025-08-29,2025-08-29,1,Available-history choice,14,-1.1334227360316185,0.5725446214939776,2.818360254596275,0.4802142691698761,4.0,1.0,0.5,-3.519785730830124,-3.0,-3.5,2025-10-24,3.0853630067698923,0.6330852588509701,-3.3669147411490297,-0.15287098968109403,YoY carry,6,2025-06-30,0.49578066581000185,Lowest earlier monthly MAPE
586,Fabric & Home Care | organic_volume_growth | PCENDC96,Fabric & Home Care,organic_volume_growth,PCENDC96,Last eight,2025-09-30,One month,2025-08-29,2025-08-29,1,Available-history choice,8,2.0671928615314483,-0.5022260022005788,2.818360254596275,0.6517390581045557,-2.0,0.0,0.75,2.651739058104556,2.0,2.75,2025-10-24,3.0853630067698923,0.5176433333038479,2.517643333303848,0.13409572480070775,YoY carry,6,2025-06-30,0.49578066581000185,Lowest earlier monthly MAPE
587,"Baby, Feminine & Family Care | organic_volume_growth | PCENDC96","Baby, Feminine & Family Care",organic_volume_growth,PCENDC96,Expanding,2025-09-30,Two months,2025-09-26,2025-09-26,2,Available-history choice,14,-2.5051935305431394,0.8255418264682003,3.2886468481588604,0.20972199509481637,0.0,0.0,0.25,0.20972199509481637,0.0,0.25,2025-10-24,2.8881391425745973,-0.12091386768780454,-0.12091386768780454,0.33063586278262086,YoY carry,8,2025-06-30,0.5212203955657552,Lowest earlier monthly MAPE
588,Beauty | organic_volume_growth | PCENDC96,Beauty,organic_volume_growth,PCENDC96,Expanding,2025-09-30,Two months,2025-09-26,2025-09-26,2,Available-history choice,14,-1.1227505622635332,0.4991712676122301,3.2886468481588604,0.5188474536608902,4.0,1.0,0.5,-3.4811525463391098,-3.0,-3.5,2025-10-24,2.8881391425745973,0.31892551457592777,-3.6810744854240722,0.1999219390849625,YoY carry,8,2025-06-30,0.5212203955657552,Lowest earlier monthly MAPE
589,Fabric & Home Care | organic_volume_growth | PCENDC96,Fabric & Home Care,organic_volume_growth,PCENDC96,Last eight,2025-09-30,Two months,2025-09-26,2025-09-26,2,Available-history choice,8,1.3798438022832429,-0.15592454233556874,3.2886468481588604,0.8670630475807619,-2.0,0.0,0.75,2.867063047580762,2.0,2.75,2025-10-24,2.8881391425745973,0.9295120282758569,2.929512028275857,-0.06244898069509495,YoY carry,8,2025-06-30,0.5212203955657552,Lowest earlier monthly MAPE
590,"Baby, Feminine & Family Care | organic_volume_growth | PCENDC96","Baby, Feminine & Family Care",organic_volume_growth,PCENDC96,Expanding,2025-09-30,Pre-earnings,2025-10-23,2025-10-23,2,Available-history choice,18,-1.6631811981046392,0.1096159424435891,3.2886468481588604,-1.3026930744795668,0.0,0.0,0.25,-1.3026930744795668,0.0,0.25,2025-10-24,2.8881391425745973,-1.3465951040831055,-1.3465951040831055,0.04390202960353853,YoY carry,8,2025-06-30,0.5568613098130365,Lowest earlier monthly MAPE
591,Beauty | organic_volume_growth | PCENDC96,Beauty,organic_volume_growth,PCENDC96,Expanding,2025-09-30,Pre-earnings,2025-10-23,2025-10-23,2,Available-history choice,18,-0.7634621368284027,0.21679107287119095,3.2886468481588604,-0.0505128583215827,4.0,1.0,0.5,-4.050512858321583,-3.0,-3.5,2025-10-24,2.8881391425745973,-0.13733935350837423,-4.1373393535083745,0.08682649518679149,YoY carry,8,2025-06-30,0.5568613098130365,Lowest earlier monthly MAPE
592,Fabric & Home Care | organic_volume_growth | PCENDC96,Fabric & Home Care,organic_volume_growth,PCENDC96,Last eight,2025-09-30,Pre-earnings,2025-10-23,2025-10-23,2,Available-history choice,8,1.3798438022832429,-0.15592454233556874,3.2886468481588604,0.8670630475807619,-2.0,0.0,0.75,2.867063047580762,2.0,2.75,2025-10-24,2.8881391425745973,0.9295120282758569,2.929512028275857,-0.06244898069509495,YoY carry,8,2025-06-30,0.5568613098130365,Lowest earlier monthly MAPE
593,"Baby, Feminine & Family Care | organic_volume_growth | PCENDC96","Baby, Feminine & Family Care",organic_volume_growth,PCENDC96,Expanding,2025-12-31,Origin,2025-10-01,2025-10-01,0,Available-history choice,18,-1.6631811981046392,0.1096159424435891,3.299678659475047,-1.3014838120852832,-5.0,0.0,0.25,3.698516187914717,5.0,5.25,2026-01-23,2.459032140318529,-1.3936320725445475,3.6063679274554525,0.09214826045926443,YoY carry,8,2025-09-30,0.46384731328847445,Lowest earlier monthly MAPE
594,Beauty | organic_volume_growth | PCENDC96,Beauty,organic_volume_growth,PCENDC96,Expanding,2025-12-31,Origin,2025-10-01,2025-10-01,0,Available-history choice,18,-0.7634621368284027,0.21679107287119095,3.299678659475047,-0.04812126011063411,3.0,1.0,0.5,-3.048121260110634,-2.0,-2.5,2026-01-23,2.459032140318529,-0.23036592090400787,-3.230365920904008,0.18224466079337376,YoY carry,8,2025-09-30,0.46384731328847445,Lowest earlier monthly MAPE
595,Fabric & Home Care | organic_volume_growth | PCENDC96,Fabric & Home Care,organic_volume_growth,PCENDC96,Last eight,2025-12-31,Origin,2025-10-01,2025-10-01,0,Available-history choice,8,1.3798438022832429,-0.15592454233556874,3.299678659475047,0.8653429174501532,0.0,0.0,0.75,0.8653429174501532,0.0,0.75,2026-01-23,2.459032140318529,0.9964203412156223,0.9964203412156223,-0.13107742376546902,YoY carry,8,2025-09-30,0.46384731328847445,Lowest earlier monthly MAPE
596,"Baby, Feminine & Family Care | organic_volume_growth | PCENDC96","Baby, Feminine & Family Care",organic_volume_growth,PCENDC96,Expanding,2025-12-31,Pre-earnings,2026-01-22,2026-01-22,2,Available-history choice,19,-1.5927425892447882,0.10955224516670203,2.918795720892664,-1.2729819648380343,-5.0,0.0,0.5,3.727018035161966,5.0,5.5,2026-01-23,2.459032140318529,-1.3233500973358128,3.6766499026641872,0.05036813249777842,YoY carry,8,2025-09-30,0.6496031333431573,Lowest earlier monthly MAPE
597,Beauty | organic_volume_growth | PCENDC96,Beauty,organic_volume_growth,PCENDC96,Expanding,2025-12-31,Pre-earnings,2026-01-22,2026-01-22,2,Available-history choice,19,-0.5463557353544389,0.21659474465300949,2.918795720892664,0.08584007850660436,3.0,4.0,1.5,-2.9141599214933955,1.0,-1.5,2026-01-23,2.459032140318529,-0.013742296828603728,-3.0137422968286036,0.09958237533520815,YoY carry,8,2025-09-30,0.6496031333431573,Lowest earlier monthly MAPE
598,Fabric & Home Care | organic_volume_growth | PCENDC96,Fabric & Home Care,organic_volume_growth,PCENDC96,Last eight,2025-12-31,Pre-earnings,2026-01-22,2026-01-22,2,Available-history choice,8,3.166549738853786,-0.9077940338446284,2.918795720892664,0.5168843974161943,0.0,-2.0,0.0,0.5168843974161943,-2.0,0.0,2026-01-23,2.459032140318529,0.9342550328404382,0.9342550328404382,-0.41737063542424396,YoY carry,8,2025-09-30,0.6496031333431573,Lowest earlier monthly MAPE
599,"Baby, Feminine & Family Care | organic_volume_growth | PCENDC96","Baby, Feminine & Family Care",organic_volume_growth,PCENDC96,Expanding,2025-12-31,Two months,2026-01-22,2026-01-22,2,Available-history choice,19,-1.5927425892447882,0.10955224516670203,2.918795720892664,-1.2729819648380343,-5.0,0.0,0.5,3.727018035161966,5.0,5.5,2026-01-23,2.459032140318529,-1.3233500973358128,3.6766499026641872,0.05036813249777842,YoY carry,8,2025-09-30,0.6668865511788968,Lowest earlier monthly MAPE
600,Beauty | organic_volume_growth | PCENDC96,Beauty,organic_volume_growth,PCENDC96,Expanding,2025-12-31,Two months,2026-01-22,2026-01-22,2,Available-history choice,19,-0.5463557353544389,0.21659474465300949,2.918795720892664,0.08584007850660436,3.0,4.0,1.5,-2.9141599214933955,1.0,-1.5,2026-01-23,2.459032140318529,-0.013742296828603728,-3.0137422968286036,0.09958237533520815,YoY carry,8,2025-09-30,0.6668865511788968,Lowest earlier monthly MAPE
601,Fabric & Home Care | organic_volume_growth | PCENDC96,Fabric & Home Care,organic_volume_growth,PCENDC96,Last eight,2025-12-31,Two months,2026-01-22,2026-01-22,2,Available-history choice,8,3.166549738853786,-0.9077940338446284,2.918795720892664,0.5168843974161943,0.0,-2.0,0.0,0.5168843974161943,-2.0,0.0,2026-01-23,2.459032140318529,0.9342550328404382,0.9342550328404382,-0.41737063542424396,YoY carry,8,2025-09-30,0.6668865511788968,Lowest earlier monthly MAPE
602,"Baby, Feminine & Family Care | organic_volume_growth | PCENDC96","Baby, Feminine & Family Care",organic_volume_growth,PCENDC96,Expanding,2026-03-31,Origin,2026-01-01,2026-01-01,0,Available-history choice,19,-1.5931128704128805,0.10964185151743827,3.0175188319920387,-1.2622665186845357,3.0,0.0,0.5,-4.262266518684536,-3.0,-2.5,2026-04-24,1.4340718660131646,-1.4358785758141295,-4.4358785758141295,0.17361205712959385,YoY carry,8,2025-09-30,0.4500869386578052,Lowest earlier monthly MAPE
603,Beauty | organic_volume_growth | PCENDC96,Beauty,organic_volume_growth,PCENDC96,Expanding,2026-03-31,Origin,2026-01-01,2026-01-01,0,Available-history choice,19,-0.5473859445954838,0.21687097108206654,3.0175188319920387,0.10702629475705283,5.0,4.0,1.5,-4.892973705242947,-1.0,-3.5,2026-04-24,1.4340718660131646,-0.2363773864117376,-5.236377386411737,0.34340368116879044,YoY carry,8,2025-09-30,0.4500869386578052,Lowest earlier monthly MAPE
604,Fabric & Home Care | organic_volume_growth | PCENDC96,Fabric & Home Care,organic_volume_growth,PCENDC96,Last eight,2026-03-31,Origin,2026-01-01,2026-01-01,0,Available-history choice,8,3.195655452228598,-0.9179755675403887,3.0175188319920387,0.4256468898668957,2.0,-2.0,0.0,-1.5743531101331043,-4.0,-2.0,2026-04-24,1.4340718660131646,1.879212517131459,-0.12078748286854091,-1.4535656272645634,YoY carry,8,2025-09-30,0.4500869386578052,Lowest earlier monthly MAPE
605,"Baby, Feminine & Family Care | organic_volume_growth | PCENDC96","Baby, Feminine & Family Care",organic_volume_growth,PCENDC96,Expanding,2026-03-31,One month,2026-03-13,2026-03-13,1,Available-history choice,16,-2.6798746297492615,0.765712231842195,1.520536558800778,-1.515581187712267,3.0,-5.0,-1.75,-4.515581187712267,-8.0,-4.75,2026-04-24,1.4340718660131646,-1.58178826060222,-4.58178826060222,0.06620707288995317,Recent trend,7,2025-09-30,0.4752393002334852,Lowest earlier monthly MAPE
606,Beauty | organic_volume_growth | PCENDC96,Beauty,organic_volume_growth,PCENDC96,Expanding,2026-03-31,One month,2026-03-13,2026-03-13,1,Available-history choice,16,-0.9504523118378174,0.6573833828530388,1.520536558800778,0.049123154938356506,5.0,3.0,2.25,-4.950876845061644,-2.0,-2.75,2026-04-24,1.4340718660131646,-0.007717297303713511,-5.007717297303714,0.05684045224207002,Recent trend,7,2025-09-30,0.4752393002334852,Lowest earlier monthly MAPE
607,Fabric & Home Care | organic_volume_growth | PCENDC96,Fabric & Home Care,organic_volume_growth,PCENDC96,Last eight,2026-03-31,One month,2026-03-13,2026-03-13,1,Available-history choice,8,2.68211146841145,-0.7741267437616038,1.520536558800778,1.5050234533765292,2.0,0.0,-0.5,-0.4949765466234708,-2.0,-2.5,2026-04-24,1.4340718660131646,1.5719580844545518,-0.42804191554544824,-0.06693463107802257,Recent trend,7,2025-09-30,0.4752393002334852,Lowest earlier monthly MAPE
608,"Baby, Feminine & Family Care | organic_volume_growth | PCENDC96","Baby, Feminine & Family Care",organic_volume_growth,PCENDC96,Expanding,2026-03-31,Two months,2026-04-09,2026-04-09,2,Available-history choice,16,-2.684001104034804,0.7696496580293124,1.2714440995043708,-1.7054345876478783,3.0,-5.0,-1.75,-4.705434587647878,-8.0,-4.75,2026-04-24,1.294581864388955,-1.6876266148168952,-4.687626614816895,-0.01780797283098294,YoY carry,8,2025-12-31,0.624772088164019,Lowest earlier monthly MAPE
609,Beauty | organic_volume_growth | PCENDC96,Beauty,organic_volume_growth,PCENDC96,Expanding,2026-03-31,Two months,2026-04-09,2026-04-09,2,Available-history choice,16,-0.9459287435257839,0.6555203664562916,1.2714440995043708,-0.1124712414899891,5.0,3.0,2.25,-5.112471241489989,-2.0,-2.75,2026-04-24,1.294581864388955,-0.09730396537386687,-5.097303965373867,-0.015167276116122216,YoY carry,8,2025-12-31,0.624772088164019,Lowest earlier monthly MAPE
610,Fabric & Home Care | organic_volume_growth | PCENDC96,Fabric & Home Care,organic_volume_growth,PCENDC96,Last eight,2026-03-31,Two months,2026-04-09,2026-04-09,2,Available-history choice,8,2.6384346754690453,-0.7591310455544314,1.2714440995043708,1.6732419868482797,2.0,0.0,-0.5,-0.32675801315172026,-2.0,-2.5,2026-04-24,1.294581864388955,1.6556773911996525,-0.3443226088003475,0.01756459564862709,YoY carry,8,2025-12-31,0.624772088164019,Lowest earlier monthly MAPE
611,"Baby, Feminine & Family Care | organic_volume_growth | PCENDC96","Baby, Feminine & Family Care",organic_volume_growth,PCENDC96,Expanding,2026-03-31,Pre-earnings,2026-04-23,2026-04-23,2,Available-history choice,20,-1.8106477340706817,0.12161704139556496,1.0108248062904224,-1.6877142117603954,3.0,-5.0,-1.75,-4.687714211760396,-8.0,-4.75,2026-04-24,1.294581864388955,-1.6532045178793424,-4.653204517879343,-0.03450969388105298,Flat level,8,2025-12-31,0.7890264486755394,Lowest earlier monthly MAPE
612,Beauty | organic_volume_growth | PCENDC96,Beauty,organic_volume_growth,PCENDC96,Expanding,2026-03-31,Pre-earnings,2026-04-23,2026-04-23,2,Available-history choice,20,-0.3620349191083958,0.20638941842942254,1.0108248062904224,-0.15341137520408182,5.0,3.0,2.25,-5.153411375204082,-2.0,-2.75,2026-04-24,1.294581864388955,-0.09484692100788178,-5.094846921007882,-0.05856445419620002,Flat level,8,2025-12-31,0.7890264486755394,Lowest earlier monthly MAPE
613,Fabric & Home Care | organic_volume_growth | PCENDC96,Fabric & Home Care,organic_volume_growth,PCENDC96,Last eight,2026-03-31,Pre-earnings,2026-04-23,2026-04-23,2,Available-history choice,8,2.6384346754690453,-0.7591310455544314,1.0108248062904224,1.8710861833974413,2.0,0.0,-0.5,-0.12891381660255874,-2.0,-2.5,2026-04-24,1.294581864388955,1.6556773911996525,-0.3443226088003475,0.21540879219778866,Flat level,8,2025-12-31,0.7890264486755394,Lowest earlier monthly MAPE
614,Beauty | organic_sales_growth | RSHPCS,Beauty,organic_sales_growth,RSHPCS,Expanding,2024-09-30,Origin,2024-07-01,2024-07-01,0,Available-history choice,13,3.0928816148137774,0.15246246550170753,-0.9057341839252775,2.9547911480433524,-2.0,3.0,5.0,4.954791148043352,5.0,7.0,2024-10-18,3.412725976566078,3.613194231282764,5.613194231282764,-0.6584030832394117,Flat level,5,2024-06-30,2.371617740416405,Lowest earlier monthly MAPE
615,Beauty | organic_sales_growth | RSHPCS,Beauty,organic_sales_growth,RSHPCS,Expanding,2024-09-30,One month,2024-08-15,2024-08-15,1,Available-history choice,10,1.7043114305123566,0.4312640425658003,2.3472851910034898,2.7166111310393584,-2.0,3.0,3.0,4.716611131039358,5.0,5.0,2024-10-18,3.5186913322720503,3.2217964790092424,5.221796479009242,-0.5051853479698843,YoY carry,2,2024-06-30,3.3582811575822715,Fallback: fewer than four completed quarters
616,Beauty | organic_sales_growth | RSHPCS,Beauty,organic_sales_growth,RSHPCS,Expanding,2024-09-30,Two months,2024-09-17,2024-09-17,2,Available-history choice,10,1.684901369103843,0.4356634222131164,3.827561416717651,3.3524298746419388,-2.0,3.0,3.0,5.352429874641938,5.0,5.0,2024-10-18,4.085410557184743,3.464765313592543,5.464765313592543,-0.11233543895060402,YoY carry,5,2024-06-30,1.1656815517553532,Lowest earlier monthly MAPE
617,Beauty | organic_sales_growth | RSHPCS,Beauty,organic_sales_growth,RSHPCS,Expanding,2024-09-30,Pre-earnings,2024-10-17,2024-10-17,3,Available-history choice,14,3.044840497374328,0.1580468385365643,4.273198477134077,3.72020600712463,-2.0,3.0,3.0,5.72020600712463,5.0,5.0,2024-10-18,4.273198477134077,3.72020600712463,5.72020600712463,0.0,YoY carry,0,,,Fallback: fewer than four completed quarters
618,Beauty | organic_sales_growth | RSHPCS,Beauty,organic_sales_growth,RSHPCS,Expanding,2024-12-31,Origin,2024-10-01,2024-10-01,0,Available-history choice,14,3.0411878225134874,0.15841282704797968,1.3677689275082505,3.2578599650684525,2.0,3.0,3.0,1.2578599650684525,1.0,1.0,2025-01-22,2.201839783302484,3.389987487293145,1.389987487293145,-0.1321275222246923,Flat level,6,2024-09-30,2.6312619586008106,Lowest earlier monthly MAPE
619,Beauty | organic_sales_growth | RSHPCS,Beauty,organic_sales_growth,RSHPCS,Expanding,2024-12-31,One month,2024-11-15,2024-11-15,1,Available-history choice,11,0.8892262668317752,0.49056444885143835,2.827132020564882,2.2761167283304395,2.0,-2.0,1.25,0.27611672833043954,-4.0,-0.75,2025-01-22,2.2356560309057194,1.9859596354544335,-0.014040364545566453,0.29015709287600616,YoY carry,3,2024-09-30,2.7992894900054743,Fallback: fewer than four completed quarters
620,Beauty | organic_sales_growth | RSHPCS,Beauty,organic_sales_growth,RSHPCS,Expanding,2024-12-31,Two months,2024-12-17,2024-12-17,2,Available-history choice,11,0.8443426378207364,0.5002415345829347,2.055617095783213,1.8726476883302465,2.0,-2.0,1.25,-0.12735231166975347,-4.0,-0.75,2025-01-22,2.2326821716525336,1.9612229936041592,-0.03877700639584081,-0.08857530527391261,YoY carry,6,2024-09-30,1.094038888400184,Lowest earlier monthly MAPE
621,Beauty | organic_sales_growth | RSHPCS,Beauty,organic_sales_growth,RSHPCS,Expanding,2024-12-31,Pre-earnings,2025-01-21,2025-01-21,3,Available-history choice,15,2.3710796383045762,0.20406615214451806,2.3264143847269825,2.845822070089468,2.0,-2.0,1.25,0.8458220700894681,-4.0,-0.75,2025-01-22,2.3264143847269825,2.845822070089468,0.8458220700894681,0.0,YoY carry,0,,,Fallback: fewer than four completed quarters
622,Beauty | organic_sales_growth | RSHPCS,Beauty,organic_sales_growth,RSHPCS,Expanding,2025-03-31,Origin,2025-01-01,2025-01-01,0,Available-history choice,15,2.3774467304403206,0.20290665863832638,5.243328389693902,3.4413529741365867,2.0,-2.0,1.25,1.4413529741365867,-4.0,-0.75,2025-04-24,6.552318137015578,3.7069557099574553,1.7069557099574553,-0.2656027358208684,Flat level,7,2024-12-31,2.474949352211018,Lowest earlier monthly MAPE
623,Beauty | organic_sales_growth | RSHPCS,Beauty,organic_sales_growth,RSHPCS,Expanding,2025-03-31,One month,2025-02-14,2025-02-14,1,Available-history choice,12,0.7051070047802481,0.5261161858739635,5.210575702378972,3.446475219523421,2.0,2.0,1.5,1.4464752195234212,0.0,-0.5,2025-04-24,6.410185645158317,4.077609427154973,2.0776094271549734,-0.6311342076315526,Flat level,4,2024-12-31,1.1340237611056971,Lowest earlier monthly MAPE
624,Beauty | organic_sales_growth | RSHPCS,Beauty,organic_sales_growth,RSHPCS,Expanding,2025-03-31,Two months,2025-03-17,2025-03-17,2,Available-history choice,12,0.6734451038191187,0.5304726622459847,5.4432170461136575,3.560922941453755,2.0,2.0,1.5,1.560922941453755,0.0,-0.5,2025-04-24,6.189670705473538,3.9568962013776483,1.9568962013776483,-0.39597325992389304,YoY carry,7,2024-12-31,1.0120130846102622,Lowest earlier monthly MAPE
625,Beauty | organic_sales_growth | RSHPCS,Beauty,organic_sales_growth,RSHPCS,Expanding,2025-03-31,Pre-earnings,2025-04-23,2025-04-23,3,Available-history choice,16,2.2149707533791574,0.21951601562002576,6.01973835207712,3.5363997315021862,2.0,2.0,1.5,1.5363997315021862,0.0,-0.5,2025-04-24,6.01973835207712,3.5363997315021862,1.5363997315021862,0.0,YoY carry,0,,,Fallback: fewer than four completed quarters
626,Beauty | organic_sales_growth | RSHPCS,Beauty,organic_sales_growth,RSHPCS,Expanding,2025-06-30,Origin,2025-04-01,2025-04-01,0,Available-history choice,16,2.2203419762536214,0.2189494013543564,5.637346509020302,3.4546356196306878,1.0,2.0,1.5,2.4546356196306878,1.0,0.5,2025-07-29,6.3967109401350974,3.6208980072330634,2.6208980072330634,-0.1662623876023758,Flat level,8,2025-03-31,2.2525152034395934,Lowest earlier monthly MAPE
627,Beauty | organic_sales_growth | RSHPCS,Beauty,organic_sales_growth,RSHPCS,Expanding,2025-06-30,One month,2025-05-15,2025-05-15,1,Available-history choice,13,1.4703954323021362,0.3281501422019703,8.075846601545855,4.120485643000707,1.0,2.0,1.25,3.1204856430007073,1.0,0.25,2025-07-29,8.1666697558896,4.150289274013838,3.150289274013838,-0.02980363101313149,Flat level,5,2025-03-31,1.2432442097965113,Lowest earlier monthly MAPE
628,Beauty | organic_sales_growth | RSHPCS,Beauty,organic_sales_growth,RSHPCS,Expanding,2025-06-30,Two months,2025-06-17,2025-06-17,2,Available-history choice,13,1.4751281114696664,0.3271016981943543,7.937831901465242,4.071606406420267,1.0,2.0,1.25,3.0716064064202673,1.0,0.25,2025-07-29,8.149136708649586,4.140724567686897,3.140724567686897,-0.06911816126662937,Flat level,8,2025-03-31,0.9885588090296105,Lowest earlier monthly MAPE
629,Beauty | organic_sales_growth | RSHPCS,Beauty,organic_sales_growth,RSHPCS,Expanding,2025-06-30,Pre-earnings,2025-07-28,2025-07-28,3,Available-history choice,17,2.3830616924940227,0.17256700553599075,8.247422680412363,3.8062947278423986,1.0,2.0,1.25,2.8062947278423986,1.0,0.25,2025-07-29,8.247422680412363,3.8062947278423986,2.8062947278423986,0.0,YoY carry,0,,,Fallback: fewer than four completed quarters
630,Beauty | organic_sales_growth | RSHPCS,Beauty,organic_sales_growth,RSHPCS,Expanding,2025-09-30,Origin,2025-07-01,2025-07-01,0,Available-history choice,17,2.381476192237818,0.17276281378110395,2.1613225925340984,2.754872364812679,6.0,2.0,1.25,-3.245127635187321,-4.0,-4.75,2025-10-24,5.199283946717204,3.279719116519605,-2.720280883480395,-0.5248467517069262,Flat level,8,2025-06-30,2.118976621681476,Lowest earlier monthly MAPE
631,Beauty | organic_sales_growth | RSHPCS,Beauty,organic_sales_growth,RSHPCS,Expanding,2025-09-30,One month,2025-08-15,2025-08-15,1,Available-history choice,14,1.8386865496570022,0.21979101983971797,4.533152909336935,2.8350328506895517,6.0,1.0,0.75,-3.1649671493104483,-5.0,-5.25,2025-10-24,5.339788763334097,3.0123241676788695,-2.9876758323211305,-0.17729131698931805,Flat level,6,2025-06-30,1.0847926354139261,Lowest earlier monthly MAPE
632,Beauty | organic_sales_growth | RSHPCS,Beauty,organic_sales_growth,RSHPCS,Expanding,2025-09-30,Two months,2025-09-16,2025-09-16,2,Available-history choice,14,1.8413775129661356,0.21926979980399497,5.902288666144195,3.1355711671769617,6.0,1.0,0.75,-2.8644288328230383,-5.0,-5.25,2025-10-24,5.36439203556931,3.017626680675563,-2.982373319324437,0.1179444865013986,YoY carry,8,2025-06-30,1.0243046565189207,Lowest earlier monthly MAPE
633,Beauty | organic_sales_growth | RSHPCS,Beauty,organic_sales_growth,RSHPCS,Expanding,2025-09-30,Pre-earnings,2025-10-23,2025-10-23,2,Available-history choice,18,2.3904470592847953,0.1463961123061077,5.902288666144195,3.2545191737167074,6.0,1.0,0.75,-2.7454808262832926,-5.0,-5.25,2025-10-24,5.36439203556931,3.1757731981779895,-2.8242268018220105,0.07874597553871787,YoY carry,0,,,Fallback: fewer than four completed quarters
634,Beauty | organic_sales_growth | RSHPCS,Beauty,organic_sales_growth,RSHPCS,Expanding,2025-12-31,Origin,2025-10-01,2025-10-01,0,Available-history choice,18,2.3904470592847953,0.1463961123061077,4.129018701407849,2.9949193448101177,4.0,1.0,0.75,-1.0050806551898823,-3.0,-3.25,2026-01-23,6.454437206696095,3.335351573468997,-0.6646484265310031,-0.3404322286588791,Flat level,8,2025-09-30,2.1267800239812056,Lowest earlier monthly MAPE
635,Beauty | organic_sales_growth | RSHPCS,Beauty,organic_sales_growth,RSHPCS,Expanding,2025-12-31,One month,2025-12-16,2025-12-16,1,Available-history choice,15,1.840358489057606,0.2523068591346078,6.112103383063672,3.3824840963444114,4.0,6.0,2.75,-0.6175159036555886,2.0,-1.25,2026-01-23,6.454437206696095,3.468857268160649,-0.5311427318393509,-0.08637317181623758,Flat level,7,2025-09-30,1.0953098580697374,Lowest earlier monthly MAPE
636,Beauty | organic_sales_growth | RSHPCS,Beauty,organic_sales_growth,RSHPCS,Expanding,2025-12-31,Two months,2026-01-14,2026-01-14,2,Available-history choice,15,1.8391643356173062,0.25248643106441143,6.383120720520252,3.450815705394759,4.0,6.0,2.75,-0.549184294605241,2.0,-1.25,2026-01-23,6.589971896094338,3.5030428204769377,-0.4969571795230623,-0.052227115082178775,YoY carry,8,2025-09-30,1.155198173115521,Lowest earlier monthly MAPE
637,Beauty | organic_sales_growth | RSHPCS,Beauty,organic_sales_growth,RSHPCS,Expanding,2025-12-31,Pre-earnings,2026-01-22,2026-01-22,2,Available-history choice,19,2.500949651883116,0.15124134392360636,6.383120720520252,3.466341408081217,4.0,6.0,2.75,-0.5336585919187828,2.0,-1.25,2026-01-23,6.589971896094338,3.4976258578672197,-0.5023741421327803,-0.03128444978600253,YoY carry,1,2025-09-30,1.5083743332152233,Fallback: fewer than four completed quarters
638,Beauty | organic_sales_growth | RSHPCS,Beauty,organic_sales_growth,RSHPCS,Expanding,2026-03-31,Origin,2026-01-01,2026-01-01,0,Available-history choice,19,2.501497919744851,0.15116925548975663,5.368538192693562,3.3130558414026603,7.0,6.0,2.75,-3.6869441585973397,-1.0,-4.25,2026-04-24,3.133313626958323,2.9751586079480496,-4.02484139205195,0.3378972334546106,Flat level,8,2025-12-31,2.0794786821853743,Lowest earlier monthly MAPE
639,Beauty | organic_sales_growth | RSHPCS,Beauty,organic_sales_growth,RSHPCS,Expanding,2026-03-31,One month,2026-03-06,2026-03-06,1,Available-history choice,16,1.9101269254441684,0.24691270169268392,1.1840782219756596,2.202490878247648,7.0,4.0,3.25,-4.797509121752352,-3.0,-3.75,2026-04-24,2.827571859505573,2.608290332504896,-4.391709667495104,-0.40579945425724756,Flat level,8,2025-12-31,1.0185437881885215,Lowest earlier monthly MAPE
640,Beauty | organic_sales_growth | RSHPCS,Beauty,organic_sales_growth,RSHPCS,Expanding,2026-03-31,Two months,2026-04-01,2026-04-01,2,Available-history choice,16,1.935687076407091,0.24174966373428922,2.6224517155781557,2.56966389680752,7.0,4.0,3.25,-4.43033610319248,-3.0,-3.75,2026-04-24,2.6362905109110324,2.5730094209257306,-4.426990579074269,-0.0033455241182105896,Flat level,8,2025-12-31,0.8826410900122844,Lowest earlier monthly MAPE
641,Beauty | organic_sales_growth | RSHPCS,Beauty,organic_sales_growth,RSHPCS,Expanding,2026-03-31,Pre-earnings,2026-04-23,2026-04-23,3,Available-history choice,20,2.5711425839290016,0.14425763148523038,2.2175244833685603,2.8910374136602592,7.0,4.0,3.25,-4.108962586339741,-3.0,-3.75,2026-04-24,2.2175244833685603,2.8910374136602592,-4.108962586339741,0.0,YoY carry,0,,,Fallback: fewer than four completed quarters
