series,stage,method,quarters,missing_month_forecasts,mape,rmse_pct
CUUR0000SEGB,Origin,YoY carry,6,17,0.6368337366736783,0.9821511485352707
CUUR0000SEGB,Origin,Flat level,6,17,0.32156725969219363,0.439043347341579
CUUR0000SEGB,Origin,Recent trend,6,17,0.8239245312472221,1.046026712512147
CUUR0000SEGB,Origin,Seasonal step,6,17,0.838437184504838,0.9954336050317335
CUUR0000SEGB,One month,YoY carry,6,12,0.5557629141647785,0.6166705955230523
CUUR0000SEGB,One month,Flat level,6,12,0.5918658199542256,0.7288603153012116
CUUR0000SEGB,One month,Recent trend,6,12,0.7153923933888658,0.8935353078069294
CUUR0000SEGB,One month,Seasonal step,6,12,0.44721255363297796,0.5321912007932553
CUUR0000SEGB,Two months,YoY carry,6,6,0.46778775323682575,0.49137139713130934
CUUR0000SEGB,Two months,Flat level,6,6,0.4599424220431562,0.5821479582019669
CUUR0000SEGB,Two months,Recent trend,6,6,0.5388759838702998,0.6318251665878089
CUUR0000SEGB,Two months,Seasonal step,6,6,0.40507800768036506,0.5316058111052182
CUUR0000SEGB,Pre-earnings,YoY carry,1,1,0.747570229935679,0.747570229935679
CUUR0000SEGB,Pre-earnings,Flat level,1,1,0.7221586659040047,0.7221586659040047
CUUR0000SEGB,Pre-earnings,Recent trend,1,1,0.5370814449773498,0.5370814449773498
CUUR0000SEGB,Pre-earnings,Seasonal step,1,1,0.3316164213982731,0.3316164213982731
CUUR0000SEGB02,Origin,YoY carry,6,17,0.683039037975905,0.8220504195165488
CUUR0000SEGB02,Origin,Flat level,6,17,0.6306609880405695,0.7696198147873994
CUUR0000SEGB02,Origin,Recent trend,6,17,1.1096682840443224,1.2600253470968852
CUUR0000SEGB02,Origin,Seasonal step,6,17,0.5654952168777956,0.7969411716252512
CUUR0000SEGB02,Two months,YoY carry,5,5,0.6899875277922929,0.7521940570724299
CUUR0000SEGB02,Two months,Flat level,5,5,0.5449319082890125,0.6920977199427651
CUUR0000SEGB02,Two months,Recent trend,5,5,0.5507388813414016,0.638216058571833
CUUR0000SEGB02,Two months,Seasonal step,5,5,0.34809981359527287,0.3938558144699375
CUUR0000SEGB02,Pre-earnings,YoY carry,1,1,0.3189138711094941,0.3189138711094941
CUUR0000SEGB02,Pre-earnings,Flat level,1,1,0.5203568161024741,0.5203568161024741
CUUR0000SEGB02,Pre-earnings,Recent trend,1,1,0.44368086168177223,0.44368086168177223
CUUR0000SEGB02,Pre-earnings,Seasonal step,1,1,0.11290537688611879,0.11290537688611879
PCENDC96,Origin,YoY carry,7,21,0.5669552742802791,0.8466263581719554
PCENDC96,Origin,Flat level,7,21,0.8208727534129103,0.9841506051766638
PCENDC96,Origin,Recent trend,7,21,0.9799026194148662,1.221168165205313
PCENDC96,One month,YoY carry,6,12,0.5538021674636869,0.6752362551246556
PCENDC96,One month,Flat level,6,12,0.5259012080923331,0.6517804320932349
PCENDC96,One month,Recent trend,6,12,0.43849721152940113,0.5401729374858893
PCENDC96,Two months,YoY carry,7,7,0.5157924016177413,0.7076973410832305
PCENDC96,Two months,Flat level,7,7,0.6608997197583439,0.7016715342504574
PCENDC96,Two months,Recent trend,7,7,0.8092634434008745,0.8779738517782625
PCENDC96,Pre-earnings,YoY carry,7,7,0.5157924016177413,0.7076973410832305
PCENDC96,Pre-earnings,Flat level,7,7,0.6608997197583439,0.7016715342504574
PCENDC96,Pre-earnings,Recent trend,7,7,0.8092634434008745,0.8779738517782625
RSHPCS,Origin,YoY carry,7,21,2.152246674480916,2.5173575797356986
RSHPCS,Origin,Flat level,7,21,2.0217098539029315,2.464790326688172
RSHPCS,Origin,Recent trend,7,21,2.7325582726511777,3.183878519795071
RSHPCS,One month,YoY carry,7,14,1.669734478511048,1.9594758029859916
RSHPCS,One month,Flat level,7,14,1.2351879073617464,1.5882400457440464
RSHPCS,One month,Recent trend,7,14,1.560278713397594,2.1480218391127543
RSHPCS,Two months,YoY carry,7,7,1.0650401639873948,1.228136023645017
RSHPCS,Two months,Flat level,7,7,0.7587926441133692,1.0540471657808186
RSHPCS,Two months,Recent trend,7,7,0.6898775872073136,0.9410107985646877
RSHPCS,Pre-earnings,YoY carry,2,2,1.0457839085963705,1.1435269495854272
RSHPCS,Pre-earnings,Flat level,2,2,1.3617352237895397,1.6629175407330596
RSHPCS,Pre-earnings,Recent trend,2,2,1.3081864669194698,1.5609157507016542
