stage,quarter,Baby / Feminine / Family volume,Beauty organic sales,Beauty volume,Beauty pricing,Fabric & Home volume,Health Care pricing
Initial,2024-06-30,0.9294247148302219,-0.20189058258983827,1.0,-1.0,2.8302201151665285,-1.9825509359098126
Initial,2024-09-30,0.9335751121489584,-5.038011159895085,-1.0,-2.0,-2.0,-1.1927884318629043
Initial,2024-12-31,5.862489404553953,1.3789756435028035,0.22548608847670445,1.0,1.0,-0.028100141540976065
Initial,2025-03-31,-0.20767490774109354,0.3167571361420558,1.1980077892467096,1.0,-2.153865334744004,0.09376186713160517
Initial,2025-06-30,1.410079311365218,-1.5123240245511873,0.5,-2.0,0.0,0.22134542878050278
Initial,2025-09-30,-0.25,3.5760399049204645,3.0,1.0,-2.0,-0.1361684063222275
Initial,2025-12-31,-5.5,0.8633961180910945,-1.0,0.0,2.0,-0.6588545472268312
Pre-release,2024-06-30,1.0143770448392844,-0.09864966636460037,1.7118759120134448,-1.0,2.0,-1.2940253164182662
Pre-release,2024-09-30,0.8619377972414963,-5.550909557634802,-1.0,-0.9857222604589355,-2.7713714017533673,-0.6213288455239176
Pre-release,2024-12-31,5.802305506631756,0.46775888551718947,-0.08824761617670146,1.1762197506003584,1.0,-0.519877090492578
Pre-release,2025-03-31,-0.5978376957314238,-0.6654655095860273,0.7542810102332661,0.9028003325057261,-2.0,-0.38390348882752146
Pre-release,2025-06-30,1.413148028456753,-1.8023220996435168,0.5,-1.7702439174053968,-1.2322254201707359,-0.27208043675741833
Pre-release,2025-09-30,-0.25,4.087909087166899,3.0,-0.7297229262925913,-2.0,-0.3420095182037577
