index,metric,quarter,cutoff,predictions,selected_method,prediction,selection_quarters,selection_last,selection_scores,reason,eligible,actual,publication,stage
0,Baby / Feminine / Family volume,2023-06-30,2023-04-21,"{'Last actual': -4.0, 'Four-quarter mean': -3.25, 'Recent two mean': -5.0, 'Prior-year quarter': 0.0, 'Market level': -1.7602551208360495, 'Anchored market change': -3.9241893478285017, 'Half last + market': -2.8801275604180248, 'Market bias correction': -1.7602551208360495}",Last actual,-4.0,0,,{},Warm-up: fewer than four completed tests,False,0.0,2023-07-28,Initial
0,Baby / Feminine / Family volume,2023-09-30,2023-07-28,"{'Last actual': 0.0, 'Four-quarter mean': -3.25, 'Recent two mean': -2.0, 'Prior-year quarter': -3.0, 'Market level': -1.805864205141373, 'Anchored market change': -2.204291690684046e-05, 'Half last + market': -0.9029321025706865, 'Market bias correction': -1.805864205141373}",Last actual,0.0,1,2023-06-30,{},Warm-up: fewer than four completed tests,False,-3.0,2023-10-18,Initial
0,Baby / Feminine / Family volume,2023-12-31,2023-10-18,"{'Last actual': -3.0, 'Four-quarter mean': -3.25, 'Recent two mean': -1.5, 'Prior-year quarter': -6.0, 'Market level': -1.8458391336594748, 'Anchored market change': -2.3697861440575254, 'Half last + market': -2.422919566829737, 'Market bias correction': -1.8458391336594748}",Last actual,-3.0,2,2023-09-30,{},Warm-up: fewer than four completed tests,False,-2.0,2024-01-23,Initial
0,Baby / Feminine / Family volume,2024-03-31,2024-01-23,"{'Last actual': -2.0, 'Four-quarter mean': -2.25, 'Recent two mean': -2.5, 'Prior-year quarter': -4.0, 'Market level': -1.9479643872458903, 'Anchored market change': -2.02922557361087, 'Half last + market': -1.9739821936229451, 'Market bias correction': -1.9479643872458903}",Last actual,-2.0,3,2023-12-31,{},Warm-up: fewer than four completed tests,False,-3.0,2024-04-19,Initial
0,Baby / Feminine / Family volume,2024-06-30,2024-04-19,"{'Last actual': -3.0, 'Four-quarter mean': -2.0, 'Recent two mean': -2.5, 'Prior-year quarter': 0.0, 'Market level': -1.929424714830222, 'Anchored market change': -3.3955851860298223, 'Half last + market': -2.464712357415111, 'Market bias correction': -2.0094343589698735}",Market level,-1.929424714830222,4,2024-03-31,"{'Last actual': 2.25, 'Four-quarter mean': 1.375, 'Recent two mean': 1.75, 'Prior-year quarter': 1.25, 'Market level': 1.040146848697328, 'Anchored market change': 2.0661819688395626, 'Half last + market': 1.6065332077635326, 'Market bias correction': 1.040146848697328}",Challenger beats simple benchmark by >10%,True,-1.0,2024-07-30,Initial
0,Baby / Feminine / Family volume,2024-09-30,2024-07-30,"{'Last actual': -1.0, 'Four-quarter mean': -2.25, 'Recent two mean': -2.0, 'Prior-year quarter': -3.0, 'Market level': -1.9335751121489584, 'Anchored market change': -1.0001488476294271, 'Half last + market': -1.4667875560744792, 'Market bias correction': -2.1174385570393386}",Market level,-1.9335751121489584,5,2024-06-30,"{'Last actual': 2.2, 'Four-quarter mean': 1.3, 'Recent two mean': 1.7, 'Prior-year quarter': 1.2, 'Market level': 1.0180024219239068, 'Anchored market change': 2.1320626122776143, 'Half last + market': 1.5781690376938482, 'Market bias correction': 1.034004350751837}",Challenger beats simple benchmark by >10%,True,-1.0,2024-10-18,Initial
0,Baby / Feminine / Family volume,2024-12-31,2024-10-18,"{'Last actual': -1.0, 'Four-quarter mean': -1.75, 'Recent two mean': -1.0, 'Prior-year quarter': -2.0, 'Market level': -1.862489404553953, 'Anchored market change': -0.7685715521297829, 'Half last + market': -1.4312447022769765, 'Market bias correction': -1.7803889860683848}",Market level,-1.862489404553953,6,2024-09-30,"{'Last actual': 1.8333333333333333, 'Four-quarter mean': 1.2916666666666667, 'Recent two mean': 1.5833333333333333, 'Prior-year quarter': 1.3333333333333333, 'Market level': 1.003931203628082, 'Anchored market change': 1.7767436515029167, 'Half last + market': 1.3929387907572868, 'Market bias correction': 1.047910051799754}",Challenger beats simple benchmark by >10%,True,4.0,2025-01-22,Initial
0,Baby / Feminine / Family volume,2025-03-31,2025-01-22,"{'Last actual': 4.0, 'Four-quarter mean': -0.25, 'Recent two mean': 1.5, 'Prior-year quarter': -3.0, 'Market level': -1.7923250922589065, 'Anchored market change': 4.057764022109599, 'Half last + market': 1.1038374538705469, 'Market bias correction': -0.9581433899115285}",Market level,-1.7923250922589065,7,2024-12-31,"{'Last actual': 2.2857142857142856, 'Four-quarter mean': 1.9285714285714286, 'Recent two mean': 2.0714285714285716, 'Prior-year quarter': 2.0, 'Market level': 1.6980109466174922, 'Anchored market change': 2.204147637306755, 'Half last + market': 1.9698396352600995, 'Market bias correction': 1.7239784709809869}",Challenger beats simple benchmark by >10%,True,-2.0,2025-04-24,Initial
0,Baby / Feminine / Family volume,2025-06-30,2025-04-24,"{'Last actual': -2.0, 'Four-quarter mean': 0.0, 'Recent two mean': 1.0, 'Prior-year quarter': -1.0, 'Market level': -1.410079311365218, 'Anchored market change': -1.7123236948244762, 'Half last + market': -1.7050396556826088, 'Market bias correction': -0.47035252089121293}",Market level,-1.410079311365218,8,2025-03-31,"{'Last actual': 2.75, 'Four-quarter mean': 1.90625, 'Recent two mean': 2.25, 'Prior-year quarter': 1.875, 'Market level': 1.5117189417579424, 'Anchored market change': 2.6858496854071103, 'Half last + market': 2.1115893625864053, 'Market bias correction': 1.6387132383694225}",Challenger beats simple benchmark by >10%,True,0.0,2025-07-29,Initial
0,Baby / Feminine / Family volume,2025-09-30,2025-07-29,"{'Last actual': 0.0, 'Four-quarter mean': 0.25, 'Recent two mean': -1.0, 'Prior-year quarter': -1.0, 'Market level': -1.416490729360728, 'Anchored market change': -0.0005324626278682876, 'Half last + market': -0.708245364680364, 'Market bias correction': -0.4166821143198486}",Four-quarter mean,0.25,8,2025-06-30,"{'Last actual': 2.5, 'Four-quarter mean': 1.5, 'Recent two mean': 1.75, 'Prior-year quarter': 2.0, 'Market level': 1.4679469655740884, 'Anchored market change': 2.409366478781607, 'Half last + market': 1.9647033744944784, 'Market bias correction': 1.477475413376318}",Keep lower-error simple benchmark,True,0.0,2025-10-24,Initial
0,Baby / Feminine / Family volume,2025-12-31,2025-10-24,"{'Last actual': 0.0, 'Four-quarter mean': 0.5, 'Recent two mean': 0.0, 'Prior-year quarter': 4.0, 'Market level': -1.3014838120852832, 'Anchored market change': 0.07627659172106561, 'Half last + market': -0.6507419060426416, 'Market bias correction': -0.24131074489293258}",Four-quarter mean,0.5,8,2025-09-30,"{'Last actual': 2.125, 'Four-quarter mean': 1.5, 'Recent two mean': 1.75, 'Prior-year quarter': 2.125, 'Market level': 1.495741332386851, 'Anchored market change': 2.034435791974704, 'Half last + market': 1.7911005579008599, 'Market bias correction': 1.3802937033089706}",Keep lower-error simple benchmark,True,-5.0,2026-01-22,Initial
0,Baby / Feminine / Family volume,2026-03-31,2026-01-22,"{'Last actual': -5.0, 'Four-quarter mean': -1.75, 'Recent two mean': -2.5, 'Prior-year quarter': -2.0, 'Market level': -0.24983075050889303, 'Anchored market change': -5.255759133887745, 'Half last + market': -2.6249153752544467, 'Market bias correction': -0.3847833823751261}",Four-quarter mean,-1.75,8,2025-12-31,"{'Last actual': 2.625, 'Four-quarter mean': 2.03125, 'Recent two mean': 2.3125, 'Prior-year quarter': 2.75, 'Market level': 1.938785747583625, 'Anchored market change': 2.6227470979326464, 'Half last + market': 2.2818928737918123, 'Market bias correction': 1.9558597519047884}",Keep lower-error simple benchmark,True,,,Initial
1,Beauty organic sales,2023-06-30,2023-04-21,"{'Last actual': 7.0, 'Four-quarter mean': 3.5, 'Recent two mean': 5.0, 'Prior-year quarter': 0.0, 'Market level': 3.759469960038232, 'Anchored market change': 7.0015938355819385, 'Half last + market': 5.379734980019116, 'Market bias correction': 3.759469960038232}",Last actual,7.0,0,,{},Warm-up: fewer than four completed tests,False,11.0,2023-07-28,Initial
1,Beauty organic sales,2023-09-30,2023-07-28,"{'Last actual': 11.0, 'Four-quarter mean': 6.25, 'Recent two mean': 9.0, 'Prior-year quarter': 4.0, 'Market level': 4.717588723531948, 'Anchored market change': 11.004416852182176, 'Half last + market': 7.858794361765974, 'Market bias correction': 4.717588723531948}",Last actual,11.0,1,2023-06-30,{},Warm-up: fewer than four completed tests,False,5.0,2023-10-18,Initial
1,Beauty organic sales,2023-12-31,2023-10-18,"{'Last actual': 5.0, 'Four-quarter mean': 6.5, 'Recent two mean': 8.0, 'Prior-year quarter': 3.0, 'Market level': 4.87460271310613, 'Anchored market change': 4.999009708402202, 'Half last + market': 4.937301356553065, 'Market bias correction': 4.87460271310613}",Last actual,5.0,2,2023-09-30,{},Warm-up: fewer than four completed tests,False,1.0,2024-01-23,Initial
1,Beauty organic sales,2024-03-31,2024-01-23,"{'Last actual': 1.0, 'Four-quarter mean': 6.0, 'Recent two mean': 3.0, 'Prior-year quarter': 7.0, 'Market level': 4.804771487370274, 'Anchored market change': 1.0021902117503558, 'Half last + market': 2.902385743685137, 'Market bias correction': 4.804771487370274}",Last actual,1.0,3,2023-12-31,{},Warm-up: fewer than four completed tests,False,3.0,2024-04-19,Initial
1,Beauty organic sales,2024-06-30,2024-04-19,"{'Last actual': 3.0, 'Four-quarter mean': 5.0, 'Recent two mean': 2.0, 'Prior-year quarter': 11.0, 'Market level': 3.403781165179676, 'Anchored market change': 3.003761795450455, 'Half last + market': 3.2018905825898383, 'Market bias correction': 3.634227054673853}",Half last + market,3.2018905825898383,4,2024-03-31,"{'Last actual': 4.0, 'Four-quarter mean': 4.3125, 'Recent two mean': 4.25, 'Prior-year quarter': 4.5, 'Market level': 3.300578879226556, 'Anchored market change': 3.999910628313021, 'Half last + market': 3.1284937486536966, 'Market bias correction': 3.300578879226556}",Challenger beats simple benchmark by >10%,True,3.0,2024-07-30,Initial
1,Beauty organic sales,2024-09-30,2024-07-30,"{'Last actual': 3.0, 'Four-quarter mean': 3.0, 'Recent two mean': 3.0, 'Prior-year quarter': 5.0, 'Market level': 3.0760223197901704, 'Anchored market change': 3.000239555907279, 'Half last + market': 3.038011159895085, 'Market bias correction': 2.3509293086416667}",Half last + market,3.038011159895085,5,2024-06-30,"{'Last actual': 3.2, 'Four-quarter mean': 3.85, 'Recent two mean': 3.6, 'Prior-year quarter': 5.2, 'Market level': 2.72121933641718, 'Anchored market change': 3.2006808617405076, 'Half last + market': 2.543173115440925, 'Market bias correction': 2.7673085143160154}",Challenger beats simple benchmark by >10%,True,-2.0,2024-10-18,Initial
1,Beauty organic sales,2024-12-31,2024-10-18,"{'Last actual': -2.0, 'Four-quarter mean': 1.25, 'Recent two mean': 0.5, 'Prior-year quarter': 1.0, 'Market level': 3.242048712994393, 'Anchored market change': -1.9978798556021282, 'Half last + market': 0.6210243564971965, 'Market bias correction': 1.8471515023136116}",Half last + market,0.6210243564971965,6,2024-09-30,"{'Last actual': 3.5, 'Four-quarter mean': 4.041666666666667, 'Recent two mean': 3.8333333333333335, 'Prior-year quarter': 5.5, 'Market level': 3.1136865003126784, 'Anchored market change': 3.500607310768303, 'Half last + market': 2.958979456183285, 'Market bias correction': 3.0312453133702904}",Challenger beats simple benchmark by >10%,True,2.0,2025-01-22,Initial
1,Beauty organic sales,2025-03-31,2025-01-22,"{'Last actual': 2.0, 'Four-quarter mean': 1.5, 'Recent two mean': 0.0, 'Prior-year quarter': 3.0, 'Market level': 2.7490708245247584, 'Anchored market change': 2.0034351269119717, 'Half last + market': 2.374535412262379, 'Market bias correction': 1.6832428638579442}",Market bias correction,1.6832428638579442,7,2024-12-31,"{'Last actual': 3.5714285714285716, 'Four-quarter mean': 3.5714285714285716, 'Recent two mean': 3.5, 'Prior-year quarter': 4.857142857142857, 'Market level': 2.8463096735529234, 'Anchored market change': 3.5716462457445637, 'Half last + market': 2.7332646258003592, 'Market bias correction': 2.62004576827259}",Challenger beats simple benchmark by >10%,True,2.0,2025-04-24,Initial
1,Beauty organic sales,2025-06-30,2025-04-24,"{'Last actual': 2.0, 'Four-quarter mean': 1.25, 'Recent two mean': 2.0, 'Prior-year quarter': 3.0, 'Market level': 3.446189402362312, 'Anchored market change': 2.0004612801650823, 'Half last + market': 2.723094701181156, 'Market bias correction': 2.5123240245511873}",Market bias correction,2.5123240245511873,8,2025-03-31,"{'Last actual': 3.125, 'Four-quarter mean': 3.1875, 'Recent two mean': 3.3125, 'Prior-year quarter': 4.375, 'Market level': 2.5841548174244027, 'Anchored market change': 3.1256198558904895, 'Half last + market': 2.4384234741081117, 'Market bias correction': 2.3321346892562733}",Challenger beats simple benchmark by >10%,True,1.0,2025-07-29,Initial
1,Beauty organic sales,2025-09-30,2025-07-29,"{'Last actual': 1.0, 'Four-quarter mean': 0.75, 'Recent two mean': 1.5, 'Prior-year quarter': -2.0, 'Market level': 3.6131265025384898, 'Anchored market change': 0.9998417012723533, 'Half last + market': 2.306563251269245, 'Market bias correction': 2.4239600950795355}",Market bias correction,2.4239600950795355,8,2025-06-30,"{'Last actual': 2.75, 'Four-quarter mean': 2.28125, 'Recent two mean': 2.6875, 'Prior-year quarter': 3.25, 'Market level': 1.9848622377244707, 'Anchored market change': 2.7508767453588674, 'Half last + market': 1.9512771842581456, 'Market bias correction': 1.6161089373299509}",Challenger beats simple benchmark by >10%,True,6.0,2025-10-24,Initial
1,Beauty organic sales,2025-12-31,2025-10-24,"{'Last actual': 6.0, 'Four-quarter mean': 2.75, 'Recent two mean': 3.5, 'Prior-year quarter': 2.0, 'Market level': 3.3929083122113997, 'Anchored market change': 6.325544151724033, 'Half last + market': 4.6964541561057, 'Market bias correction': 3.1366038819089055}",Market bias correction,3.1366038819089055,8,2025-09-30,"{'Last actual': 2.625, 'Four-quarter mean': 2.78125, 'Recent two mean': 2.75, 'Prior-year quarter': 4.125, 'Market level': 2.2479200153486527, 'Anchored market change': 2.625344426177051, 'Half last + market': 2.055607482628743, 'Market bias correction': 2.0278125158865024}",Challenger beats simple benchmark by >10%,True,4.0,2026-01-22,Initial
1,Beauty organic sales,2026-03-31,2026-01-22,"{'Last actual': 4.0, 'Four-quarter mean': 3.25, 'Recent two mean': 5.0, 'Prior-year quarter': 2.0, 'Market level': 3.449420181372833, 'Anchored market change': 4.035420692496411, 'Half last + market': 3.7247100906864166, 'Market bias correction': 3.424258301168213}",Half last + market,3.7247100906864166,8,2025-12-31,"{'Last actual': 2.375, 'Four-quarter mean': 2.25, 'Recent two mean': 1.9375, 'Prior-year quarter': 4.125, 'Market level': 1.8394811371839617, 'Anchored market change': 2.4161612315922802, 'Half last + market': 1.6505015825728224, 'Market bias correction': 1.651411691509623}",Challenger beats simple benchmark by >10%,True,,,Initial
2,Beauty volume,2023-06-30,2023-04-21,"{'Last actual': 0.0, 'Four-quarter mean': -1.75, 'Recent two mean': -2.0, 'Prior-year quarter': -2.0, 'Market level': -1.6648054326293775, 'Anchored market change': 0.33930037271453367, 'Half last + market': -0.8324027163146888, 'Market bias correction': -1.6648054326293775}",Last actual,0.0,0,,{},Warm-up: fewer than four completed tests,False,-1.0,2023-07-28,Initial
2,Beauty volume,2023-09-30,2023-07-28,"{'Last actual': -1.0, 'Four-quarter mean': -1.5, 'Recent two mean': -0.5, 'Prior-year quarter': -1.0, 'Market level': -1.164699833820359, 'Anchored market change': -1.000012190519915, 'Half last + market': -1.0823499169101796, 'Market bias correction': -1.164699833820359}",Last actual,-1.0,1,2023-06-30,{},Warm-up: fewer than four completed tests,False,0.0,2023-10-18,Initial
2,Beauty volume,2023-12-31,2023-10-18,"{'Last actual': 0.0, 'Four-quarter mean': -1.25, 'Recent two mean': -0.5, 'Prior-year quarter': -4.0, 'Market level': -1.1319980927102686, 'Anchored market change': 0.30980466175487237, 'Half last + market': -0.5659990463551343, 'Market bias correction': -1.1319980927102686}",Last actual,0.0,2,2023-09-30,{},Warm-up: fewer than four completed tests,False,-1.0,2024-01-23,Initial
2,Beauty volume,2024-03-31,2024-01-23,"{'Last actual': -1.0, 'Four-quarter mean': -0.5, 'Recent two mean': -0.5, 'Prior-year quarter': 0.0, 'Market level': -0.9427720570125346, 'Anchored market change': -1.0146822028816553, 'Half last + market': -0.9713860285062673, 'Market bias correction': -0.9427720570125346}",Last actual,-1.0,3,2023-12-31,{},Warm-up: fewer than four completed tests,False,1.0,2024-04-19,Initial
2,Beauty volume,2024-06-30,2024-04-19,"{'Last actual': 1.0, 'Four-quarter mean': -0.25, 'Recent two mean': 0.0, 'Prior-year quarter': -1.0, 'Market level': -0.8963553018984822, 'Anchored market change': 0.8858628030141705, 'Half last + market': 0.05182234905075889, 'Market bias correction': -0.40832087487691476}",Recent two mean,0.0,4,2024-03-31,"{'Last actual': 1.25, 'Four-quarter mean': 1.0, 'Recent two mean': 0.875, 'Prior-year quarter': 1.5, 'Market level': 0.9760688540431349, 'Anchored market change': 1.415949856967744, 'Half last + market': 0.913833545686656, 'Market bias correction': 0.9760688540431349}",Challenger beats simple benchmark by >10%,True,1.0,2024-07-30,Initial
2,Beauty volume,2024-09-30,2024-07-30,"{'Last actual': 1.0, 'Four-quarter mean': 0.25, 'Recent two mean': 1.0, 'Prior-year quarter': 0.0, 'Market level': -0.5755191833427777, 'Anchored market change': 0.9998215885206174, 'Half last + market': 0.21224040832861113, 'Market bias correction': 0.06645897733742778}",Last actual,1.0,5,2024-06-30,"{'Last actual': 1.0, 'Four-quarter mean': 1.05, 'Recent two mean': 0.9, 'Prior-year quarter': 1.6, 'Market level': 1.1601261436142043, 'Anchored market change': 1.155587324971361, 'Half last + market': 0.920702366739173, 'Market bias correction': 1.0625192582098908}",Keep lower-error simple benchmark,True,0.0,2024-10-18,Initial
2,Beauty volume,2024-12-31,2024-10-18,"{'Last actual': 0.0, 'Four-quarter mean': 0.25, 'Recent two mean': 0.5, 'Prior-year quarter': -1.0, 'Market level': -0.4509721769534089, 'Anchored market change': 0.25560546025772435, 'Half last + market': -0.22548608847670445, 'Market bias correction': 0.117358402417099}",Half last + market,-0.22548608847670445,6,2024-09-30,"{'Last actual': 1.0, 'Four-quarter mean': 0.9166666666666666, 'Recent two mean': 0.9166666666666666, 'Prior-year quarter': 1.3333333333333333, 'Market level': 1.0626916502356334, 'Anchored market change': 1.1296263688962371, 'Half last + market': 0.802625373670746, 'Market bias correction': 0.8965092113978137}",Challenger beats simple benchmark by >10%,True,0.0,2025-01-22,Initial
2,Beauty volume,2025-03-31,2025-01-22,"{'Last actual': 0.0, 'Four-quarter mean': 0.5, 'Recent two mean': 0.0, 'Prior-year quarter': 1.0, 'Market level': -0.3960155784934191, 'Anchored market change': 0.05404094499429747, 'Half last + market': -0.19800778924670956, 'Market bias correction': 0.21218676140748133}",Half last + market,-0.19800778924670956,7,2024-12-31,"{'Last actual': 0.8571428571428571, 'Four-quarter mean': 0.8214285714285714, 'Recent two mean': 0.8571428571428571, 'Prior-year quarter': 1.2857142857142858, 'Market level': 0.9753031540524584, 'Anchored market change': 1.0047662390907353, 'Half last + market': 0.7201769043573115, 'Market bias correction': 0.7852019529719974}",Challenger beats simple benchmark by >10%,True,1.0,2025-04-24,Initial
2,Beauty volume,2025-06-30,2025-04-24,"{'Last actual': 1.0, 'Four-quarter mean': 0.5, 'Recent two mean': 0.5, 'Prior-year quarter': 1.0, 'Market level': -0.3439912970133173, 'Anchored market change': 1.0493774764247075, 'Half last + market': 0.32800435149334134, 'Market bias correction': 0.19586648307269372}",Four-quarter mean,0.5,8,2025-03-31,"{'Last actual': 0.875, 'Four-quarter mean': 0.78125, 'Recent two mean': 0.875, 'Prior-year quarter': 1.125, 'Market level': 1.0278922071075784, 'Anchored market change': 0.9974153410801062, 'Half last + market': 0.7799057649684863, 'Market bias correction': 0.7855283636745625}",Keep lower-error simple benchmark,True,1.0,2025-07-29,Initial
2,Beauty volume,2025-09-30,2025-07-29,"{'Last actual': 1.0, 'Four-quarter mean': 0.5, 'Recent two mean': 1.0, 'Prior-year quarter': 0.0, 'Market level': -0.1891320163675314, 'Anchored market change': 0.9765118023244529, 'Half last + market': 0.4054339918162343, 'Market bias correction': 0.281680263107834}",Last actual,1.0,8,2025-06-30,"{'Last actual': 0.75, 'Four-quarter mean': 0.75, 'Recent two mean': 0.8125, 'Prior-year quarter': 1.0, 'Market level': 1.112790440155571, 'Anchored market change': 0.8361749790438779, 'Half last + market': 0.8429555605711547, 'Market bias correction': 0.8029443742118035}",Keep lower-error simple benchmark,True,4.0,2025-10-24,Initial
2,Beauty volume,2025-12-31,2025-10-24,"{'Last actual': 4.0, 'Four-quarter mean': 1.5, 'Recent two mean': 2.5, 'Prior-year quarter': 0.0, 'Market level': -0.04812126011063411, 'Anchored market change': 4.0138547536550595, 'Half last + market': 1.975939369944683, 'Market bias correction': 0.8743926234928254}",Last actual,4.0,8,2025-09-30,"{'Last actual': 1.0, 'Four-quarter mean': 1.0, 'Recent two mean': 1.125, 'Prior-year quarter': 1.375, 'Market level': 1.4908444629739674, 'Anchored market change': 1.089109479938332, 'Half last + market': 1.156982571980353, 'Market bias correction': 1.1221468620957795}",Keep lower-error simple benchmark,True,3.0,2026-01-22,Initial
2,Beauty volume,2026-03-31,2026-01-22,"{'Last actual': 3.0, 'Four-quarter mean': 2.25, 'Recent two mean': 3.5, 'Prior-year quarter': 1.0, 'Market level': 0.6282934513486711, 'Anchored market change': 2.8696142668551463, 'Half last + market': 1.8141467256743355, 'Market bias correction': 1.8754509703467839}",Last actual,3.0,8,2025-12-31,"{'Last actual': 1.0, 'Four-quarter mean': 1.15625, 'Recent two mean': 1.125, 'Prior-year quarter': 1.375, 'Market level': 1.8553598588990132, 'Anchored market change': 1.0521157414258553, 'Half last + market': 1.2307400315316595, 'Market bias correction': 1.3713480225703927}",Keep lower-error simple benchmark,True,,,Initial
3,Beauty pricing,2023-06-30,2023-04-21,"{'Last actual': 8.0, 'Four-quarter mean': 7.5, 'Recent two mean': 8.5, 'Prior-year quarter': 6.0, 'Market level': 8.40181190025401, 'Anchored market change': 8.005187304961794, 'Half last + market': 8.200905950127005, 'Market bias correction': 8.40181190025401}",Last actual,8.0,0,,{},Warm-up: fewer than four completed tests,False,8.0,2023-07-28,Initial
3,Beauty pricing,2023-09-30,2023-07-28,"{'Last actual': 8.0, 'Four-quarter mean': 8.0, 'Recent two mean': 8.0, 'Prior-year quarter': 7.0, 'Market level': 8.505142189851394, 'Anchored market change': 7.999867907632661, 'Half last + market': 8.252571094925697, 'Market bias correction': 8.505142189851394}",Last actual,8.0,1,2023-06-30,{},Warm-up: fewer than four completed tests,False,7.0,2023-10-18,Initial
3,Beauty pricing,2023-12-31,2023-10-18,"{'Last actual': 7.0, 'Four-quarter mean': 8.0, 'Recent two mean': 7.5, 'Prior-year quarter': 9.0, 'Market level': 6.918020689767813, 'Anchored market change': 7.010586405950507, 'Half last + market': 6.9590103448839065, 'Market bias correction': 6.918020689767813}",Last actual,7.0,2,2023-09-30,{},Warm-up: fewer than four completed tests,False,4.0,2024-01-23,Initial
3,Beauty pricing,2024-03-31,2024-01-23,"{'Last actual': 4.0, 'Four-quarter mean': 6.75, 'Recent two mean': 5.5, 'Prior-year quarter': 8.0, 'Market level': 5.820434149431177, 'Anchored market change': 3.9972589042972473, 'Half last + market': 4.910217074715589, 'Market bias correction': 5.820434149431177}",Last actual,4.0,3,2023-12-31,{},Warm-up: fewer than four completed tests,False,4.0,2024-04-19,Initial
3,Beauty pricing,2024-06-30,2024-04-19,"{'Last actual': 4.0, 'Four-quarter mean': 5.75, 'Recent two mean': 4.0, 'Prior-year quarter': 8.0, 'Market level': 4.757941920442612, 'Anchored market change': 3.9988109530482796, 'Half last + market': 4.378970960221306, 'Market bias correction': 3.9272658042795623}",Last actual,4.0,4,2024-03-31,"{'Last actual': 1.0, 'Four-quarter mean': 2.0625, 'Recent two mean': 1.625, 'Prior-year quarter': 2.75, 'Market level': 1.6613522323260987, 'Anchored market change': 1.0045956785619286, 'Half last + market': 1.3306761161630494, 'Market bias correction': 1.6613522323260987}",Keep lower-error simple benchmark,True,3.0,2024-07-30,Initial
3,Beauty pricing,2024-09-30,2024-07-30,"{'Last actual': 3.0, 'Four-quarter mean': 4.5, 'Recent two mean': 3.5, 'Prior-year quarter': 7.0, 'Market level': 3.762145055164629, 'Anchored market change': 3.0010048689435815, 'Half last + market': 3.3810725275823144, 'Market bias correction': 2.7619526864780046}",Last actual,3.0,5,2024-06-30,"{'Last actual': 1.0, 'Four-quarter mean': 2.2, 'Recent two mean': 1.5, 'Prior-year quarter': 3.2, 'Market level': 1.6806701699494013, 'Anchored market change': 1.0034387334591988, 'Half last + market': 1.3403350849747007, 'Market bias correction': 1.5145349467167915}",Keep lower-error simple benchmark,True,1.0,2024-10-18,Initial
3,Beauty pricing,2024-12-31,2024-10-18,"{'Last actual': 1.0, 'Four-quarter mean': 3.0, 'Recent two mean': 2.0, 'Prior-year quarter': 4.0, 'Market level': 2.745451528058204, 'Anchored market change': 1.0003078094894662, 'Half last + market': 1.872725764029102, 'Market bias correction': 1.588133801207425}",Last actual,1.0,6,2024-09-30,"{'Last actual': 1.1666666666666667, 'Four-quarter mean': 2.4166666666666665, 'Recent two mean': 1.6666666666666667, 'Prior-year quarter': 3.6666666666666665, 'Market level': 1.8609159841519394, 'Anchored market change': 1.1696997560399292, 'Half last + market': 1.513791325409303, 'Market bias correction': 1.5557712366769936}",Keep lower-error simple benchmark,True,2.0,2025-01-22,Initial
3,Beauty pricing,2025-03-31,2025-01-22,"{'Last actual': 2.0, 'Four-quarter mean': 2.5, 'Recent two mean': 1.5, 'Prior-year quarter': 4.0, 'Market level': 2.547476337738075, 'Anchored market change': 2.008016733120024, 'Half last + market': 2.2737381688690377, 'Market bias correction': 1.6617297561009972}",Last actual,2.0,7,2024-12-31,"{'Last actual': 1.1428571428571428, 'Four-quarter mean': 2.2142857142857144, 'Recent two mean': 1.4285714285714286, 'Prior-year quarter': 3.4285714285714284, 'Market level': 1.7015639189956915, 'Anchored market change': 1.1454129609643013, 'Half last + market': 1.3157174554895308, 'Market bias correction': 1.3923562312649338}",Keep lower-error simple benchmark,True,3.0,2025-04-24,Initial
3,Beauty pricing,2025-06-30,2025-04-24,"{'Last actual': 3.0, 'Four-quarter mean': 2.25, 'Recent two mean': 2.5, 'Prior-year quarter': 3.0, 'Market level': 2.671912053073948, 'Anchored market change': 3.0068189669174736, 'Half last + market': 2.835956026536974, 'Market bias correction': 2.0702851978985084}",Last actual,3.0,8,2025-03-31,"{'Last actual': 1.125, 'Four-quarter mean': 2.0, 'Recent two mean': 1.4375, 'Prior-year quarter': 3.125, 'Market level': 1.5454338869039705, 'Anchored market change': 1.1262342492037607, 'Half last + market': 1.2420355024447098, 'Market bias correction': 1.3855954828441925}",Keep lower-error simple benchmark,True,1.0,2025-07-29,Initial
3,Beauty pricing,2025-09-30,2025-07-29,"{'Last actual': 1.0, 'Four-quarter mean': 1.75, 'Recent two mean': 2.0, 'Prior-year quarter': 1.0, 'Market level': 2.9941391199219978, 'Anchored market change': 0.9996914156820156, 'Half last + market': 1.9970695599609989, 'Market bias correction': 2.4032659981676407}",Last actual,1.0,8,2025-06-30,"{'Last actual': 1.375, 'Four-quarter mean': 2.09375, 'Recent two mean': 1.5625, 'Prior-year quarter': 3.125, 'Market level': 1.7041964060064627, 'Anchored market change': 1.3764382069482206, 'Half last + market': 1.4464167619959558, 'Market bias correction': 1.4691546450497548}",Keep lower-error simple benchmark,True,2.0,2025-10-24,Initial
3,Beauty pricing,2025-12-31,2025-10-24,"{'Last actual': 2.0, 'Four-quarter mean': 2.0, 'Recent two mean': 1.5, 'Prior-year quarter': 2.0, 'Market level': 3.303204427797444, 'Anchored market change': 1.9998376439791161, 'Half last + market': 2.6516022138987223, 'Market bias correction': 2.933332047948416}",Last actual,2.0,8,2025-09-30,"{'Last actual': 1.375, 'Four-quarter mean': 2.0, 'Recent two mean': 1.4375, 'Prior-year quarter': 3.25, 'Market level': 1.6403210222652882, 'Anchored market change': 1.376493291533886, 'Half last + market': 1.2902116801351189, 'Market bias correction': 1.3314201210892855}",Keep lower-error simple benchmark,True,2.0,2026-01-22,Initial
3,Beauty pricing,2026-03-31,2026-01-22,"{'Last actual': 2.0, 'Four-quarter mean': 2.0, 'Recent two mean': 2.0, 'Prior-year quarter': 3.0, 'Market level': 3.4115410689032375, 'Anchored market change': 2.0855663075721904, 'Half last + market': 2.7057705344516187, 'Market bias correction': 2.9719495765868045}",Last actual,2.0,8,2025-12-31,"{'Last actual': 1.0, 'Four-quarter mean': 1.5, 'Recent two mean': 1.0625, 'Prior-year quarter': 2.625, 'Market level': 1.4384689895189922, 'Anchored market change': 1.0001902852926832, 'Half last + market': 1.0017856637619709, 'Market bias correction': 1.0833340408618608}",Keep lower-error simple benchmark,True,,,Initial
4,Fabric & Home volume,2023-06-30,2023-04-21,"{'Last actual': -5.0, 'Four-quarter mean': -4.25, 'Recent two mean': -6.0, 'Prior-year quarter': -1.0, 'Market level': -1.2868627097929086, 'Anchored market change': -4.406674919912596, 'Half last + market': -3.143431354896454, 'Market bias correction': -1.2868627097929086}",Last actual,-5.0,0,,{},Warm-up: fewer than four completed tests,False,-2.0,2023-07-28,Initial
4,Fabric & Home volume,2023-09-30,2023-07-28,"{'Last actual': -2.0, 'Four-quarter mean': -4.5, 'Recent two mean': -3.5, 'Prior-year quarter': -4.0, 'Market level': -1.6011909543988254, 'Anchored market change': -2.0000468536298364, 'Half last + market': -1.8005954771994128, 'Market bias correction': -1.6011909543988254}",Last actual,-2.0,1,2023-06-30,{},Warm-up: fewer than four completed tests,False,0.0,2023-10-18,Initial
4,Fabric & Home volume,2023-12-31,2023-10-18,"{'Last actual': 0.0, 'Four-quarter mean': -3.5, 'Recent two mean': -1.0, 'Prior-year quarter': -7.0, 'Market level': -1.6438890546110265, 'Anchored market change': 1.3368342495157293, 'Half last + market': -0.8219445273055133, 'Market bias correction': -1.6438890546110265}",Last actual,0.0,2,2023-09-30,{},Warm-up: fewer than four completed tests,False,1.0,2024-01-23,Initial
4,Fabric & Home volume,2024-03-31,2024-01-23,"{'Last actual': 1.0, 'Four-quarter mean': -1.5, 'Recent two mean': 0.5, 'Prior-year quarter': -5.0, 'Market level': -1.305229664201101, 'Anchored market change': 0.9293586474094274, 'Half last + market': -0.1526148321005505, 'Market bias correction': -1.305229664201101}",Last actual,1.0,3,2023-12-31,{},Warm-up: fewer than four completed tests,False,1.0,2024-04-19,Initial
4,Fabric & Home volume,2024-06-30,2024-04-19,"{'Last actual': 1.0, 'Four-quarter mean': 0.0, 'Recent two mean': 1.0, 'Prior-year quarter': -2.0, 'Market level': -0.9613697468315513, 'Anchored market change': 0.16977988483347128, 'Half last + market': 0.01931512658422435, 'Market bias correction': -0.23172319895606863}",Anchored market change,0.16977988483347128,4,2024-03-31,"{'Last actual': 1.5, 'Four-quarter mean': 3.4375, 'Recent two mean': 2.5, 'Prior-year quarter': 4.75, 'Market level': 1.815861740854511, 'Anchored market change': 1.2035493439121834, 'Half last + market': 1.4796465478754826, 'Market bias correction': 1.815861740854511}",Challenger beats simple benchmark by >10%,True,3.0,2024-07-30,Initial
4,Fabric & Home volume,2024-09-30,2024-07-30,"{'Last actual': 3.0, 'Four-quarter mean': 1.25, 'Recent two mean': 2.0, 'Prior-year quarter': 0.0, 'Market level': -0.4460805046931833, 'Anchored market change': 2.999464063747642, 'Half last + market': 1.2769597476534083, 'Market bias correction': 0.8678794228121298}",Last actual,3.0,5,2024-06-30,"{'Last actual': 1.6, 'Four-quarter mean': 3.35, 'Recent two mean': 2.4, 'Prior-year quarter': 4.8, 'Market level': 2.2449633420499193, 'Anchored market change': 1.5288834981630526, 'Half last + market': 1.7798542129835413, 'Market bias correction': 2.0990340324748225}",Keep lower-error simple benchmark,True,1.0,2024-10-18,Initial
4,Fabric & Home volume,2024-12-31,2024-10-18,"{'Last actual': 1.0, 'Four-quarter mean': 1.5, 'Recent two mean': 2.0, 'Prior-year quarter': 1.0, 'Market level': -0.11845153631513772, 'Anchored market change': 1.7583243799854074, 'Half last + market': 0.44077423184243114, 'Market bias correction': 1.1761195849769701}",Last actual,1.0,6,2024-09-30,"{'Last actual': 1.6666666666666667, 'Four-quarter mean': 2.8333333333333335, 'Recent two mean': 2.1666666666666665, 'Prior-year quarter': 4.166666666666667, 'Market level': 2.111816202490463, 'Anchored market change': 1.6073135924271507, 'Half last + market': 1.5293718020951859, 'Market bias correction': 1.7712151232603306}",Keep lower-error simple benchmark,True,2.0,2025-01-22,Initial
4,Fabric & Home volume,2025-03-31,2025-01-22,"{'Last actual': 2.0, 'Four-quarter mean': 1.75, 'Recent two mean': 1.5, 'Prior-year quarter': 1.0, 'Market level': 0.017015099515207632, 'Anchored market change': 2.153865334744004, 'Half last + market': 1.0085075497576037, 'Market bias correction': 1.2459065310203292}",Anchored market change,2.153865334744004,7,2024-12-31,"{'Last actual': 1.5714285714285714, 'Four-quarter mean': 2.5, 'Recent two mean': 1.8571428571428572, 'Prior-year quarter': 3.7142857142857144, 'Market level': 2.1127641073225596, 'Anchored market change': 1.412222453511071, 'Half last + market': 1.533636654389812, 'Market bias correction': 1.6358815935121447}",Challenger beats simple benchmark by >10%,True,0.0,2025-04-24,Initial
4,Fabric & Home volume,2025-06-30,2025-04-24,"{'Last actual': 0.0, 'Four-quarter mean': 1.5, 'Recent two mean': 1.0, 'Prior-year quarter': 3.0, 'Market level': 0.20905538920242517, 'Anchored market change': 0.7074395934695813, 'Half last + market': 0.10452769460121258, 'Market bias correction': 1.1476662252430083}",Last actual,0.0,8,2025-03-31,"{'Last actual': 1.625, 'Four-quarter mean': 2.40625, 'Recent two mean': 1.8125, 'Prior-year quarter': 3.375, 'Market level': 1.8507954813466405, 'Anchored market change': 1.5049278136651876, 'Half last + market': 1.4679955163107858, 'Market bias correction': 1.5871347107006677}",Keep lower-error simple benchmark,True,0.0,2025-07-29,Initial
4,Fabric & Home volume,2025-09-30,2025-07-29,"{'Last actual': 0.0, 'Four-quarter mean': 0.75, 'Recent two mean': 0.0, 'Prior-year quarter': 1.0, 'Market level': 0.38098954713942, 'Anchored market change': -0.05641999738375159, 'Half last + market': 0.19049477356971, 'Market bias correction': 0.7982972411757561}",Last actual,0.0,8,2025-06-30,"{'Last actual': 1.25, 'Four-quarter mean': 2.3125, 'Recent two mean': 1.4375, 'Prior-year quarter': 3.625, 'Market level': 1.7877852437210573, 'Anchored market change': 1.292523397859811, 'Half last + market': 1.3381325587738808, 'Market bias correction': 1.6414508275801574}",Keep lower-error simple benchmark,True,-2.0,2025-10-24,Initial
4,Fabric & Home volume,2025-12-31,2025-10-24,"{'Last actual': -2.0, 'Four-quarter mean': 0.0, 'Recent two mean': -1.0, 'Prior-year quarter': 2.0, 'Market level': 0.5450227734242521, 'Anchored market change': -2.0103540420451393, 'Half last + market': -0.727488613287874, 'Market bias correction': 0.48394671098151265}",Last actual,-2.0,8,2025-09-30,"{'Last actual': 1.25, 'Four-quarter mean': 2.09375, 'Recent two mean': 1.25, 'Prior-year quarter': 3.5, 'Market level': 1.8852600678136315, 'Anchored market change': 1.2854650414831124, 'Half last + market': 1.3868699708201677, 'Market bias correction': 1.7910891134272737}",Keep lower-error simple benchmark,True,0.0,2026-01-22,Initial
4,Fabric & Home volume,2026-03-31,2026-01-22,"{'Last actual': 0.0, 'Four-quarter mean': -0.5, 'Recent two mean': -1.0, 'Prior-year quarter': 0.0, 'Market level': 1.1461058208709605, 'Anchored market change': 0.24402498931753994, 'Half last + market': 0.5730529104354802, 'Market bias correction': 0.7520954697107973}",Recent two mean,-1.0,8,2025-12-31,"{'Last actual': 1.375, 'Four-quarter mean': 1.53125, 'Recent two mean': 1.125, 'Prior-year quarter': 2.75, 'Market level': 1.6229017826652847, 'Anchored market change': 1.4946550155492886, 'Half last + market': 1.250062981567963, 'Market bias correction': 1.5210963204735846}",Challenger beats simple benchmark by >10%,True,,,Initial
5,Health Care pricing,2023-06-30,2023-04-21,"{'Last actual': 6.0, 'Four-quarter mean': 5.5, 'Recent two mean': 5.5, 'Prior-year quarter': 5.0, 'Market level': 6.0137044994103945, 'Anchored market change': 6.001060985763861, 'Half last + market': 6.006852249705197, 'Market bias correction': 6.0137044994103945}",Last actual,6.0,0,,{},Warm-up: fewer than four completed tests,False,6.0,2023-07-28,Initial
5,Health Care pricing,2023-09-30,2023-07-28,"{'Last actual': 6.0, 'Four-quarter mean': 5.75, 'Recent two mean': 6.0, 'Prior-year quarter': 6.0, 'Market level': 6.154391401414491, 'Anchored market change': 5.999967643684299, 'Half last + market': 6.077195700707246, 'Market bias correction': 6.154391401414491}",Last actual,6.0,1,2023-06-30,{},Warm-up: fewer than four completed tests,False,6.0,2023-10-18,Initial
5,Health Care pricing,2023-12-31,2023-10-18,"{'Last actual': 6.0, 'Four-quarter mean': 5.75, 'Recent two mean': 6.0, 'Prior-year quarter': 5.0, 'Market level': 5.221453716185187, 'Anchored market change': 6.002673830305086, 'Half last + market': 5.610726858092594, 'Market bias correction': 5.221453716185187}",Last actual,6.0,2,2023-09-30,{},Warm-up: fewer than four completed tests,False,5.0,2024-01-23,Initial
5,Health Care pricing,2024-03-31,2024-01-23,"{'Last actual': 5.0, 'Four-quarter mean': 5.75, 'Recent two mean': 5.5, 'Prior-year quarter': 6.0, 'Market level': 4.385660842213846, 'Anchored market change': 5.000102935813088, 'Half last + market': 4.6928304211069225, 'Market bias correction': 4.385660842213846}",Last actual,5.0,3,2023-12-31,{},Warm-up: fewer than four completed tests,False,4.0,2024-04-19,Initial
5,Health Care pricing,2024-06-30,2024-04-19,"{'Last actual': 4.0, 'Four-quarter mean': 5.25, 'Recent two mean': 4.5, 'Prior-year quarter': 6.0, 'Market level': 3.9825509359098126, 'Anchored market change': 4.000120241337925, 'Half last + market': 3.9912754679549063, 'Market bias correction': 3.8856496285068225}",Market level,3.9825509359098126,4,2024-03-31,"{'Last actual': 0.5, 'Four-quarter mean': 0.8125, 'Recent two mean': 0.75, 'Prior-year quarter': 0.75, 'Market level': 0.1938026148059797, 'Anchored market change': 0.500967527049434, 'Half last + market': 0.34690130740298986, 'Market bias correction': 0.1938026148059797}",Challenger beats simple benchmark by >10%,True,2.0,2024-07-30,Initial
5,Health Care pricing,2024-09-30,2024-07-30,"{'Last actual': 2.0, 'Four-quarter mean': 4.25, 'Recent two mean': 3.0, 'Prior-year quarter': 6.0, 'Market level': 2.5357955438283213, 'Anchored market change': 2.0022330347093806, 'Half last + market': 2.2678977719141606, 'Market bias correction': 2.1927884318629043}",Market bias correction,2.1927884318629043,5,2024-06-30,"{'Last actual': 0.8, 'Four-quarter mean': 1.3, 'Recent two mean': 1.1, 'Prior-year quarter': 1.4, 'Market level': 0.5515522790267463, 'Anchored market change': 0.8007980699071322, 'Half last + market': 0.6757761395133731, 'Market bias correction': 0.5321720175461483}",Challenger beats simple benchmark by >10%,True,1.0,2024-10-18,Initial
5,Health Care pricing,2024-12-31,2024-10-18,"{'Last actual': 1.0, 'Four-quarter mean': 3.0, 'Recent two mean': 1.5, 'Prior-year quarter': 5.0, 'Market level': 1.543782771308122, 'Anchored market change': 1.0004990585132993, 'Half last + market': 1.271891385654061, 'Market bias correction': 1.028100141540976}",Market bias correction,1.028100141540976,6,2024-09-30,"{'Last actual': 0.8333333333333334, 'Four-quarter mean': 1.625, 'Recent two mean': 1.25, 'Prior-year quarter': 2.0, 'Market level': 0.7155928231603421, 'Anchored market change': 0.8343705640408402, 'Half last + market': 0.7744630782468377, 'Market bias correction': 0.6422747532656076}",Challenger beats simple benchmark by >10%,True,1.0,2025-01-22,Initial
5,Health Care pricing,2025-03-31,2025-01-22,"{'Last actual': 1.0, 'Four-quarter mean': 2.0, 'Recent two mean': 1.0, 'Prior-year quarter': 4.0, 'Market level': 1.4622118945259075, 'Anchored market change': 1.0010527238039717, 'Half last + market': 1.2311059472629537, 'Market bias correction': 0.9062381328683948}",Market bias correction,0.9062381328683948,7,2024-12-31,"{'Last actual': 0.7142857142857143, 'Four-quarter mean': 1.6785714285714286, 'Recent two mean': 1.1428571428571428, 'Prior-year quarter': 2.2857142857142856, 'Market level': 0.6910485300385963, 'Anchored market change': 0.7152460632511916, 'Half last + market': 0.7026671221621553, 'Market bias correction': 0.5545355230192317}",Challenger beats simple benchmark by >10%,True,1.0,2025-04-24,Initial
5,Health Care pricing,2025-06-30,2025-04-24,"{'Last actual': 1.0, 'Four-quarter mean': 1.25, 'Recent two mean': 1.0, 'Prior-year quarter': 2.0, 'Market level': 1.3441972144160177, 'Anchored market change': 1.0005913871344505, 'Half last + market': 1.1720986072080088, 'Market bias correction': 0.7786545712194972}",Market bias correction,0.7786545712194972,8,2025-03-31,"{'Last actual': 0.625, 'Four-quarter mean': 1.59375, 'Recent two mean': 1.0, 'Prior-year quarter': 2.375, 'Market level': 0.6624439505995103, 'Anchored market change': 0.6259718958202891, 'Half last + market': 0.6437219752997552, 'Market bias correction': 0.4969388160332784}",Challenger beats simple benchmark by >10%,True,1.0,2025-07-29,Initial
5,Health Care pricing,2025-09-30,2025-07-29,"{'Last actual': 1.0, 'Four-quarter mean': 1.0, 'Recent two mean': 1.0, 'Prior-year quarter': 1.0, 'Market level': 1.4969168343320236, 'Anchored market change': 1.0001213316595408, 'Half last + market': 1.2484584171660118, 'Market bias correction': 1.1361684063222275}",Market bias correction,1.1361684063222275,8,2025-06-30,"{'Last actual': 0.625, 'Four-quarter mean': 1.5625, 'Recent two mean': 0.9375, 'Prior-year quarter': 2.375, 'Market level': 0.7037555399752131, 'Anchored market change': 0.6259131959916128, 'Half last + market': 0.6643777699876066, 'Market bias correction': 0.5228939322045418}",Challenger beats simple benchmark by >10%,True,1.0,2025-10-24,Initial
5,Health Care pricing,2025-12-31,2025-10-24,"{'Last actual': 1.0, 'Four-quarter mean': 1.0, 'Recent two mean': 1.0, 'Prior-year quarter': 1.0, 'Market level': 1.88974313654959, 'Anchored market change': 1.0000983314975662, 'Half last + market': 1.444871568274795, 'Market bias correction': 1.6588545472268312}",Market bias correction,1.6588545472268312,8,2025-09-30,"{'Last actual': 0.625, 'Four-quarter mean': 1.53125, 'Recent two mean': 0.9375, 'Prior-year quarter': 2.375, 'Market level': 0.7465712190899048, 'Anchored market change': 0.6259243179095927, 'Half last + market': 0.6857856095449524, 'Market bias correction': 0.5206160578180089}",Challenger beats simple benchmark by >10%,True,1.0,2026-01-22,Initial
5,Health Care pricing,2026-03-31,2026-01-22,"{'Last actual': 1.0, 'Four-quarter mean': 1.0, 'Recent two mean': 1.0, 'Prior-year quarter': 1.0, 'Market level': 1.995998687664966, 'Anchored market change': 1.239669250568392, 'Half last + market': 1.497999343832483, 'Market bias correction': 1.7218650526870236}",Last actual,1.0,8,2025-12-31,"{'Last actual': 0.5, 'Four-quarter mean': 1.4375, 'Recent two mean': 0.8125, 'Prior-year quarter': 2.375, 'Market level': 0.8301073966354551, 'Anchored market change': 0.5006023805586528, 'Half last + market': 0.6650536983177275, 'Market bias correction': 0.5752911616982144}",Keep lower-error simple benchmark,True,,,Initial
0,Baby / Feminine / Family volume,2023-06-30,2023-07-27,"{'Last actual': -4.0, 'Four-quarter mean': -3.25, 'Recent two mean': -5.0, 'Prior-year quarter': 0.0, 'Market level': -2.0952192511317516, 'Anchored market change': -3.9088202298558254, 'Half last + market': -3.047609625565876, 'Market bias correction': -2.0952192511317516}",Last actual,-4.0,0,,{},Warm-up: fewer than four completed tests,False,0.0,2023-07-28,Pre-release
0,Baby / Feminine / Family volume,2023-09-30,2023-10-17,"{'Last actual': 0.0, 'Four-quarter mean': -3.25, 'Recent two mean': -2.0, 'Prior-year quarter': -3.0, 'Market level': -1.8247719261328652, 'Anchored market change': 0.7646033694856312, 'Half last + market': -0.9123859630664326, 'Market bias correction': -1.8247719261328652}",Last actual,0.0,1,2023-06-30,{},Warm-up: fewer than four completed tests,False,-3.0,2023-10-18,Pre-release
0,Baby / Feminine / Family volume,2023-12-31,2024-01-22,"{'Last actual': -3.0, 'Four-quarter mean': -3.25, 'Recent two mean': -1.5, 'Prior-year quarter': -6.0, 'Market level': -1.9372612884945715, 'Anchored market change': -2.959929675601991, 'Half last + market': -2.468630644247286, 'Market bias correction': -1.9372612884945715}",Last actual,-3.0,2,2023-09-30,{},Warm-up: fewer than four completed tests,False,-2.0,2024-01-23,Pre-release
0,Baby / Feminine / Family volume,2024-03-31,2024-04-18,"{'Last actual': -2.0, 'Four-quarter mean': -2.25, 'Recent two mean': -2.5, 'Prior-year quarter': -4.0, 'Market level': -1.9620474542005142, 'Anchored market change': -2.7284897208455847, 'Half last + market': -1.981023727100257, 'Market bias correction': -1.9620474542005142}",Last actual,-2.0,3,2023-12-31,{},Warm-up: fewer than four completed tests,False,-3.0,2024-04-19,Pre-release
0,Baby / Feminine / Family volume,2024-06-30,2024-07-29,"{'Last actual': -3.0, 'Four-quarter mean': -2.0, 'Recent two mean': -2.5, 'Prior-year quarter': 0.0, 'Market level': -2.0143770448392844, 'Anchored market change': -2.93726799379093, 'Half last + market': -2.507188522419642, 'Market bias correction': -2.0369645548443214}",Market level,-2.0143770448392844,4,2024-03-31,"{'Last actual': 2.25, 'Four-quarter mean': 1.375, 'Recent two mean': 1.75, 'Prior-year quarter': 1.25, 'Market level': 1.0927846455759502, 'Anchored market change': 2.226215888524466, 'Half last + market': 1.6557076449116181, 'Market bias correction': 1.0927846455759502}",Challenger beats simple benchmark by >10%,True,-1.0,2024-07-30,Pre-release
0,Baby / Feminine / Family volume,2024-09-30,2024-10-17,"{'Last actual': -1.0, 'Four-quarter mean': -2.25, 'Recent two mean': -2.0, 'Prior-year quarter': -3.0, 'Market level': -1.8619377972414963, 'Anchored market change': -0.7645898101776832, 'Half last + market': -1.430968898620748, 'Market bias correction': -2.019630583033092}",Market level,-1.8619377972414963,5,2024-06-30,"{'Last actual': 2.2, 'Four-quarter mean': 1.3, 'Recent two mean': 1.7, 'Prior-year quarter': 1.2, 'Market level': 1.077103125428617, 'Anchored market change': 2.1684263095777587, 'Half last + market': 1.6260038204132228, 'Market bias correction': 1.0816206274296245}",Challenger beats simple benchmark by >10%,True,-1.0,2024-10-18,Pre-release
0,Baby / Feminine / Family volume,2024-12-31,2025-01-21,"{'Last actual': -1.0, 'Four-quarter mean': -1.75, 'Recent two mean': -1.0, 'Prior-year quarter': -2.0, 'Market level': -1.8023055066317553, 'Anchored market change': -1.032709785109048, 'Half last + market': -1.4011527533158776, 'Market bias correction': -1.705352558534772}",Market level,-1.8023055066317553,6,2024-09-30,"{'Last actual': 1.8333333333333333, 'Four-quarter mean': 1.2916666666666667, 'Recent two mean': 1.5833333333333333, 'Prior-year quarter': 1.3333333333333333, 'Market level': 1.0412422373974302, 'Anchored market change': 1.846256956285185, 'Half last + market': 1.4268313334478104, 'Market bias correction': 1.0712889533635357}",Challenger beats simple benchmark by >10%,True,4.0,2025-01-22,Pre-release
0,Baby / Feminine / Family volume,2025-03-31,2025-04-23,"{'Last actual': 4.0, 'Four-quarter mean': -0.25, 'Recent two mean': 1.5, 'Prior-year quarter': -3.0, 'Market level': -1.4021623042685762, 'Anchored market change': 4.379205535889506, 'Half last + market': 1.2989188478657119, 'Market bias correction': -0.572078828904445}",Market level,-1.4021623042685762,7,2024-12-31,"{'Last actual': 2.2857142857142856, 'Four-quarter mean': 1.9285714285714286, 'Recent two mean': 2.0714285714285716, 'Prior-year quarter': 2.0, 'Market level': 1.721394133002334, 'Anchored market change': 2.3014645032600227, 'Half last + market': 1.9945915362861057, 'Market bias correction': 1.7332980398165694}",Challenger beats simple benchmark by >10%,True,-2.0,2025-04-24,Pre-release
0,Baby / Feminine / Family volume,2025-06-30,2025-07-28,"{'Last actual': -2.0, 'Four-quarter mean': 0.0, 'Recent two mean': 1.0, 'Prior-year quarter': -1.0, 'Market level': -1.413148028456753, 'Anchored market change': -2.0001427298587013, 'Half last + market': -1.7065740142283765, 'Market bias correction': -0.5280501968341139}",Market level,-1.413148028456753,8,2025-03-31,"{'Last actual': 2.75, 'Four-quarter mean': 1.90625, 'Recent two mean': 2.25, 'Prior-year quarter': 1.875, 'Market level': 1.5809495783434702, 'Anchored market change': 2.811182132338708, 'Half last + market': 2.1576324502335567, 'Market bias correction': 1.6951259312264426}",Challenger beats simple benchmark by >10%,True,0.0,2025-07-29,Pre-release
0,Baby / Feminine / Family volume,2025-09-30,2025-10-23,"{'Last actual': 0.0, 'Four-quarter mean': 0.25, 'Recent two mean': -1.0, 'Prior-year quarter': -1.0, 'Market level': -1.3026930744795668, 'Anchored market change': 0.06360466484385731, 'Half last + market': -0.6513465372397834, 'Market bias correction': -0.3677488699047442}",Four-quarter mean,0.25,8,2025-06-30,"{'Last actual': 2.5, 'Four-quarter mean': 1.5, 'Recent two mean': 1.75, 'Prior-year quarter': 2.0, 'Market level': 1.4956906755090953, 'Anchored market change': 2.5725974448390674, 'Half last + market': 1.990002998816369, 'Market bias correction': 1.4992297994392378}",Keep lower-error simple benchmark,True,0.0,2025-10-24,Pre-release
0,Baby / Feminine / Family volume,2025-12-31,2026-01-21,"{'Last actual': 0.0, 'Four-quarter mean': 0.5, 'Recent two mean': 0.0, 'Prior-year quarter': 4.0, 'Market level': -0.012125748278006832, 'Anchored market change': 0.003181924491622454, 'Half last + market': -0.006062874139003416, 'Market bias correction': 0.9779128659515747}",Four-quarter mean,0.5,8,2025-09-30,"{'Last actual': 2.125, 'Four-quarter mean': 1.5, 'Recent two mean': 1.75, 'Prior-year quarter': 2.125, 'Market level': 1.5116238005856493, 'Anchored market change': 2.109972606758846, 'Half last + market': 1.810469561354646, 'Market bias correction': 1.398294898943939}",Keep lower-error simple benchmark,True,-5.0,2026-01-22,Pre-release
0,Baby / Feminine / Family volume,2026-03-31,2026-04-23,"{'Last actual': -5.0, 'Four-quarter mean': -1.75, 'Recent two mean': -2.5, 'Prior-year quarter': -2.0, 'Market level': -1.6560184643891118, 'Anchored market change': -6.20019448618171, 'Half last + market': -3.328009232194556, 'Market bias correction': -2.014752319953749}",Four-quarter mean,-1.75,8,2025-12-31,"{'Last actual': 2.625, 'Four-quarter mean': 2.03125, 'Recent two mean': 2.3125, 'Prior-year quarter': 2.75, 'Market level': 2.1272657431127198, 'Anchored market change': 2.6153791378700495, 'Half last + market': 2.37613287155636, 'Market bias correction': 2.1376916682497074}",Keep lower-error simple benchmark,True,,,Pre-release
1,Beauty organic sales,2023-06-30,2023-07-27,"{'Last actual': 7.0, 'Four-quarter mean': 3.5, 'Recent two mean': 5.0, 'Prior-year quarter': 0.0, 'Market level': 3.976359325176576, 'Anchored market change': 7.0365219357056406, 'Half last + market': 5.488179662588288, 'Market bias correction': 3.976359325176576}",Last actual,7.0,0,,{},Warm-up: fewer than four completed tests,False,11.0,2023-07-28,Pre-release
1,Beauty organic sales,2023-09-30,2023-10-17,"{'Last actual': 11.0, 'Four-quarter mean': 6.25, 'Recent two mean': 9.0, 'Prior-year quarter': 4.0, 'Market level': 4.860913990359522, 'Anchored market change': 10.810001985522149, 'Half last + market': 7.930456995179761, 'Market bias correction': 4.860913990359522}",Last actual,11.0,1,2023-06-30,{},Warm-up: fewer than four completed tests,False,5.0,2023-10-18,Pre-release
1,Beauty organic sales,2023-12-31,2024-01-22,"{'Last actual': 5.0, 'Four-quarter mean': 6.5, 'Recent two mean': 8.0, 'Prior-year quarter': 3.0, 'Market level': 5.386995939613458, 'Anchored market change': 6.570083554223997, 'Half last + market': 5.193497969806729, 'Market bias correction': 5.386995939613458}",Last actual,5.0,2,2023-09-30,{},Warm-up: fewer than four completed tests,False,1.0,2024-01-23,Pre-release
1,Beauty organic sales,2024-03-31,2024-04-18,"{'Last actual': 1.0, 'Four-quarter mean': 6.0, 'Recent two mean': 3.0, 'Prior-year quarter': 7.0, 'Market level': 3.4720924812404004, 'Anchored market change': -2.469212556550403, 'Half last + market': 2.2360462406202, 'Market bias correction': 3.4720924812404004}",Last actual,1.0,3,2023-12-31,{},Warm-up: fewer than four completed tests,False,3.0,2024-04-19,Pre-release
1,Beauty organic sales,2024-06-30,2024-07-29,"{'Last actual': 3.0, 'Four-quarter mean': 5.0, 'Recent two mean': 2.0, 'Prior-year quarter': 11.0, 'Market level': 3.0986496663646004, 'Anchored market change': 1.870934290962378, 'Half last + market': 3.0493248331823004, 'Market bias correction': 3.386604449315856}",Market level,3.0986496663646004,4,2024-03-31,"{'Last actual': 4.0, 'Four-quarter mean': 4.3125, 'Recent two mean': 4.25, 'Prior-year quarter': 4.5, 'Market level': 3.00545377632944, 'Anchored market change': 5.203194040147727, 'Half last + market': 3.3499322654445005, 'Market bias correction': 3.00545377632944}",Challenger beats simple benchmark by >10%,True,3.0,2024-07-30,Pre-release
1,Beauty organic sales,2024-09-30,2024-10-17,"{'Last actual': 3.0, 'Four-quarter mean': 3.0, 'Recent two mean': 3.0, 'Prior-year quarter': 5.0, 'Market level': 3.550909557634802, 'Anchored market change': 4.299890936357011, 'Half last + market': 3.275454778817401, 'Market bias correction': 2.9485780479375547}",Market level,3.550909557634802,5,2024-06-30,"{'Last actual': 3.2, 'Four-quarter mean': 3.85, 'Recent two mean': 3.6, 'Prior-year quarter': 5.2, 'Market level': 2.424092954336472, 'Anchored market change': 4.388368373925706, 'Half last + market': 2.6898107789920607, 'Market bias correction': 2.4816839109267232}",Challenger beats simple benchmark by >10%,True,-2.0,2024-10-18,Pre-release
1,Beauty organic sales,2024-12-31,2025-01-21,"{'Last actual': -2.0, 'Four-quarter mean': 1.25, 'Recent two mean': 0.5, 'Prior-year quarter': 1.0, 'Market level': 2.845822070089468, 'Anchored market change': -3.0378565582661836, 'Half last + market': 0.42291103504473404, 'Market bias correction': 1.5322411144828105}",Market bias correction,1.5322411144828105,6,2024-09-30,"{'Last actual': 3.5, 'Four-quarter mean': 4.041666666666667, 'Recent two mean': 3.8333333333333335, 'Prior-year quarter': 5.5, 'Market level': 2.9452290548861937, 'Anchored market change': 4.706955467664256, 'Half last + market': 3.1207514456296175, 'Market bias correction': 2.892832933761862}",Challenger beats simple benchmark by >10%,True,2.0,2025-01-22,Pre-release
1,Beauty organic sales,2025-03-31,2025-04-23,"{'Last actual': 2.0, 'Four-quarter mean': 1.5, 'Recent two mean': 0.0, 'Prior-year quarter': 3.0, 'Market level': 3.5363997315021862, 'Anchored market change': 3.705175459183473, 'Half last + market': 2.768199865751093, 'Market bias correction': 2.6654655095860273}",Market bias correction,2.6654655095860273,7,2024-12-31,"{'Last actual': 3.5714285714285716, 'Four-quarter mean': 3.5714285714285716, 'Recent two mean': 3.5, 'Prior-year quarter': 4.857142857142857, 'Market level': 2.645313771343804, 'Anchored market change': 4.754227052035961, 'Half last + market': 2.90022823410471, 'Market bias correction': 2.546393784012623}",Challenger beats simple benchmark by >10%,True,2.0,2025-04-24,Pre-release
1,Beauty organic sales,2025-06-30,2025-07-28,"{'Last actual': 2.0, 'Four-quarter mean': 1.25, 'Recent two mean': 2.0, 'Prior-year quarter': 3.0, 'Market level': 3.8062947278423986, 'Anchored market change': 2.212750020746359, 'Half last + market': 2.9031473639211995, 'Market bias correction': 2.8023220996435168}",Market bias correction,2.8023220996435168,8,2025-03-31,"{'Last actual': 3.125, 'Four-quarter mean': 3.1875, 'Recent two mean': 3.3125, 'Prior-year quarter': 4.375, 'Market level': 2.506699516363602, 'Anchored market change': 4.3730956029294, 'Half last + market': 2.633724688060508, 'Market bias correction': 2.3112777497092982}",Challenger beats simple benchmark by >10%,True,1.0,2025-07-29,Pre-release
1,Beauty organic sales,2025-09-30,2025-10-23,"{'Last actual': 1.0, 'Four-quarter mean': 0.75, 'Recent two mean': 1.5, 'Prior-year quarter': -2.0, 'Market level': 3.2545191737167074, 'Anchored market change': 1.4703548462055127, 'Half last + market': 2.1272595868583535, 'Market bias correction': 1.9120909128331005}",Market bias correction,1.9120909128331005,8,2025-06-30,"{'Last actual': 2.75, 'Four-quarter mean': 2.28125, 'Recent two mean': 2.6875, 'Prior-year quarter': 3.25, 'Market level': 1.979531272990974, 'Anchored market change': 4.0292545974859, 'Half last + market': 2.182640566374194, 'Market bias correction': 1.65861292781181}",Challenger beats simple benchmark by >10%,True,6.0,2025-10-24,Pre-release
1,Beauty organic sales,2025-12-31,2026-01-21,"{'Last actual': 6.0, 'Four-quarter mean': 2.75, 'Recent two mean': 3.5, 'Prior-year quarter': 2.0, 'Market level': 3.450815705394759, 'Anchored market change': 6.016788799069986, 'Half last + market': 4.72540785269738, 'Market bias correction': 3.145436242500914}",Market bias correction,3.145436242500914,8,2025-09-30,"{'Last actual': 2.625, 'Four-quarter mean': 2.78125, 'Recent two mean': 2.75, 'Prior-year quarter': 4.125, 'Market level': 2.305330625071326, 'Anchored market change': 3.869209993519942, 'Half last + market': 2.3004259936194296, 'Market bias correction': 2.1522158125026127}",Challenger beats simple benchmark by >10%,True,4.0,2026-01-22,Pre-release
1,Beauty organic sales,2026-03-31,2026-04-23,"{'Last actual': 4.0, 'Four-quarter mean': 3.25, 'Recent two mean': 5.0, 'Prior-year quarter': 2.0, 'Market level': 2.8910374136602592, 'Anchored market change': 4.385570486035357, 'Half last + market': 3.4455187068301294, 'Market bias correction': 2.760033746353253}",Market bias correction,2.760033746353253,8,2025-12-31,"{'Last actual': 2.375, 'Four-quarter mean': 2.25, 'Recent two mean': 1.9375, 'Prior-year quarter': 4.125, 'Market level': 1.8256041694452987, 'Anchored market change': 3.4250481491256903, 'Half last + market': 1.8669147289807608, 'Market bias correction': 1.7106617897383163}",Challenger beats simple benchmark by >10%,True,,,Pre-release
2,Beauty volume,2023-06-30,2023-07-27,"{'Last actual': 0.0, 'Four-quarter mean': -1.75, 'Recent two mean': -2.0, 'Prior-year quarter': -2.0, 'Market level': -1.2234691093568366, 'Anchored market change': 0.14651804094636006, 'Half last + market': -0.6117345546784183, 'Market bias correction': -1.2234691093568366}",Last actual,0.0,0,,{},Warm-up: fewer than four completed tests,False,-1.0,2023-07-28,Pre-release
2,Beauty volume,2023-09-30,2023-10-17,"{'Last actual': -1.0, 'Four-quarter mean': -1.5, 'Recent two mean': -0.5, 'Prior-year quarter': -1.0, 'Market level': -1.0778389571106808, 'Anchored market change': -0.6241312595295372, 'Half last + market': -1.0389194785553404, 'Market bias correction': -1.0778389571106808}",Last actual,-1.0,1,2023-06-30,{},Warm-up: fewer than four completed tests,False,0.0,2023-10-18,Pre-release
2,Beauty volume,2023-12-31,2024-01-22,"{'Last actual': 0.0, 'Four-quarter mean': -1.25, 'Recent two mean': -0.5, 'Prior-year quarter': -4.0, 'Market level': -0.9190940551348855, 'Anchored market change': 0.020130336539450816, 'Half last + market': -0.45954702756744276, 'Market bias correction': -0.9190940551348855}",Last actual,0.0,2,2023-09-30,{},Warm-up: fewer than four completed tests,False,-1.0,2024-01-23,Pre-release
2,Beauty volume,2024-03-31,2024-04-18,"{'Last actual': -1.0, 'Four-quarter mean': -0.5, 'Recent two mean': -0.5, 'Prior-year quarter': 0.0, 'Market level': -0.9684200435039112, 'Anchored market change': -1.2101893036106668, 'Half last + market': -0.9842100217519556, 'Market bias correction': -0.9684200435039112}",Last actual,-1.0,3,2023-12-31,{},Warm-up: fewer than four completed tests,False,1.0,2024-04-19,Pre-release
2,Beauty volume,2024-06-30,2024-07-29,"{'Last actual': 1.0, 'Four-quarter mean': -0.25, 'Recent two mean': 0.0, 'Prior-year quarter': -1.0, 'Market level': -0.7118759120134448, 'Anchored market change': 1.099466913498952, 'Half last + market': 0.1440620439932776, 'Market bias correction': -0.31327314137515555}",Market level,-0.7118759120134448,4,2024-03-31,"{'Last actual': 1.25, 'Four-quarter mean': 1.0, 'Recent two mean': 0.875, 'Prior-year quarter': 1.5, 'Market level': 0.8376585137091358, 'Anchored market change': 1.2502422351565037, 'Half last + market': 0.9879619795153587, 'Market bias correction': 0.8376585137091358}",Challenger beats simple benchmark by >10%,True,1.0,2024-07-30,Pre-release
2,Beauty volume,2024-09-30,2024-10-17,"{'Last actual': 1.0, 'Four-quarter mean': 0.25, 'Recent two mean': 1.0, 'Prior-year quarter': 0.0, 'Market level': -0.44978484617976305, 'Anchored market change': 1.2600031693278932, 'Half last + market': 0.27510757691011845, 'Market bias correction': 0.13486877479060227}",Last actual,1.0,5,2024-06-30,"{'Last actual': 1.0, 'Four-quarter mean': 1.05, 'Recent two mean': 0.9, 'Prior-year quarter': 1.6, 'Market level': 1.0125019933699977, 'Anchored market change': 1.0200871708249934, 'Half last + market': 0.9615571748136315, 'Market bias correction': 0.9327814392423397}",Keep lower-error simple benchmark,True,0.0,2024-10-18,Pre-release
2,Beauty volume,2024-12-31,2025-01-21,"{'Last actual': 0.0, 'Four-quarter mean': 0.25, 'Recent two mean': 0.5, 'Prior-year quarter': -1.0, 'Market level': -0.4178992409272991, 'Anchored market change': -0.030601534195445357, 'Half last + market': -0.20894962046364954, 'Market bias correction': 0.08824761617670146}",Market bias correction,0.08824761617670146,6,2024-09-30,"{'Last actual': 1.0, 'Four-quarter mean': 0.9166666666666666, 'Recent two mean': 0.9166666666666666, 'Prior-year quarter': 1.3333333333333333, 'Market level': 0.9187158021716252, 'Anchored market change': 1.0600731705754767, 'Half last + market': 0.8471489084963792, 'Market bias correction': 0.7997959951670501}",Challenger beats simple benchmark by >10%,True,0.0,2025-01-22,Pre-release
2,Beauty volume,2025-03-31,2025-04-23,"{'Last actual': 0.0, 'Four-quarter mean': 0.5, 'Recent two mean': 0.0, 'Prior-year quarter': 1.0, 'Market level': -0.3227785155613184, 'Anchored market change': 0.06508778120282856, 'Half last + market': -0.1613892577806592, 'Market bias correction': 0.2457189897667339}",Market bias correction,0.2457189897667339,7,2024-12-31,"{'Last actual': 0.8571428571428571, 'Four-quarter mean': 0.8214285714285714, 'Recent two mean': 0.8571428571428571, 'Prior-year quarter': 1.2857142857142858, 'Market level': 0.8471705791367214, 'Anchored market change': 0.9130057939497579, 'Half last + market': 0.7559775816345607, 'Market bias correction': 0.6981462267398575}",Challenger beats simple benchmark by >10%,True,1.0,2025-04-24,Pre-release
2,Beauty volume,2025-06-30,2025-07-28,"{'Last actual': 1.0, 'Four-quarter mean': 0.5, 'Recent two mean': 0.5, 'Prior-year quarter': 1.0, 'Market level': -0.18017662978155613, 'Anchored market change': 0.9937038451904041, 'Half last + market': 0.40991168510922193, 'Market bias correction': 0.30761568455367205}",Four-quarter mean,0.5,8,2025-03-31,"{'Last actual': 0.875, 'Four-quarter mean': 0.78125, 'Recent two mean': 0.875, 'Prior-year quarter': 1.125, 'Market level': 0.906621571189796, 'Anchored market change': 0.9157440970556846, 'Half last + market': 0.8066540411528231, 'Market bias correction': 0.7051630746765336}",Keep lower-error simple benchmark,True,1.0,2025-07-29,Pre-release
2,Beauty volume,2025-09-30,2025-10-23,"{'Last actual': 1.0, 'Four-quarter mean': 0.5, 'Recent two mean': 1.0, 'Prior-year quarter': 0.0, 'Market level': -0.0505128583215827, 'Anchored market change': 1.0115530458668995, 'Half last + market': 0.47474357083920865, 'Market bias correction': 0.3708170457346594}",Last actual,1.0,8,2025-06-30,"{'Last actual': 0.75, 'Four-quarter mean': 0.75, 'Recent two mean': 0.8125, 'Prior-year quarter': 1.0, 'Market level': 1.026210011242886, 'Anchored market change': 0.7732163612885892, 'Half last + market': 0.8318818998489727, 'Market bias correction': 0.76377747543772}",Keep lower-error simple benchmark,True,4.0,2025-10-24,Pre-release
2,Beauty volume,2025-12-31,2026-01-21,"{'Last actual': 4.0, 'Four-quarter mean': 1.5, 'Recent two mean': 2.5, 'Prior-year quarter': 0.0, 'Market level': 0.8081982546863322, 'Anchored market change': 4.001667043585905, 'Half last + market': 2.404099127343166, 'Market bias correction': 1.6796191602603017}",Last actual,4.0,8,2025-09-30,"{'Last actual': 1.0, 'Four-quarter mean': 1.0, 'Recent two mean': 1.125, 'Prior-year quarter': 1.375, 'Market level': 1.3977942488942487, 'Anchored market change': 1.0687558231140346, 'Half last + market': 1.142674018674654, 'Market bias correction': 1.0826954750820525}",Keep lower-error simple benchmark,True,3.0,2026-01-22,Pre-release
2,Beauty volume,2026-03-31,2026-04-23,"{'Last actual': 3.0, 'Four-quarter mean': 2.25, 'Recent two mean': 3.5, 'Prior-year quarter': 1.0, 'Market level': -0.09962231084616785, 'Anchored market change': 3.025638097605333, 'Half last + market': 1.450188844576916, 'Market bias correction': 0.9935364077760978}",Last actual,3.0,8,2025-12-31,"{'Last actual': 1.0, 'Four-quarter mean': 1.15625, 'Recent two mean': 1.125, 'Prior-year quarter': 1.375, 'Market level': 1.6616562239503179, 'Anchored market change': 1.0664479114948413, 'Half last + market': 1.1496050062026886, 'Market bias correction': 1.2376298369413754}",Keep lower-error simple benchmark,True,,,Pre-release
3,Beauty pricing,2023-06-30,2023-07-27,"{'Last actual': 8.0, 'Four-quarter mean': 7.5, 'Recent two mean': 8.5, 'Prior-year quarter': 6.0, 'Market level': 8.709499355557536, 'Anchored market change': 8.297770107121627, 'Half last + market': 8.354749677778768, 'Market bias correction': 8.709499355557536}",Last actual,8.0,0,,{},Warm-up: fewer than four completed tests,False,8.0,2023-07-28,Pre-release
3,Beauty pricing,2023-09-30,2023-10-17,"{'Last actual': 8.0, 'Four-quarter mean': 8.0, 'Recent two mean': 8.0, 'Prior-year quarter': 7.0, 'Market level': 6.892045267272614, 'Anchored market change': 6.42261192477317, 'Half last + market': 7.446022633636307, 'Market bias correction': 6.892045267272614}",Last actual,8.0,1,2023-06-30,{},Warm-up: fewer than four completed tests,False,7.0,2023-10-18,Pre-release
3,Beauty pricing,2023-12-31,2024-01-22,"{'Last actual': 7.0, 'Four-quarter mean': 8.0, 'Recent two mean': 7.5, 'Prior-year quarter': 9.0, 'Market level': 6.002023248618926, 'Anchored market change': 6.199626610489048, 'Half last + market': 6.501011624309463, 'Market bias correction': 6.002023248618926}",Last actual,7.0,2,2023-09-30,{},Warm-up: fewer than four completed tests,False,4.0,2024-01-23,Pre-release
3,Beauty pricing,2024-03-31,2024-04-18,"{'Last actual': 4.0, 'Four-quarter mean': 6.75, 'Recent two mean': 5.5, 'Prior-year quarter': 8.0, 'Market level': 4.824815202669985, 'Anchored market change': 3.2393049649476557, 'Half last + market': 4.412407601334992, 'Market bias correction': 4.824815202669985}",Last actual,4.0,3,2023-12-31,{},Warm-up: fewer than four completed tests,False,4.0,2024-04-19,Pre-release
3,Beauty pricing,2024-06-30,2024-07-29,"{'Last actual': 4.0, 'Four-quarter mean': 5.75, 'Recent two mean': 4.0, 'Prior-year quarter': 8.0, 'Market level': 3.8417971867908474, 'Anchored market change': 3.1503885101251323, 'Half last + market': 3.9208985933954237, 'Market bias correction': 3.4132493025259647}",Last actual,4.0,4,2024-03-31,"{'Last actual': 1.0, 'Four-quarter mean': 2.0625, 'Recent two mean': 1.625, 'Prior-year quarter': 2.75, 'Market level': 0.9110731348934582, 'Anchored market change': 0.9588699569724624, 'Half last + market': 0.9285478842648827, 'Market bias correction': 0.9110731348934582}",Keep lower-error simple benchmark,True,3.0,2024-07-30,Pre-release
3,Beauty pricing,2024-09-30,2024-10-17,"{'Last actual': 3.0, 'Four-quarter mean': 4.5, 'Recent two mean': 3.5, 'Prior-year quarter': 7.0, 'Market level': 2.9816066133580374, 'Anchored market change': 1.9857222604589355, 'Half last + market': 2.9908033066790187, 'Market bias correction': 2.536521500188991}",Anchored market change,1.9857222604589355,5,2024-06-30,"{'Last actual': 1.0, 'Four-quarter mean': 2.2, 'Recent two mean': 1.5, 'Prior-year quarter': 3.2, 'Market level': 0.8972179452729361, 'Anchored market change': 0.7971736676029963, 'Half last + market': 0.9270180260909908, 'Market bias correction': 0.8115083684199595}",Challenger beats simple benchmark by >10%,True,1.0,2024-10-18,Pre-release
3,Beauty pricing,2024-12-31,2025-01-21,"{'Last actual': 1.0, 'Four-quarter mean': 3.0, 'Recent two mean': 2.0, 'Prior-year quarter': 4.0, 'Market level': 2.6091014555482253, 'Anchored market change': 0.8237802493996416, 'Half last + market': 1.8045507277741126, 'Market bias correction': 1.9028211741185008}",Anchored market change,0.8237802493996416,6,2024-09-30,"{'Last actual': 1.1666666666666667, 'Four-quarter mean': 2.4166666666666665, 'Recent two mean': 1.6666666666666667, 'Prior-year quarter': 3.6666666666666665, 'Market level': 1.0779493899537862, 'Anchored market change': 0.8285984330789862, 'Half last + market': 1.1043155728556622, 'Market bias correction': 0.9323438903814648}",Challenger beats simple benchmark by >10%,True,2.0,2025-01-22,Pre-release
3,Beauty pricing,2025-03-31,2025-04-23,"{'Last actual': 2.0, 'Four-quarter mean': 2.5, 'Recent two mean': 1.5, 'Prior-year quarter': 4.0, 'Market level': 2.629364724790161, 'Anchored market change': 2.103270367258477, 'Half last + market': 2.3146823623950805, 'Market bias correction': 2.097199667494274}",Market bias correction,2.097199667494274,7,2024-12-31,"{'Last actual': 1.1428571428571428, 'Four-quarter mean': 2.2142857142857144, 'Recent two mean': 1.4285714285714286, 'Prior-year quarter': 3.4285714285714284, 'Market level': 1.0109711136101347, 'Anchored market change': 0.8782586212963251, 'Half last + market': 0.9744775299085515, 'Market bias correction': 0.8130345954528982}",Challenger beats simple benchmark by >10%,True,3.0,2025-04-24,Pre-release
3,Beauty pricing,2025-06-30,2025-07-28,"{'Last actual': 3.0, 'Four-quarter mean': 2.25, 'Recent two mean': 2.5, 'Prior-year quarter': 3.0, 'Market level': 3.1529776649663055, 'Anchored market change': 3.5224769816915336, 'Half last + market': 3.076488832483153, 'Market bias correction': 2.7702439174053968}",Market bias correction,2.7702439174053968,8,2025-03-31,"{'Last actual': 1.125, 'Four-quarter mean': 2.0, 'Recent two mean': 1.4375, 'Prior-year quarter': 3.125, 'Market level': 0.9309291338100978, 'Anchored market change': 0.8805674977269748, 'Half last + market': 0.9383325433705975, 'Market bias correction': 0.8242553125845018}",Challenger beats simple benchmark by >10%,True,1.0,2025-07-29,Pre-release
3,Beauty pricing,2025-09-30,2025-10-23,"{'Last actual': 1.0, 'Four-quarter mean': 1.75, 'Recent two mean': 2.0, 'Prior-year quarter': 1.0, 'Market level': 3.2763542336254323, 'Anchored market change': 1.3133294643025462, 'Half last + market': 2.138177116812716, 'Market bias correction': 2.7297229262925913}",Market bias correction,2.7297229262925913,8,2025-06-30,"{'Last actual': 1.375, 'Four-quarter mean': 2.09375, 'Recent two mean': 1.5625, 'Prior-year quarter': 3.125, 'Market level': 1.111363922486194, 'Anchored market change': 1.158655857048213, 'Half last + market': 1.1535499377086456, 'Market bias correction': 0.9568483828154843}",Challenger beats simple benchmark by >10%,True,2.0,2025-10-24,Pre-release
3,Beauty pricing,2026-03-31,2026-04-23,"{'Last actual': 2.0, 'Four-quarter mean': 2.0, 'Recent two mean': 2.0, 'Prior-year quarter': 3.0, 'Market level': 4.521218960208058, 'Anchored market change': 2.9636736742889154, 'Half last + market': 3.260609480104029, 'Market bias correction': 4.062744200341792}",Market bias correction,4.062744200341792,8,2025-09-30,"{'Last actual': 1.375, 'Four-quarter mean': 2.0, 'Recent two mean': 1.4375, 'Prior-year quarter': 3.25, 'Market level': 1.2574138600984497, 'Anchored market change': 1.172316164607041, 'Half last + market': 1.1150692481056967, 'Market bias correction': 1.0345694070111349}",Challenger beats simple benchmark by >10%,True,,,Pre-release
4,Fabric & Home volume,2023-06-30,2023-07-27,"{'Last actual': -5.0, 'Four-quarter mean': -4.25, 'Recent two mean': -6.0, 'Prior-year quarter': -1.0, 'Market level': -1.6148210851557177, 'Anchored market change': -4.650676104404621, 'Half last + market': -3.307410542577859, 'Market bias correction': -1.6148210851557177}",Last actual,-5.0,0,,{},Warm-up: fewer than four completed tests,False,-2.0,2023-07-28,Pre-release
4,Fabric & Home volume,2023-09-30,2023-10-17,"{'Last actual': -2.0, 'Four-quarter mean': -4.5, 'Recent two mean': -3.5, 'Prior-year quarter': -4.0, 'Market level': -1.5115853378374218, 'Anchored market change': -0.3780934646463532, 'Half last + market': -1.7557926689187109, 'Market bias correction': -1.5115853378374218}",Last actual,-2.0,1,2023-06-30,{},Warm-up: fewer than four completed tests,False,0.0,2023-10-18,Pre-release
4,Fabric & Home volume,2023-12-31,2024-01-22,"{'Last actual': 0.0, 'Four-quarter mean': -3.5, 'Recent two mean': -1.0, 'Prior-year quarter': -7.0, 'Market level': -1.2463375746074887, 'Anchored market change': 0.0968542808400364, 'Half last + market': -0.6231687873037444, 'Market bias correction': -1.2463375746074887}",Last actual,0.0,2,2023-09-30,{},Warm-up: fewer than four completed tests,False,1.0,2024-01-23,Pre-release
4,Fabric & Home volume,2024-03-31,2024-04-18,"{'Last actual': 1.0, 'Four-quarter mean': -1.5, 'Recent two mean': 0.5, 'Prior-year quarter': -5.0, 'Market level': -1.1361645888857579, 'Anchored market change': -0.5288914784904477, 'Half last + market': -0.06808229444287894, 'Market bias correction': -1.1361645888857579}",Last actual,1.0,3,2023-12-31,{},Warm-up: fewer than four completed tests,False,1.0,2024-04-19,Pre-release
4,Fabric & Home volume,2024-06-30,2024-07-29,"{'Last actual': 1.0, 'Four-quarter mean': 0.0, 'Recent two mean': 1.0, 'Prior-year quarter': -2.0, 'Market level': -0.7443140582282405, 'Anchored market change': 1.287015801158245, 'Half last + market': 0.12784297088587976, 'Market bias correction': -0.05570048491744217}",Last actual,1.0,4,2024-03-31,"{'Last actual': 1.5, 'Four-quarter mean': 3.4375, 'Recent two mean': 2.5, 'Prior-year quarter': 4.75, 'Market level': 1.5698166040437376, 'Anchored market change': 1.3652016916753462, 'Half last + market': 1.4386135733107983, 'Market bias correction': 1.5698166040437376}",Keep lower-error simple benchmark,True,3.0,2024-07-30,Pre-release
4,Fabric & Home volume,2024-09-30,2024-10-17,"{'Last actual': 3.0, 'Four-quarter mean': 1.25, 'Recent two mean': 2.0, 'Prior-year quarter': 0.0, 'Market level': -0.11554772025798465, 'Anchored market change': 3.7713714017533673, 'Half last + market': 1.4422261398710077, 'Market bias correction': 1.089252474686879}",Anchored market change,3.7713714017533673,5,2024-06-30,"{'Last actual': 1.6, 'Four-quarter mean': 3.35, 'Recent two mean': 2.4, 'Prior-year quarter': 4.8, 'Market level': 2.004716094880638, 'Anchored market change': 1.434758193108628, 'Half last + market': 1.7253222644714628, 'Market bias correction': 1.8669933802184786}",Challenger beats simple benchmark by >10%,True,1.0,2024-10-18,Pre-release
4,Fabric & Home volume,2024-12-31,2025-01-21,"{'Last actual': 1.0, 'Four-quarter mean': 1.5, 'Recent two mean': 2.0, 'Prior-year quarter': 1.0, 'Market level': -0.036500630557793956, 'Anchored market change': 0.9128713366659458, 'Half last + market': 0.481749684721103, 'Market bias correction': 1.11879486218964}",Last actual,1.0,6,2024-09-30,"{'Last actual': 1.6666666666666667, 'Four-quarter mean': 2.8333333333333335, 'Recent two mean': 2.1666666666666665, 'Prior-year quarter': 4.166666666666667, 'Market level': 1.8565213657768627, 'Anchored market change': 1.6575270612160846, 'Half last + market': 1.5114729103713869, 'Market bias correction': 1.5707032292965453}",Keep lower-error simple benchmark,True,2.0,2025-01-22,Pre-release
4,Fabric & Home volume,2025-03-31,2025-04-23,"{'Last actual': 2.0, 'Four-quarter mean': 1.75, 'Recent two mean': 1.5, 'Prior-year quarter': 1.0, 'Market level': 0.26061277543627304, 'Anchored market change': 2.9325238308640227, 'Half last + market': 1.1303063877181365, 'Market bias correction': 1.3896786501774951}",Last actual,2.0,7,2024-12-31,"{'Last actual': 1.5714285714285714, 'Four-quarter mean': 2.5, 'Recent two mean': 1.8571428571428572, 'Prior-year quarter': 3.7142857142857144, 'Market level': 1.8822326893169956, 'Anchored market change': 1.576041575804366, 'Half last + market': 1.5124411110724596, 'Market bias correction': 1.472203501941376}",Keep lower-error simple benchmark,True,0.0,2025-04-24,Pre-release
4,Fabric & Home volume,2025-06-30,2025-07-28,"{'Last actual': 0.0, 'Four-quarter mean': 1.5, 'Recent two mean': 1.0, 'Prior-year quarter': 3.0, 'Market level': 0.4027567159697676, 'Anchored market change': -0.015123724808179431, 'Half last + market': 0.2013783579848838, 'Market bias correction': 1.2322254201707359}",Market bias correction,1.2322254201707359,8,2025-03-31,"{'Last actual': 1.625, 'Four-quarter mean': 2.40625, 'Recent two mean': 1.8125, 'Prior-year quarter': 3.375, 'Market level': 1.6795302000819055, 'Anchored market change': 1.745601857686823, 'Half last + market': 1.4646742706531692, 'Market bias correction': 1.461887895470891}",Challenger beats simple benchmark by >10%,True,0.0,2025-07-29,Pre-release
4,Fabric & Home volume,2025-09-30,2025-10-23,"{'Last actual': 0.0, 'Four-quarter mean': 0.75, 'Recent two mean': 0.0, 'Prior-year quarter': 1.0, 'Market level': 0.5390946832161896, 'Anchored market change': -0.008633911914530704, 'Half last + market': 0.2695473416080948, 'Market bias correction': 0.8501795406424069}",Last actual,0.0,8,2025-06-30,"{'Last actual': 1.25, 'Four-quarter mean': 2.3125, 'Recent two mean': 1.4375, 'Prior-year quarter': 3.625, 'Market level': 1.6817274252225909, 'Anchored market change': 1.4161578102372678, 'Half last + market': 1.3264202475790474, 'Market bias correction': 1.5677687086366976}",Keep lower-error simple benchmark,True,-2.0,2025-10-24,Pre-release
4,Fabric & Home volume,2025-12-31,2026-01-21,"{'Last actual': -2.0, 'Four-quarter mean': 0.0, 'Recent two mean': -1.0, 'Prior-year quarter': 2.0, 'Market level': 1.536628735919038, 'Anchored market change': -2.0030703975438127, 'Half last + market': -0.23168563204048098, 'Market bias correction': 1.3908832929109836}",Last actual,-2.0,8,2025-09-30,"{'Last actual': 1.25, 'Four-quarter mean': 2.09375, 'Recent two mean': 1.25, 'Prior-year quarter': 3.5, 'Market level': 1.810166093394937, 'Anchored market change': 1.6178168881671573, 'Half last + market': 1.3906395816652204, 'Market bias correction': 1.7350929839873208}",Keep lower-error simple benchmark,True,0.0,2026-01-22,Pre-release
4,Fabric & Home volume,2026-03-31,2026-04-23,"{'Last actual': 0.0, 'Four-quarter mean': -0.5, 'Recent two mean': -1.0, 'Prior-year quarter': 0.0, 'Market level': -0.6593634731123956, 'Anchored market change': 0.6652772342076146, 'Half last + market': -0.3296817365561978, 'Market bias correction': -1.2517500869300542}",Recent two mean,-1.0,8,2025-12-31,"{'Last actual': 1.375, 'Four-quarter mean': 1.53125, 'Recent two mean': 1.125, 'Prior-year quarter': 2.75, 'Market level': 1.7214524885588807, 'Anchored market change': 1.7553074729651386, 'Half last + market': 1.2167041872573126, 'Market bias correction': 1.6281611987752576}",Challenger beats simple benchmark by >10%,True,,,Pre-release
5,Health Care pricing,2023-06-30,2023-07-27,"{'Last actual': 6.0, 'Four-quarter mean': 5.5, 'Recent two mean': 5.5, 'Prior-year quarter': 5.0, 'Market level': 6.2089272415804775, 'Anchored market change': 6.182401700005588, 'Half last + market': 6.104463620790239, 'Market bias correction': 6.2089272415804775}",Last actual,6.0,0,,{},Warm-up: fewer than four completed tests,False,6.0,2023-07-28,Pre-release
5,Health Care pricing,2023-09-30,2023-10-17,"{'Last actual': 6.0, 'Four-quarter mean': 5.75, 'Recent two mean': 6.0, 'Prior-year quarter': 6.0, 'Market level': 5.092493955026185, 'Anchored market change': 5.053391822613175, 'Half last + market': 5.546246977513093, 'Market bias correction': 5.092493955026185}",Last actual,6.0,1,2023-06-30,{},Warm-up: fewer than four completed tests,False,6.0,2023-10-18,Pre-release
5,Health Care pricing,2023-12-31,2024-01-22,"{'Last actual': 6.0, 'Four-quarter mean': 5.75, 'Recent two mean': 6.0, 'Prior-year quarter': 5.0, 'Market level': 4.3240786124414425, 'Anchored market change': 5.273930932607511, 'Half last + market': 5.162039306220722, 'Market bias correction': 4.3240786124414425}",Last actual,6.0,2,2023-09-30,{},Warm-up: fewer than four completed tests,False,5.0,2024-01-23,Pre-release
5,Health Care pricing,2024-03-31,2024-04-18,"{'Last actual': 5.0, 'Four-quarter mean': 5.75, 'Recent two mean': 5.5, 'Prior-year quarter': 6.0, 'Market level': 3.9807533744599177, 'Anchored market change': 4.781401035600918, 'Half last + market': 4.490376687229959, 'Market bias correction': 3.9807533744599177}",Last actual,5.0,3,2023-12-31,{},Warm-up: fewer than four completed tests,False,4.0,2024-04-19,Pre-release
5,Health Care pricing,2024-06-30,2024-07-29,"{'Last actual': 4.0, 'Four-quarter mean': 5.25, 'Recent two mean': 4.5, 'Prior-year quarter': 6.0, 'Market level': 2.5880506328365325, 'Anchored market change': 3.4428016703073823, 'Half last + market': 3.2940253164182662, 'Market bias correction': 2.7622689848980295}",Half last + market,3.2940253164182662,4,2024-03-31,"{'Last actual': 0.5, 'Four-quarter mean': 0.8125, 'Recent two mean': 0.75, 'Prior-year quarter': 0.75, 'Market level': 0.45290032491323295, 'Anchored market change': 0.5460854614002104, 'Half last + market': 0.3026581591819566, 'Market bias correction': 0.45290032491323295}",Challenger beats simple benchmark by >10%,True,2.0,2024-07-30,Pre-release
5,Health Care pricing,2024-09-30,2024-10-17,"{'Last actual': 2.0, 'Four-quarter mean': 4.25, 'Recent two mean': 3.0, 'Prior-year quarter': 6.0, 'Market level': 1.6213288455239176, 'Anchored market change': 1.2026505058588257, 'Half last + market': 1.8106644227619588, 'Market bias correction': 1.7481567736784078}",Market level,1.6213288455239176,5,2024-06-30,"{'Last actual': 0.8, 'Four-quarter mean': 1.3, 'Recent two mean': 1.1, 'Prior-year quarter': 1.4, 'Market level': 0.4799303864978929, 'Anchored market change': 0.7254287031816448, 'Half last + market': 0.5009315906292185, 'Market bias correction': 0.5147740569101923}",Challenger beats simple benchmark by >10%,True,1.0,2024-10-18,Pre-release
5,Health Care pricing,2024-12-31,2025-01-21,"{'Last actual': 1.0, 'Four-quarter mean': 3.0, 'Recent two mean': 1.5, 'Prior-year quarter': 5.0, 'Market level': 1.519877090492578, 'Anchored market change': 0.9776720893749837, 'Half last + market': 1.259938545246289, 'Market bias correction': 1.4556006573348517}",Market level,1.519877090492578,6,2024-09-30,"{'Last actual': 0.8333333333333334, 'Four-quarter mean': 1.625, 'Recent two mean': 1.25, 'Prior-year quarter': 2.0, 'Market level': 0.5034967963355637, 'Anchored market change': 0.6382990036278416, 'Half last + market': 0.5525537293180086, 'Market bias correction': 0.5536711763715615}",Challenger beats simple benchmark by >10%,True,1.0,2025-01-22,Pre-release
5,Health Care pricing,2025-03-31,2025-04-23,"{'Last actual': 1.0, 'Four-quarter mean': 2.0, 'Recent two mean': 1.0, 'Prior-year quarter': 4.0, 'Market level': 1.3839034888275215, 'Anchored market change': 0.9148355840243854, 'Half last + market': 1.1919517444137608, 'Market bias correction': 1.1701522459134033}",Market level,1.3839034888275215,7,2024-12-31,"{'Last actual': 0.7142857142857143, 'Four-quarter mean': 1.6785714285714286, 'Recent two mean': 1.1428571428571428, 'Prior-year quarter': 2.2857142857142856, 'Market level': 0.5058368383579943, 'Anchored market change': 0.5503031331988666, 'Half last + market': 0.5107515601649057, 'Market bias correction': 0.5396611022234601}",Challenger beats simple benchmark by >10%,True,1.0,2025-04-24,Pre-release
5,Health Care pricing,2025-06-30,2025-07-28,"{'Last actual': 1.0, 'Four-quarter mean': 1.25, 'Recent two mean': 1.0, 'Prior-year quarter': 2.0, 'Market level': 1.5441608735148367, 'Anchored market change': 1.227842385288107, 'Half last + market': 1.2720804367574183, 'Market bias correction': 1.280015866304768}",Half last + market,1.2720804367574183,8,2025-03-31,"{'Last actual': 0.625, 'Four-quarter mean': 1.59375, 'Recent two mean': 1.0, 'Prior-year quarter': 2.375, 'Market level': 0.49059516966668515, 'Anchored market change': 0.4921607935459601, 'Half last + market': 0.47090158319601266, 'Market bias correction': 0.49347249518470304}",Challenger beats simple benchmark by >10%,True,1.0,2025-07-29,Pre-release
5,Health Care pricing,2025-09-30,2025-10-23,"{'Last actual': 1.0, 'Four-quarter mean': 1.0, 'Recent two mean': 1.0, 'Prior-year quarter': 1.0, 'Market level': 1.6840190364075156, 'Anchored market change': 1.2453645714679702, 'Half last + market': 1.3420095182037577, 'Market bias correction': 1.425360249112659}",Half last + market,1.3420095182037577,8,2025-06-30,"{'Last actual': 0.625, 'Four-quarter mean': 1.5625, 'Recent two mean': 0.9375, 'Prior-year quarter': 2.375, 'Market level': 0.5324993736584801, 'Anchored market change': 0.49784087920627496, 'Half last + market': 0.4918536851919101, 'Market bias correction': 0.5023585732752394}",Challenger beats simple benchmark by >10%,True,1.0,2025-10-24,Pre-release
5,Health Care pricing,2026-03-31,2026-04-23,"{'Last actual': 1.0, 'Four-quarter mean': 1.0, 'Recent two mean': 1.0, 'Prior-year quarter': 1.0, 'Market level': 2.52996356604286, 'Anchored market change': 1.9441170598736566, 'Half last + market': 1.76498178302143, 'Market bias correction': 2.2634685048875536}",Anchored market change,1.9441170598736566,8,2025-09-30,"{'Last actual': 0.625, 'Four-quarter mean': 1.53125, 'Recent two mean': 0.9375, 'Prior-year quarter': 2.375, 'Market level': 0.5045634975876927, 'Anchored market change': 0.41018542846641814, 'Half last + market': 0.47788574715651644, 'Market bias correction': 0.4420903487925949}",Challenger beats simple benchmark by >10%,True,,,Pre-release
